ISO-10303-21;
HEADER;
FILE_DESCRIPTION(('KiCad electronic assembly'),'2;1');
FILE_NAME('uq_phone_cellular.step','2026-07-17T12:23:37',('Pcbnew'),(
    'Kicad'),'Open CASCADE STEP processor 7.9','KiCad to STEP converter'
  ,'Unknown');
FILE_SCHEMA(('AUTOMOTIVE_DESIGN { 1 0 10303 214 1 1 1 1 }'));
ENDSEC;
DATA;
#1 = APPLICATION_PROTOCOL_DEFINITION('international standard',
  'automotive_design',2000,#2);
#2 = APPLICATION_CONTEXT(
  'core data for automotive mechanical design processes');
#3 = SHAPE_DEFINITION_REPRESENTATION(#4,#10);
#4 = PRODUCT_DEFINITION_SHAPE('','',#5);
#5 = PRODUCT_DEFINITION('design','',#6,#9);
#6 = PRODUCT_DEFINITION_FORMATION('','',#7);
#7 = PRODUCT('uq_phone_cellular 1','uq_phone_cellular 1','',(#8));
#8 = PRODUCT_CONTEXT('',#2,'mechanical');
#9 = PRODUCT_DEFINITION_CONTEXT('part definition',#2,'design');
#10 = SHAPE_REPRESENTATION('',(#11,#15,#19,#23,#27,#31,#35,#39,#43,#47,
    #51,#55,#59,#63,#67),#71);
#11 = AXIS2_PLACEMENT_3D('',#12,#13,#14);
#12 = CARTESIAN_POINT('',(0.,0.,0.));
#13 = DIRECTION('',(0.,0.,1.));
#14 = DIRECTION('',(1.,0.,-0.));
#15 = AXIS2_PLACEMENT_3D('',#16,#17,#18);
#16 = CARTESIAN_POINT('',(10.839999,-4.1725,0.5982));
#17 = DIRECTION('',(0.,0.,1.));
#18 = DIRECTION('',(1.,0.,0.));
#19 = AXIS2_PLACEMENT_3D('',#20,#21,#22);
#20 = CARTESIAN_POINT('',(-19.980001,7.,0.5982));
#21 = DIRECTION('',(0.,0.,1.));
#22 = DIRECTION('',(-1.,1.224646799147E-16,0.));
#23 = AXIS2_PLACEMENT_3D('',#24,#25,#26);
#24 = CARTESIAN_POINT('',(-19.400001,-2.14,0.5982));
#25 = DIRECTION('',(0.,0.,1.));
#26 = DIRECTION('',(-1.,1.224646799147E-16,0.));
#27 = AXIS2_PLACEMENT_3D('',#28,#29,#30);
#28 = CARTESIAN_POINT('',(-19.980001,5.E-02,0.5982));
#29 = DIRECTION('',(0.,0.,1.));
#30 = DIRECTION('',(-1.,1.224646799147E-16,0.));
#31 = AXIS2_PLACEMENT_3D('',#32,#33,#34);
#32 = CARTESIAN_POINT('',(-19.980001,4.7,0.5982));
#33 = DIRECTION('',(0.,0.,1.));
#34 = DIRECTION('',(-1.,1.224646799147E-16,0.));
#35 = AXIS2_PLACEMENT_3D('',#36,#37,#38);
#36 = CARTESIAN_POINT('',(-19.180001,-4.6025,0.5982));
#37 = DIRECTION('',(0.,0.,1.));
#38 = DIRECTION('',(-1.,1.224646799147E-16,0.));
#39 = AXIS2_PLACEMENT_3D('',#40,#41,#42);
#40 = CARTESIAN_POINT('',(10.839999,-7.0525,0.5982));
#41 = DIRECTION('',(0.,0.,1.));
#42 = DIRECTION('',(1.,0.,0.));
#43 = AXIS2_PLACEMENT_3D('',#44,#45,#46);
#44 = CARTESIAN_POINT('',(-19.180001,-3.6525,0.5982));
#45 = DIRECTION('',(0.,0.,1.));
#46 = DIRECTION('',(-1.,1.224646799147E-16,0.));
#47 = AXIS2_PLACEMENT_3D('',#48,#49,#50);
#48 = CARTESIAN_POINT('',(-19.980001,2.4,0.5982));
#49 = DIRECTION('',(0.,0.,1.));
#50 = DIRECTION('',(-1.,1.224646799147E-16,0.));
#51 = AXIS2_PLACEMENT_3D('',#52,#53,#54);
#52 = CARTESIAN_POINT('',(10.839999,-5.1225,0.5982));
#53 = DIRECTION('',(0.,0.,1.));
#54 = DIRECTION('',(1.,0.,0.));
#55 = AXIS2_PLACEMENT_3D('',#56,#57,#58);
#56 = CARTESIAN_POINT('',(-19.290001,-5.4325,0.5982));
#57 = DIRECTION('',(0.,0.,1.));
#58 = DIRECTION('',(-1.,1.224646799147E-16,0.));
#59 = AXIS2_PLACEMENT_3D('',#60,#61,#62);
#60 = CARTESIAN_POINT('',(-19.290001,-6.1525,0.5982));
#61 = DIRECTION('',(0.,0.,1.));
#62 = DIRECTION('',(-1.,1.224646799147E-16,0.));
#63 = AXIS2_PLACEMENT_3D('',#64,#65,#66);
#64 = CARTESIAN_POINT('',(10.849999,-6.0925,0.5982));
#65 = DIRECTION('',(0.,0.,1.));
#66 = DIRECTION('',(1.,0.,0.));
#67 = AXIS2_PLACEMENT_3D('',#68,#69,#70);
#68 = CARTESIAN_POINT('',(0.,0.,0.));
#69 = DIRECTION('',(0.,0.,1.));
#70 = DIRECTION('',(1.,0.,-0.));
#71 = ( GEOMETRIC_REPRESENTATION_CONTEXT(3) 
GLOBAL_UNCERTAINTY_ASSIGNED_CONTEXT((#75)) GLOBAL_UNIT_ASSIGNED_CONTEXT(
(#72,#73,#74)) REPRESENTATION_CONTEXT('Context #1',
  '3D Context with UNIT and UNCERTAINTY') );
#72 = ( LENGTH_UNIT() NAMED_UNIT(*) SI_UNIT(.MILLI.,.METRE.) );
#73 = ( NAMED_UNIT(*) PLANE_ANGLE_UNIT() SI_UNIT($,.RADIAN.) );
#74 = ( NAMED_UNIT(*) SI_UNIT($,.STERADIAN.) SOLID_ANGLE_UNIT() );
#75 = UNCERTAINTY_MEASURE_WITH_UNIT(LENGTH_MEASURE(1.E-07),#72,
  'distance_accuracy_value','confusion accuracy');
#76 = PRODUCT_RELATED_PRODUCT_CATEGORY('part',$,(#7));
#77 = SHAPE_DEFINITION_REPRESENTATION(#78,#84);
#78 = PRODUCT_DEFINITION_SHAPE('','',#79);
#79 = PRODUCT_DEFINITION('design','',#80,#83);
#80 = PRODUCT_DEFINITION_FORMATION('','',#81);
#81 = PRODUCT('R_0402_1005Metric','R_0402_1005Metric','',(#82));
#82 = PRODUCT_CONTEXT('',#2,'mechanical');
#83 = PRODUCT_DEFINITION_CONTEXT('part definition',#2,'design');
#84 = ADVANCED_BREP_SHAPE_REPRESENTATION('',(#11,#85),#875);
#85 = MANIFOLD_SOLID_BREP('',#86);
#86 = CLOSED_SHELL('',(#87,#127,#210,#235,#260,#327,#344,#361,#410,#427,
    #444,#493,#510,#579,#610,#634,#703,#727,#744,#761,#778,#795,#812,
    #829,#846,#863));
#87 = ADVANCED_FACE('',(#88),#122,.F.);
#88 = FACE_BOUND('',#89,.F.);
#89 = EDGE_LOOP('',(#90,#100,#108,#116));
#90 = ORIENTED_EDGE('',*,*,#91,.F.);
#91 = EDGE_CURVE('',#92,#94,#96,.T.);
#92 = VERTEX_POINT('',#93);
#93 = CARTESIAN_POINT('',(-0.5,-0.25,3.5E-02));
#94 = VERTEX_POINT('',#95);
#95 = CARTESIAN_POINT('',(-0.5,-0.25,0.315));
#96 = LINE('',#97,#98);
#97 = CARTESIAN_POINT('',(-0.5,-0.25,0.));
#98 = VECTOR('',#99,1.);
#99 = DIRECTION('',(0.,0.,1.));
#100 = ORIENTED_EDGE('',*,*,#101,.T.);
#101 = EDGE_CURVE('',#92,#102,#104,.T.);
#102 = VERTEX_POINT('',#103);
#103 = CARTESIAN_POINT('',(-0.5,0.25,3.5E-02));
#104 = LINE('',#105,#106);
#105 = CARTESIAN_POINT('',(-0.5,-0.25,3.5E-02));
#106 = VECTOR('',#107,1.);
#107 = DIRECTION('',(0.,1.,0.));
#108 = ORIENTED_EDGE('',*,*,#109,.T.);
#109 = EDGE_CURVE('',#102,#110,#112,.T.);
#110 = VERTEX_POINT('',#111);
#111 = CARTESIAN_POINT('',(-0.5,0.25,0.315));
#112 = LINE('',#113,#114);
#113 = CARTESIAN_POINT('',(-0.5,0.25,0.));
#114 = VECTOR('',#115,1.);
#115 = DIRECTION('',(0.,0.,1.));
#116 = ORIENTED_EDGE('',*,*,#117,.F.);
#117 = EDGE_CURVE('',#94,#110,#118,.T.);
#118 = LINE('',#119,#120);
#119 = CARTESIAN_POINT('',(-0.5,-0.25,0.315));
#120 = VECTOR('',#121,1.);
#121 = DIRECTION('',(0.,1.,0.));
#122 = PLANE('',#123);
#123 = AXIS2_PLACEMENT_3D('',#124,#125,#126);
#124 = CARTESIAN_POINT('',(-0.5,-0.25,0.));
#125 = DIRECTION('',(1.,0.,0.));
#126 = DIRECTION('',(0.,0.,1.));
#127 = ADVANCED_FACE('',(#128),#205,.F.);
#128 = FACE_BOUND('',#129,.F.);
#129 = EDGE_LOOP('',(#130,#140,#147,#148,#157,#165,#174,#182,#190,#198)
  );
#130 = ORIENTED_EDGE('',*,*,#131,.F.);
#131 = EDGE_CURVE('',#132,#134,#136,.T.);
#132 = VERTEX_POINT('',#133);
#133 = CARTESIAN_POINT('',(-0.465,-0.25,-2.775557561563E-17));
#134 = VERTEX_POINT('',#135);
#135 = CARTESIAN_POINT('',(-0.335,-0.25,-2.775557561563E-17));
#136 = LINE('',#137,#138);
#137 = CARTESIAN_POINT('',(-0.5,-0.25,0.));
#138 = VECTOR('',#139,1.);
#139 = DIRECTION('',(1.,0.,0.));
#140 = ORIENTED_EDGE('',*,*,#141,.F.);
#141 = EDGE_CURVE('',#92,#132,#142,.T.);
#142 = CIRCLE('',#143,3.5E-02);
#143 = AXIS2_PLACEMENT_3D('',#144,#145,#146);
#144 = CARTESIAN_POINT('',(-0.465,-0.25,3.5E-02));
#145 = DIRECTION('',(0.,-1.,0.));
#146 = DIRECTION('',(0.,0.,1.));
#147 = ORIENTED_EDGE('',*,*,#91,.T.);
#148 = ORIENTED_EDGE('',*,*,#149,.T.);
#149 = EDGE_CURVE('',#94,#150,#152,.T.);
#150 = VERTEX_POINT('',#151);
#151 = CARTESIAN_POINT('',(-0.465,-0.25,0.35));
#152 = CIRCLE('',#153,3.5E-02);
#153 = AXIS2_PLACEMENT_3D('',#154,#155,#156);
#154 = CARTESIAN_POINT('',(-0.465,-0.25,0.315));
#155 = DIRECTION('',(0.,1.,0.));
#156 = DIRECTION('',(0.,-0.,1.));
#157 = ORIENTED_EDGE('',*,*,#158,.T.);
#158 = EDGE_CURVE('',#150,#159,#161,.T.);
#159 = VERTEX_POINT('',#160);
#160 = CARTESIAN_POINT('',(-0.335,-0.25,0.35));
#161 = LINE('',#162,#163);
#162 = CARTESIAN_POINT('',(-0.5,-0.25,0.35));
#163 = VECTOR('',#164,1.);
#164 = DIRECTION('',(1.,0.,0.));
#165 = ORIENTED_EDGE('',*,*,#166,.F.);
#166 = EDGE_CURVE('',#167,#159,#169,.T.);
#167 = VERTEX_POINT('',#168);
#168 = CARTESIAN_POINT('',(-0.3,-0.25,0.315));
#169 = CIRCLE('',#170,3.5E-02);
#170 = AXIS2_PLACEMENT_3D('',#171,#172,#173);
#171 = CARTESIAN_POINT('',(-0.335,-0.25,0.315));
#172 = DIRECTION('',(0.,-1.,0.));
#173 = DIRECTION('',(0.,0.,1.));
#174 = ORIENTED_EDGE('',*,*,#175,.F.);
#175 = EDGE_CURVE('',#176,#167,#178,.T.);
#176 = VERTEX_POINT('',#177);
#177 = CARTESIAN_POINT('',(-0.465,-0.25,0.315));
#178 = LINE('',#179,#180);
#179 = CARTESIAN_POINT('',(-0.465,-0.25,0.315));
#180 = VECTOR('',#181,1.);
#181 = DIRECTION('',(1.,0.,0.));
#182 = ORIENTED_EDGE('',*,*,#183,.F.);
#183 = EDGE_CURVE('',#184,#176,#186,.T.);
#184 = VERTEX_POINT('',#185);
#185 = CARTESIAN_POINT('',(-0.465,-0.25,3.5E-02));
#186 = LINE('',#187,#188);
#187 = CARTESIAN_POINT('',(-0.465,-0.25,3.5E-02));
#188 = VECTOR('',#189,1.);
#189 = DIRECTION('',(0.,0.,1.));
#190 = ORIENTED_EDGE('',*,*,#191,.T.);
#191 = EDGE_CURVE('',#184,#192,#194,.T.);
#192 = VERTEX_POINT('',#193);
#193 = CARTESIAN_POINT('',(-0.3,-0.25,3.5E-02));
#194 = LINE('',#195,#196);
#195 = CARTESIAN_POINT('',(-0.465,-0.25,3.5E-02));
#196 = VECTOR('',#197,1.);
#197 = DIRECTION('',(1.,0.,0.));
#198 = ORIENTED_EDGE('',*,*,#199,.T.);
#199 = EDGE_CURVE('',#192,#134,#200,.T.);
#200 = CIRCLE('',#201,3.5E-02);
#201 = AXIS2_PLACEMENT_3D('',#202,#203,#204);
#202 = CARTESIAN_POINT('',(-0.335,-0.25,3.5E-02));
#203 = DIRECTION('',(0.,1.,0.));
#204 = DIRECTION('',(0.,-0.,1.));
#205 = PLANE('',#206);
#206 = AXIS2_PLACEMENT_3D('',#207,#208,#209);
#207 = CARTESIAN_POINT('',(-0.5,-0.25,0.));
#208 = DIRECTION('',(0.,1.,0.));
#209 = DIRECTION('',(0.,-0.,1.));
#210 = ADVANCED_FACE('',(#211),#230,.T.);
#211 = FACE_BOUND('',#212,.T.);
#212 = EDGE_LOOP('',(#213,#214,#223,#229));
#213 = ORIENTED_EDGE('',*,*,#101,.T.);
#214 = ORIENTED_EDGE('',*,*,#215,.T.);
#215 = EDGE_CURVE('',#102,#216,#218,.T.);
#216 = VERTEX_POINT('',#217);
#217 = CARTESIAN_POINT('',(-0.465,0.25,-2.775557561563E-17));
#218 = CIRCLE('',#219,3.5E-02);
#219 = AXIS2_PLACEMENT_3D('',#220,#221,#222);
#220 = CARTESIAN_POINT('',(-0.465,0.25,3.5E-02));
#221 = DIRECTION('',(0.,-1.,0.));
#222 = DIRECTION('',(0.,0.,1.));
#223 = ORIENTED_EDGE('',*,*,#224,.F.);
#224 = EDGE_CURVE('',#132,#216,#225,.T.);
#225 = LINE('',#226,#227);
#226 = CARTESIAN_POINT('',(-0.465,-0.25,-2.775557561563E-17));
#227 = VECTOR('',#228,1.);
#228 = DIRECTION('',(0.,1.,0.));
#229 = ORIENTED_EDGE('',*,*,#141,.F.);
#230 = CYLINDRICAL_SURFACE('',#231,3.5E-02);
#231 = AXIS2_PLACEMENT_3D('',#232,#233,#234);
#232 = CARTESIAN_POINT('',(-0.465,-0.25,3.5E-02));
#233 = DIRECTION('',(0.,1.,0.));
#234 = DIRECTION('',(-1.,0.,0.));
#235 = ADVANCED_FACE('',(#236),#255,.T.);
#236 = FACE_BOUND('',#237,.T.);
#237 = EDGE_LOOP('',(#238,#239,#247,#254));
#238 = ORIENTED_EDGE('',*,*,#149,.T.);
#239 = ORIENTED_EDGE('',*,*,#240,.T.);
#240 = EDGE_CURVE('',#150,#241,#243,.T.);
#241 = VERTEX_POINT('',#242);
#242 = CARTESIAN_POINT('',(-0.465,0.25,0.35));
#243 = LINE('',#244,#245);
#244 = CARTESIAN_POINT('',(-0.465,-0.25,0.35));
#245 = VECTOR('',#246,1.);
#246 = DIRECTION('',(0.,1.,0.));
#247 = ORIENTED_EDGE('',*,*,#248,.F.);
#248 = EDGE_CURVE('',#110,#241,#249,.T.);
#249 = CIRCLE('',#250,3.5E-02);
#250 = AXIS2_PLACEMENT_3D('',#251,#252,#253);
#251 = CARTESIAN_POINT('',(-0.465,0.25,0.315));
#252 = DIRECTION('',(0.,1.,0.));
#253 = DIRECTION('',(0.,-0.,1.));
#254 = ORIENTED_EDGE('',*,*,#117,.F.);
#255 = CYLINDRICAL_SURFACE('',#256,3.5E-02);
#256 = AXIS2_PLACEMENT_3D('',#257,#258,#259);
#257 = CARTESIAN_POINT('',(-0.465,-0.25,0.315));
#258 = DIRECTION('',(0.,1.,0.));
#259 = DIRECTION('',(-1.,0.,0.));
#260 = ADVANCED_FACE('',(#261),#322,.T.);
#261 = FACE_BOUND('',#262,.T.);
#262 = EDGE_LOOP('',(#263,#271,#272,#273,#274,#282,#291,#299,#307,#315)
  );
#263 = ORIENTED_EDGE('',*,*,#264,.F.);
#264 = EDGE_CURVE('',#216,#265,#267,.T.);
#265 = VERTEX_POINT('',#266);
#266 = CARTESIAN_POINT('',(-0.335,0.25,-2.775557561563E-17));
#267 = LINE('',#268,#269);
#268 = CARTESIAN_POINT('',(-0.5,0.25,0.));
#269 = VECTOR('',#270,1.);
#270 = DIRECTION('',(1.,0.,0.));
#271 = ORIENTED_EDGE('',*,*,#215,.F.);
#272 = ORIENTED_EDGE('',*,*,#109,.T.);
#273 = ORIENTED_EDGE('',*,*,#248,.T.);
#274 = ORIENTED_EDGE('',*,*,#275,.T.);
#275 = EDGE_CURVE('',#241,#276,#278,.T.);
#276 = VERTEX_POINT('',#277);
#277 = CARTESIAN_POINT('',(-0.335,0.25,0.35));
#278 = LINE('',#279,#280);
#279 = CARTESIAN_POINT('',(-0.5,0.25,0.35));
#280 = VECTOR('',#281,1.);
#281 = DIRECTION('',(1.,0.,0.));
#282 = ORIENTED_EDGE('',*,*,#283,.F.);
#283 = EDGE_CURVE('',#284,#276,#286,.T.);
#284 = VERTEX_POINT('',#285);
#285 = CARTESIAN_POINT('',(-0.3,0.25,0.315));
#286 = CIRCLE('',#287,3.5E-02);
#287 = AXIS2_PLACEMENT_3D('',#288,#289,#290);
#288 = CARTESIAN_POINT('',(-0.335,0.25,0.315));
#289 = DIRECTION('',(0.,-1.,0.));
#290 = DIRECTION('',(0.,0.,1.));
#291 = ORIENTED_EDGE('',*,*,#292,.F.);
#292 = EDGE_CURVE('',#293,#284,#295,.T.);
#293 = VERTEX_POINT('',#294);
#294 = CARTESIAN_POINT('',(-0.465,0.25,0.315));
#295 = LINE('',#296,#297);
#296 = CARTESIAN_POINT('',(-0.465,0.25,0.315));
#297 = VECTOR('',#298,1.);
#298 = DIRECTION('',(1.,0.,0.));
#299 = ORIENTED_EDGE('',*,*,#300,.F.);
#300 = EDGE_CURVE('',#301,#293,#303,.T.);
#301 = VERTEX_POINT('',#302);
#302 = CARTESIAN_POINT('',(-0.465,0.25,3.5E-02));
#303 = LINE('',#304,#305);
#304 = CARTESIAN_POINT('',(-0.465,0.25,3.5E-02));
#305 = VECTOR('',#306,1.);
#306 = DIRECTION('',(0.,0.,1.));
#307 = ORIENTED_EDGE('',*,*,#308,.T.);
#308 = EDGE_CURVE('',#301,#309,#311,.T.);
#309 = VERTEX_POINT('',#310);
#310 = CARTESIAN_POINT('',(-0.3,0.25,3.5E-02));
#311 = LINE('',#312,#313);
#312 = CARTESIAN_POINT('',(-0.465,0.25,3.5E-02));
#313 = VECTOR('',#314,1.);
#314 = DIRECTION('',(1.,0.,0.));
#315 = ORIENTED_EDGE('',*,*,#316,.T.);
#316 = EDGE_CURVE('',#309,#265,#317,.T.);
#317 = CIRCLE('',#318,3.5E-02);
#318 = AXIS2_PLACEMENT_3D('',#319,#320,#321);
#319 = CARTESIAN_POINT('',(-0.335,0.25,3.5E-02));
#320 = DIRECTION('',(0.,1.,0.));
#321 = DIRECTION('',(0.,-0.,1.));
#322 = PLANE('',#323);
#323 = AXIS2_PLACEMENT_3D('',#324,#325,#326);
#324 = CARTESIAN_POINT('',(-0.5,0.25,0.));
#325 = DIRECTION('',(0.,1.,0.));
#326 = DIRECTION('',(0.,-0.,1.));
#327 = ADVANCED_FACE('',(#328),#339,.F.);
#328 = FACE_BOUND('',#329,.F.);
#329 = EDGE_LOOP('',(#330,#331,#332,#333));
#330 = ORIENTED_EDGE('',*,*,#264,.F.);
#331 = ORIENTED_EDGE('',*,*,#224,.F.);
#332 = ORIENTED_EDGE('',*,*,#131,.T.);
#333 = ORIENTED_EDGE('',*,*,#334,.T.);
#334 = EDGE_CURVE('',#134,#265,#335,.T.);
#335 = LINE('',#336,#337);
#336 = CARTESIAN_POINT('',(-0.335,-0.25,-2.775557561563E-17));
#337 = VECTOR('',#338,1.);
#338 = DIRECTION('',(0.,1.,0.));
#339 = PLANE('',#340);
#340 = AXIS2_PLACEMENT_3D('',#341,#342,#343);
#341 = CARTESIAN_POINT('',(-0.5,-0.25,0.));
#342 = DIRECTION('',(0.,0.,1.));
#343 = DIRECTION('',(1.,0.,-0.));
#344 = ADVANCED_FACE('',(#345),#356,.T.);
#345 = FACE_BOUND('',#346,.T.);
#346 = EDGE_LOOP('',(#347,#348,#349,#350));
#347 = ORIENTED_EDGE('',*,*,#199,.T.);
#348 = ORIENTED_EDGE('',*,*,#334,.T.);
#349 = ORIENTED_EDGE('',*,*,#316,.F.);
#350 = ORIENTED_EDGE('',*,*,#351,.F.);
#351 = EDGE_CURVE('',#192,#309,#352,.T.);
#352 = LINE('',#353,#354);
#353 = CARTESIAN_POINT('',(-0.3,-0.25,3.5E-02));
#354 = VECTOR('',#355,1.);
#355 = DIRECTION('',(0.,1.,0.));
#356 = CYLINDRICAL_SURFACE('',#357,3.5E-02);
#357 = AXIS2_PLACEMENT_3D('',#358,#359,#360);
#358 = CARTESIAN_POINT('',(-0.335,-0.25,3.5E-02));
#359 = DIRECTION('',(0.,1.,0.));
#360 = DIRECTION('',(1.,0.,0.));
#361 = ADVANCED_FACE('',(#362),#405,.F.);
#362 = FACE_BOUND('',#363,.F.);
#363 = EDGE_LOOP('',(#364,#365,#366,#367,#375,#383,#391,#399));
#364 = ORIENTED_EDGE('',*,*,#191,.F.);
#365 = ORIENTED_EDGE('',*,*,#183,.T.);
#366 = ORIENTED_EDGE('',*,*,#175,.T.);
#367 = ORIENTED_EDGE('',*,*,#368,.T.);
#368 = EDGE_CURVE('',#167,#369,#371,.T.);
#369 = VERTEX_POINT('',#370);
#370 = CARTESIAN_POINT('',(0.3,-0.25,0.315));
#371 = LINE('',#372,#373);
#372 = CARTESIAN_POINT('',(-0.3,-0.25,0.315));
#373 = VECTOR('',#374,1.);
#374 = DIRECTION('',(1.,0.,0.));
#375 = ORIENTED_EDGE('',*,*,#376,.T.);
#376 = EDGE_CURVE('',#369,#377,#379,.T.);
#377 = VERTEX_POINT('',#378);
#378 = CARTESIAN_POINT('',(0.465,-0.25,0.315));
#379 = LINE('',#380,#381);
#380 = CARTESIAN_POINT('',(-0.465,-0.25,0.315));
#381 = VECTOR('',#382,1.);
#382 = DIRECTION('',(1.,0.,0.));
#383 = ORIENTED_EDGE('',*,*,#384,.F.);
#384 = EDGE_CURVE('',#385,#377,#387,.T.);
#385 = VERTEX_POINT('',#386);
#386 = CARTESIAN_POINT('',(0.465,-0.25,3.5E-02));
#387 = LINE('',#388,#389);
#388 = CARTESIAN_POINT('',(0.465,-0.25,3.5E-02));
#389 = VECTOR('',#390,1.);
#390 = DIRECTION('',(0.,0.,1.));
#391 = ORIENTED_EDGE('',*,*,#392,.F.);
#392 = EDGE_CURVE('',#393,#385,#395,.T.);
#393 = VERTEX_POINT('',#394);
#394 = CARTESIAN_POINT('',(0.3,-0.25,3.5E-02));
#395 = LINE('',#396,#397);
#396 = CARTESIAN_POINT('',(-0.465,-0.25,3.5E-02));
#397 = VECTOR('',#398,1.);
#398 = DIRECTION('',(1.,0.,0.));
#399 = ORIENTED_EDGE('',*,*,#400,.F.);
#400 = EDGE_CURVE('',#192,#393,#401,.T.);
#401 = LINE('',#402,#403);
#402 = CARTESIAN_POINT('',(-0.465,-0.25,3.5E-02));
#403 = VECTOR('',#404,1.);
#404 = DIRECTION('',(1.,0.,0.));
#405 = PLANE('',#406);
#406 = AXIS2_PLACEMENT_3D('',#407,#408,#409);
#407 = CARTESIAN_POINT('',(-0.465,-0.25,3.5E-02));
#408 = DIRECTION('',(0.,1.,0.));
#409 = DIRECTION('',(0.,-0.,1.));
#410 = ADVANCED_FACE('',(#411),#422,.T.);
#411 = FACE_BOUND('',#412,.T.);
#412 = EDGE_LOOP('',(#413,#414,#415,#416));
#413 = ORIENTED_EDGE('',*,*,#275,.F.);
#414 = ORIENTED_EDGE('',*,*,#240,.F.);
#415 = ORIENTED_EDGE('',*,*,#158,.T.);
#416 = ORIENTED_EDGE('',*,*,#417,.T.);
#417 = EDGE_CURVE('',#159,#276,#418,.T.);
#418 = LINE('',#419,#420);
#419 = CARTESIAN_POINT('',(-0.335,-0.25,0.35));
#420 = VECTOR('',#421,1.);
#421 = DIRECTION('',(0.,1.,0.));
#422 = PLANE('',#423);
#423 = AXIS2_PLACEMENT_3D('',#424,#425,#426);
#424 = CARTESIAN_POINT('',(-0.5,-0.25,0.35));
#425 = DIRECTION('',(0.,0.,1.));
#426 = DIRECTION('',(1.,0.,-0.));
#427 = ADVANCED_FACE('',(#428),#439,.T.);
#428 = FACE_BOUND('',#429,.T.);
#429 = EDGE_LOOP('',(#430,#436,#437,#438));
#430 = ORIENTED_EDGE('',*,*,#431,.T.);
#431 = EDGE_CURVE('',#167,#284,#432,.T.);
#432 = LINE('',#433,#434);
#433 = CARTESIAN_POINT('',(-0.3,-0.25,0.315));
#434 = VECTOR('',#435,1.);
#435 = DIRECTION('',(0.,1.,0.));
#436 = ORIENTED_EDGE('',*,*,#283,.T.);
#437 = ORIENTED_EDGE('',*,*,#417,.F.);
#438 = ORIENTED_EDGE('',*,*,#166,.F.);
#439 = CYLINDRICAL_SURFACE('',#440,3.5E-02);
#440 = AXIS2_PLACEMENT_3D('',#441,#442,#443);
#441 = CARTESIAN_POINT('',(-0.335,-0.25,0.315));
#442 = DIRECTION('',(0.,1.,0.));
#443 = DIRECTION('',(1.,0.,0.));
#444 = ADVANCED_FACE('',(#445),#488,.T.);
#445 = FACE_BOUND('',#446,.T.);
#446 = EDGE_LOOP('',(#447,#448,#449,#450,#458,#466,#474,#482));
#447 = ORIENTED_EDGE('',*,*,#308,.F.);
#448 = ORIENTED_EDGE('',*,*,#300,.T.);
#449 = ORIENTED_EDGE('',*,*,#292,.T.);
#450 = ORIENTED_EDGE('',*,*,#451,.T.);
#451 = EDGE_CURVE('',#284,#452,#454,.T.);
#452 = VERTEX_POINT('',#453);
#453 = CARTESIAN_POINT('',(0.3,0.25,0.315));
#454 = LINE('',#455,#456);
#455 = CARTESIAN_POINT('',(-0.3,0.25,0.315));
#456 = VECTOR('',#457,1.);
#457 = DIRECTION('',(1.,0.,0.));
#458 = ORIENTED_EDGE('',*,*,#459,.T.);
#459 = EDGE_CURVE('',#452,#460,#462,.T.);
#460 = VERTEX_POINT('',#461);
#461 = CARTESIAN_POINT('',(0.465,0.25,0.315));
#462 = LINE('',#463,#464);
#463 = CARTESIAN_POINT('',(-0.465,0.25,0.315));
#464 = VECTOR('',#465,1.);
#465 = DIRECTION('',(1.,0.,0.));
#466 = ORIENTED_EDGE('',*,*,#467,.F.);
#467 = EDGE_CURVE('',#468,#460,#470,.T.);
#468 = VERTEX_POINT('',#469);
#469 = CARTESIAN_POINT('',(0.465,0.25,3.5E-02));
#470 = LINE('',#471,#472);
#471 = CARTESIAN_POINT('',(0.465,0.25,3.5E-02));
#472 = VECTOR('',#473,1.);
#473 = DIRECTION('',(0.,0.,1.));
#474 = ORIENTED_EDGE('',*,*,#475,.F.);
#475 = EDGE_CURVE('',#476,#468,#478,.T.);
#476 = VERTEX_POINT('',#477);
#477 = CARTESIAN_POINT('',(0.3,0.25,3.5E-02));
#478 = LINE('',#479,#480);
#479 = CARTESIAN_POINT('',(-0.465,0.25,3.5E-02));
#480 = VECTOR('',#481,1.);
#481 = DIRECTION('',(1.,0.,0.));
#482 = ORIENTED_EDGE('',*,*,#483,.F.);
#483 = EDGE_CURVE('',#309,#476,#484,.T.);
#484 = LINE('',#485,#486);
#485 = CARTESIAN_POINT('',(-0.465,0.25,3.5E-02));
#486 = VECTOR('',#487,1.);
#487 = DIRECTION('',(1.,0.,0.));
#488 = PLANE('',#489);
#489 = AXIS2_PLACEMENT_3D('',#490,#491,#492);
#490 = CARTESIAN_POINT('',(-0.465,0.25,3.5E-02));
#491 = DIRECTION('',(0.,1.,0.));
#492 = DIRECTION('',(0.,-0.,1.));
#493 = ADVANCED_FACE('',(#494),#505,.F.);
#494 = FACE_BOUND('',#495,.F.);
#495 = EDGE_LOOP('',(#496,#497,#498,#504));
#496 = ORIENTED_EDGE('',*,*,#351,.F.);
#497 = ORIENTED_EDGE('',*,*,#400,.T.);
#498 = ORIENTED_EDGE('',*,*,#499,.T.);
#499 = EDGE_CURVE('',#393,#476,#500,.T.);
#500 = LINE('',#501,#502);
#501 = CARTESIAN_POINT('',(0.3,-0.25,3.5E-02));
#502 = VECTOR('',#503,1.);
#503 = DIRECTION('',(0.,1.,0.));
#504 = ORIENTED_EDGE('',*,*,#483,.F.);
#505 = PLANE('',#506);
#506 = AXIS2_PLACEMENT_3D('',#507,#508,#509);
#507 = CARTESIAN_POINT('',(-0.465,-0.25,3.5E-02));
#508 = DIRECTION('',(0.,0.,1.));
#509 = DIRECTION('',(1.,0.,-0.));
#510 = ADVANCED_FACE('',(#511),#574,.F.);
#511 = FACE_BOUND('',#512,.F.);
#512 = EDGE_LOOP('',(#513,#523,#530,#531,#532,#533,#542,#550,#559,#567)
  );
#513 = ORIENTED_EDGE('',*,*,#514,.F.);
#514 = EDGE_CURVE('',#515,#517,#519,.T.);
#515 = VERTEX_POINT('',#516);
#516 = CARTESIAN_POINT('',(0.335,-0.25,-2.775557561563E-17));
#517 = VERTEX_POINT('',#518);
#518 = CARTESIAN_POINT('',(0.465,-0.25,-2.775557561563E-17));
#519 = LINE('',#520,#521);
#520 = CARTESIAN_POINT('',(0.3,-0.25,0.));
#521 = VECTOR('',#522,1.);
#522 = DIRECTION('',(1.,0.,0.));
#523 = ORIENTED_EDGE('',*,*,#524,.F.);
#524 = EDGE_CURVE('',#393,#515,#525,.T.);
#525 = CIRCLE('',#526,3.5E-02);
#526 = AXIS2_PLACEMENT_3D('',#527,#528,#529);
#527 = CARTESIAN_POINT('',(0.335,-0.25,3.5E-02));
#528 = DIRECTION('',(0.,-1.,0.));
#529 = DIRECTION('',(0.,0.,1.));
#530 = ORIENTED_EDGE('',*,*,#392,.T.);
#531 = ORIENTED_EDGE('',*,*,#384,.T.);
#532 = ORIENTED_EDGE('',*,*,#376,.F.);
#533 = ORIENTED_EDGE('',*,*,#534,.T.);
#534 = EDGE_CURVE('',#369,#535,#537,.T.);
#535 = VERTEX_POINT('',#536);
#536 = CARTESIAN_POINT('',(0.335,-0.25,0.35));
#537 = CIRCLE('',#538,3.5E-02);
#538 = AXIS2_PLACEMENT_3D('',#539,#540,#541);
#539 = CARTESIAN_POINT('',(0.335,-0.25,0.315));
#540 = DIRECTION('',(0.,1.,0.));
#541 = DIRECTION('',(0.,-0.,1.));
#542 = ORIENTED_EDGE('',*,*,#543,.T.);
#543 = EDGE_CURVE('',#535,#544,#546,.T.);
#544 = VERTEX_POINT('',#545);
#545 = CARTESIAN_POINT('',(0.465,-0.25,0.35));
#546 = LINE('',#547,#548);
#547 = CARTESIAN_POINT('',(0.3,-0.25,0.35));
#548 = VECTOR('',#549,1.);
#549 = DIRECTION('',(1.,0.,0.));
#550 = ORIENTED_EDGE('',*,*,#551,.F.);
#551 = EDGE_CURVE('',#552,#544,#554,.T.);
#552 = VERTEX_POINT('',#553);
#553 = CARTESIAN_POINT('',(0.5,-0.25,0.315));
#554 = CIRCLE('',#555,3.5E-02);
#555 = AXIS2_PLACEMENT_3D('',#556,#557,#558);
#556 = CARTESIAN_POINT('',(0.465,-0.25,0.315));
#557 = DIRECTION('',(0.,-1.,0.));
#558 = DIRECTION('',(0.,0.,1.));
#559 = ORIENTED_EDGE('',*,*,#560,.F.);
#560 = EDGE_CURVE('',#561,#552,#563,.T.);
#561 = VERTEX_POINT('',#562);
#562 = CARTESIAN_POINT('',(0.5,-0.25,3.5E-02));
#563 = LINE('',#564,#565);
#564 = CARTESIAN_POINT('',(0.5,-0.25,0.));
#565 = VECTOR('',#566,1.);
#566 = DIRECTION('',(0.,0.,1.));
#567 = ORIENTED_EDGE('',*,*,#568,.T.);
#568 = EDGE_CURVE('',#561,#517,#569,.T.);
#569 = CIRCLE('',#570,3.5E-02);
#570 = AXIS2_PLACEMENT_3D('',#571,#572,#573);
#571 = CARTESIAN_POINT('',(0.465,-0.25,3.5E-02));
#572 = DIRECTION('',(0.,1.,0.));
#573 = DIRECTION('',(0.,-0.,1.));
#574 = PLANE('',#575);
#575 = AXIS2_PLACEMENT_3D('',#576,#577,#578);
#576 = CARTESIAN_POINT('',(0.3,-0.25,0.));
#577 = DIRECTION('',(0.,1.,0.));
#578 = DIRECTION('',(0.,-0.,1.));
#579 = ADVANCED_FACE('',(#580),#605,.F.);
#580 = FACE_BOUND('',#581,.F.);
#581 = EDGE_LOOP('',(#582,#583,#591,#599));
#582 = ORIENTED_EDGE('',*,*,#368,.F.);
#583 = ORIENTED_EDGE('',*,*,#584,.T.);
#584 = EDGE_CURVE('',#167,#585,#587,.T.);
#585 = VERTEX_POINT('',#586);
#586 = CARTESIAN_POINT('',(-0.3,-0.25,0.35));
#587 = LINE('',#588,#589);
#588 = CARTESIAN_POINT('',(-0.3,-0.25,0.315));
#589 = VECTOR('',#590,1.);
#590 = DIRECTION('',(0.,0.,1.));
#591 = ORIENTED_EDGE('',*,*,#592,.T.);
#592 = EDGE_CURVE('',#585,#593,#595,.T.);
#593 = VERTEX_POINT('',#594);
#594 = CARTESIAN_POINT('',(0.3,-0.25,0.35));
#595 = LINE('',#596,#597);
#596 = CARTESIAN_POINT('',(-0.3,-0.25,0.35));
#597 = VECTOR('',#598,1.);
#598 = DIRECTION('',(1.,0.,0.));
#599 = ORIENTED_EDGE('',*,*,#600,.F.);
#600 = EDGE_CURVE('',#369,#593,#601,.T.);
#601 = LINE('',#602,#603);
#602 = CARTESIAN_POINT('',(0.3,-0.25,0.315));
#603 = VECTOR('',#604,1.);
#604 = DIRECTION('',(0.,0.,1.));
#605 = PLANE('',#606);
#606 = AXIS2_PLACEMENT_3D('',#607,#608,#609);
#607 = CARTESIAN_POINT('',(-0.3,-0.25,0.315));
#608 = DIRECTION('',(0.,1.,0.));
#609 = DIRECTION('',(0.,-0.,1.));
#610 = ADVANCED_FACE('',(#611),#629,.F.);
#611 = FACE_BOUND('',#612,.F.);
#612 = EDGE_LOOP('',(#613,#614,#615,#623));
#613 = ORIENTED_EDGE('',*,*,#584,.F.);
#614 = ORIENTED_EDGE('',*,*,#431,.T.);
#615 = ORIENTED_EDGE('',*,*,#616,.T.);
#616 = EDGE_CURVE('',#284,#617,#619,.T.);
#617 = VERTEX_POINT('',#618);
#618 = CARTESIAN_POINT('',(-0.3,0.25,0.35));
#619 = LINE('',#620,#621);
#620 = CARTESIAN_POINT('',(-0.3,0.25,0.315));
#621 = VECTOR('',#622,1.);
#622 = DIRECTION('',(0.,0.,1.));
#623 = ORIENTED_EDGE('',*,*,#624,.F.);
#624 = EDGE_CURVE('',#585,#617,#625,.T.);
#625 = LINE('',#626,#627);
#626 = CARTESIAN_POINT('',(-0.3,-0.25,0.35));
#627 = VECTOR('',#628,1.);
#628 = DIRECTION('',(0.,1.,0.));
#629 = PLANE('',#630);
#630 = AXIS2_PLACEMENT_3D('',#631,#632,#633);
#631 = CARTESIAN_POINT('',(-0.3,-0.25,0.315));
#632 = DIRECTION('',(1.,0.,0.));
#633 = DIRECTION('',(0.,0.,1.));
#634 = ADVANCED_FACE('',(#635),#698,.T.);
#635 = FACE_BOUND('',#636,.T.);
#636 = EDGE_LOOP('',(#637,#647,#654,#655,#656,#657,#666,#674,#683,#691)
  );
#637 = ORIENTED_EDGE('',*,*,#638,.F.);
#638 = EDGE_CURVE('',#639,#641,#643,.T.);
#639 = VERTEX_POINT('',#640);
#640 = CARTESIAN_POINT('',(0.335,0.25,-2.775557561563E-17));
#641 = VERTEX_POINT('',#642);
#642 = CARTESIAN_POINT('',(0.465,0.25,-2.775557561563E-17));
#643 = LINE('',#644,#645);
#644 = CARTESIAN_POINT('',(0.3,0.25,0.));
#645 = VECTOR('',#646,1.);
#646 = DIRECTION('',(1.,0.,0.));
#647 = ORIENTED_EDGE('',*,*,#648,.F.);
#648 = EDGE_CURVE('',#476,#639,#649,.T.);
#649 = CIRCLE('',#650,3.5E-02);
#650 = AXIS2_PLACEMENT_3D('',#651,#652,#653);
#651 = CARTESIAN_POINT('',(0.335,0.25,3.5E-02));
#652 = DIRECTION('',(0.,-1.,0.));
#653 = DIRECTION('',(0.,0.,1.));
#654 = ORIENTED_EDGE('',*,*,#475,.T.);
#655 = ORIENTED_EDGE('',*,*,#467,.T.);
#656 = ORIENTED_EDGE('',*,*,#459,.F.);
#657 = ORIENTED_EDGE('',*,*,#658,.T.);
#658 = EDGE_CURVE('',#452,#659,#661,.T.);
#659 = VERTEX_POINT('',#660);
#660 = CARTESIAN_POINT('',(0.335,0.25,0.35));
#661 = CIRCLE('',#662,3.5E-02);
#662 = AXIS2_PLACEMENT_3D('',#663,#664,#665);
#663 = CARTESIAN_POINT('',(0.335,0.25,0.315));
#664 = DIRECTION('',(0.,1.,0.));
#665 = DIRECTION('',(0.,-0.,1.));
#666 = ORIENTED_EDGE('',*,*,#667,.T.);
#667 = EDGE_CURVE('',#659,#668,#670,.T.);
#668 = VERTEX_POINT('',#669);
#669 = CARTESIAN_POINT('',(0.465,0.25,0.35));
#670 = LINE('',#671,#672);
#671 = CARTESIAN_POINT('',(0.3,0.25,0.35));
#672 = VECTOR('',#673,1.);
#673 = DIRECTION('',(1.,0.,0.));
#674 = ORIENTED_EDGE('',*,*,#675,.F.);
#675 = EDGE_CURVE('',#676,#668,#678,.T.);
#676 = VERTEX_POINT('',#677);
#677 = CARTESIAN_POINT('',(0.5,0.25,0.315));
#678 = CIRCLE('',#679,3.5E-02);
#679 = AXIS2_PLACEMENT_3D('',#680,#681,#682);
#680 = CARTESIAN_POINT('',(0.465,0.25,0.315));
#681 = DIRECTION('',(0.,-1.,0.));
#682 = DIRECTION('',(0.,0.,1.));
#683 = ORIENTED_EDGE('',*,*,#684,.F.);
#684 = EDGE_CURVE('',#685,#676,#687,.T.);
#685 = VERTEX_POINT('',#686);
#686 = CARTESIAN_POINT('',(0.5,0.25,3.5E-02));
#687 = LINE('',#688,#689);
#688 = CARTESIAN_POINT('',(0.5,0.25,0.));
#689 = VECTOR('',#690,1.);
#690 = DIRECTION('',(0.,0.,1.));
#691 = ORIENTED_EDGE('',*,*,#692,.T.);
#692 = EDGE_CURVE('',#685,#641,#693,.T.);
#693 = CIRCLE('',#694,3.5E-02);
#694 = AXIS2_PLACEMENT_3D('',#695,#696,#697);
#695 = CARTESIAN_POINT('',(0.465,0.25,3.5E-02));
#696 = DIRECTION('',(0.,1.,0.));
#697 = DIRECTION('',(0.,-0.,1.));
#698 = PLANE('',#699);
#699 = AXIS2_PLACEMENT_3D('',#700,#701,#702);
#700 = CARTESIAN_POINT('',(0.3,0.25,0.));
#701 = DIRECTION('',(0.,1.,0.));
#702 = DIRECTION('',(0.,-0.,1.));
#703 = ADVANCED_FACE('',(#704),#722,.T.);
#704 = FACE_BOUND('',#705,.T.);
#705 = EDGE_LOOP('',(#706,#707,#708,#716));
#706 = ORIENTED_EDGE('',*,*,#451,.F.);
#707 = ORIENTED_EDGE('',*,*,#616,.T.);
#708 = ORIENTED_EDGE('',*,*,#709,.T.);
#709 = EDGE_CURVE('',#617,#710,#712,.T.);
#710 = VERTEX_POINT('',#711);
#711 = CARTESIAN_POINT('',(0.3,0.25,0.35));
#712 = LINE('',#713,#714);
#713 = CARTESIAN_POINT('',(-0.3,0.25,0.35));
#714 = VECTOR('',#715,1.);
#715 = DIRECTION('',(1.,0.,0.));
#716 = ORIENTED_EDGE('',*,*,#717,.F.);
#717 = EDGE_CURVE('',#452,#710,#718,.T.);
#718 = LINE('',#719,#720);
#719 = CARTESIAN_POINT('',(0.3,0.25,0.315));
#720 = VECTOR('',#721,1.);
#721 = DIRECTION('',(0.,0.,1.));
#722 = PLANE('',#723);
#723 = AXIS2_PLACEMENT_3D('',#724,#725,#726);
#724 = CARTESIAN_POINT('',(-0.3,0.25,0.315));
#725 = DIRECTION('',(0.,1.,0.));
#726 = DIRECTION('',(0.,-0.,1.));
#727 = ADVANCED_FACE('',(#728),#739,.T.);
#728 = FACE_BOUND('',#729,.T.);
#729 = EDGE_LOOP('',(#730,#731,#732,#738));
#730 = ORIENTED_EDGE('',*,*,#499,.T.);
#731 = ORIENTED_EDGE('',*,*,#648,.T.);
#732 = ORIENTED_EDGE('',*,*,#733,.F.);
#733 = EDGE_CURVE('',#515,#639,#734,.T.);
#734 = LINE('',#735,#736);
#735 = CARTESIAN_POINT('',(0.335,-0.25,-2.775557561563E-17));
#736 = VECTOR('',#737,1.);
#737 = DIRECTION('',(0.,1.,0.));
#738 = ORIENTED_EDGE('',*,*,#524,.F.);
#739 = CYLINDRICAL_SURFACE('',#740,3.5E-02);
#740 = AXIS2_PLACEMENT_3D('',#741,#742,#743);
#741 = CARTESIAN_POINT('',(0.335,-0.25,3.5E-02));
#742 = DIRECTION('',(0.,1.,0.));
#743 = DIRECTION('',(-1.,0.,0.));
#744 = ADVANCED_FACE('',(#745),#756,.F.);
#745 = FACE_BOUND('',#746,.F.);
#746 = EDGE_LOOP('',(#747,#748,#749,#750));
#747 = ORIENTED_EDGE('',*,*,#638,.F.);
#748 = ORIENTED_EDGE('',*,*,#733,.F.);
#749 = ORIENTED_EDGE('',*,*,#514,.T.);
#750 = ORIENTED_EDGE('',*,*,#751,.T.);
#751 = EDGE_CURVE('',#517,#641,#752,.T.);
#752 = LINE('',#753,#754);
#753 = CARTESIAN_POINT('',(0.465,-0.25,-2.775557561563E-17));
#754 = VECTOR('',#755,1.);
#755 = DIRECTION('',(0.,1.,0.));
#756 = PLANE('',#757);
#757 = AXIS2_PLACEMENT_3D('',#758,#759,#760);
#758 = CARTESIAN_POINT('',(0.3,-0.25,0.));
#759 = DIRECTION('',(0.,0.,1.));
#760 = DIRECTION('',(1.,0.,-0.));
#761 = ADVANCED_FACE('',(#762),#773,.T.);
#762 = FACE_BOUND('',#763,.T.);
#763 = EDGE_LOOP('',(#764,#765,#766,#767));
#764 = ORIENTED_EDGE('',*,*,#568,.T.);
#765 = ORIENTED_EDGE('',*,*,#751,.T.);
#766 = ORIENTED_EDGE('',*,*,#692,.F.);
#767 = ORIENTED_EDGE('',*,*,#768,.F.);
#768 = EDGE_CURVE('',#561,#685,#769,.T.);
#769 = LINE('',#770,#771);
#770 = CARTESIAN_POINT('',(0.5,-0.25,3.5E-02));
#771 = VECTOR('',#772,1.);
#772 = DIRECTION('',(0.,1.,0.));
#773 = CYLINDRICAL_SURFACE('',#774,3.5E-02);
#774 = AXIS2_PLACEMENT_3D('',#775,#776,#777);
#775 = CARTESIAN_POINT('',(0.465,-0.25,3.5E-02));
#776 = DIRECTION('',(0.,1.,0.));
#777 = DIRECTION('',(1.,0.,0.));
#778 = ADVANCED_FACE('',(#779),#790,.T.);
#779 = FACE_BOUND('',#780,.T.);
#780 = EDGE_LOOP('',(#781,#782,#783,#784));
#781 = ORIENTED_EDGE('',*,*,#560,.F.);
#782 = ORIENTED_EDGE('',*,*,#768,.T.);
#783 = ORIENTED_EDGE('',*,*,#684,.T.);
#784 = ORIENTED_EDGE('',*,*,#785,.F.);
#785 = EDGE_CURVE('',#552,#676,#786,.T.);
#786 = LINE('',#787,#788);
#787 = CARTESIAN_POINT('',(0.5,-0.25,0.315));
#788 = VECTOR('',#789,1.);
#789 = DIRECTION('',(0.,1.,0.));
#790 = PLANE('',#791);
#791 = AXIS2_PLACEMENT_3D('',#792,#793,#794);
#792 = CARTESIAN_POINT('',(0.5,-0.25,0.));
#793 = DIRECTION('',(1.,0.,0.));
#794 = DIRECTION('',(0.,0.,1.));
#795 = ADVANCED_FACE('',(#796),#807,.T.);
#796 = FACE_BOUND('',#797,.T.);
#797 = EDGE_LOOP('',(#798,#799,#800,#806));
#798 = ORIENTED_EDGE('',*,*,#785,.T.);
#799 = ORIENTED_EDGE('',*,*,#675,.T.);
#800 = ORIENTED_EDGE('',*,*,#801,.F.);
#801 = EDGE_CURVE('',#544,#668,#802,.T.);
#802 = LINE('',#803,#804);
#803 = CARTESIAN_POINT('',(0.465,-0.25,0.35));
#804 = VECTOR('',#805,1.);
#805 = DIRECTION('',(0.,1.,0.));
#806 = ORIENTED_EDGE('',*,*,#551,.F.);
#807 = CYLINDRICAL_SURFACE('',#808,3.5E-02);
#808 = AXIS2_PLACEMENT_3D('',#809,#810,#811);
#809 = CARTESIAN_POINT('',(0.465,-0.25,0.315));
#810 = DIRECTION('',(0.,1.,0.));
#811 = DIRECTION('',(1.,0.,0.));
#812 = ADVANCED_FACE('',(#813),#824,.T.);
#813 = FACE_BOUND('',#814,.T.);
#814 = EDGE_LOOP('',(#815,#816,#822,#823));
#815 = ORIENTED_EDGE('',*,*,#667,.F.);
#816 = ORIENTED_EDGE('',*,*,#817,.F.);
#817 = EDGE_CURVE('',#535,#659,#818,.T.);
#818 = LINE('',#819,#820);
#819 = CARTESIAN_POINT('',(0.335,-0.25,0.35));
#820 = VECTOR('',#821,1.);
#821 = DIRECTION('',(0.,1.,0.));
#822 = ORIENTED_EDGE('',*,*,#543,.T.);
#823 = ORIENTED_EDGE('',*,*,#801,.T.);
#824 = PLANE('',#825);
#825 = AXIS2_PLACEMENT_3D('',#826,#827,#828);
#826 = CARTESIAN_POINT('',(0.3,-0.25,0.35));
#827 = DIRECTION('',(0.,0.,1.));
#828 = DIRECTION('',(1.,0.,-0.));
#829 = ADVANCED_FACE('',(#830),#841,.T.);
#830 = FACE_BOUND('',#831,.T.);
#831 = EDGE_LOOP('',(#832,#833,#834,#835));
#832 = ORIENTED_EDGE('',*,*,#534,.T.);
#833 = ORIENTED_EDGE('',*,*,#817,.T.);
#834 = ORIENTED_EDGE('',*,*,#658,.F.);
#835 = ORIENTED_EDGE('',*,*,#836,.F.);
#836 = EDGE_CURVE('',#369,#452,#837,.T.);
#837 = LINE('',#838,#839);
#838 = CARTESIAN_POINT('',(0.3,-0.25,0.315));
#839 = VECTOR('',#840,1.);
#840 = DIRECTION('',(0.,1.,0.));
#841 = CYLINDRICAL_SURFACE('',#842,3.5E-02);
#842 = AXIS2_PLACEMENT_3D('',#843,#844,#845);
#843 = CARTESIAN_POINT('',(0.335,-0.25,0.315));
#844 = DIRECTION('',(0.,1.,0.));
#845 = DIRECTION('',(-1.,0.,0.));
#846 = ADVANCED_FACE('',(#847),#858,.T.);
#847 = FACE_BOUND('',#848,.T.);
#848 = EDGE_LOOP('',(#849,#850,#851,#852));
#849 = ORIENTED_EDGE('',*,*,#600,.F.);
#850 = ORIENTED_EDGE('',*,*,#836,.T.);
#851 = ORIENTED_EDGE('',*,*,#717,.T.);
#852 = ORIENTED_EDGE('',*,*,#853,.F.);
#853 = EDGE_CURVE('',#593,#710,#854,.T.);
#854 = LINE('',#855,#856);
#855 = CARTESIAN_POINT('',(0.3,-0.25,0.35));
#856 = VECTOR('',#857,1.);
#857 = DIRECTION('',(0.,1.,0.));
#858 = PLANE('',#859);
#859 = AXIS2_PLACEMENT_3D('',#860,#861,#862);
#860 = CARTESIAN_POINT('',(0.3,-0.25,0.315));
#861 = DIRECTION('',(1.,0.,0.));
#862 = DIRECTION('',(0.,0.,1.));
#863 = ADVANCED_FACE('',(#864),#870,.T.);
#864 = FACE_BOUND('',#865,.T.);
#865 = EDGE_LOOP('',(#866,#867,#868,#869));
#866 = ORIENTED_EDGE('',*,*,#624,.F.);
#867 = ORIENTED_EDGE('',*,*,#592,.T.);
#868 = ORIENTED_EDGE('',*,*,#853,.T.);
#869 = ORIENTED_EDGE('',*,*,#709,.F.);
#870 = PLANE('',#871);
#871 = AXIS2_PLACEMENT_3D('',#872,#873,#874);
#872 = CARTESIAN_POINT('',(-0.3,-0.25,0.35));
#873 = DIRECTION('',(0.,0.,1.));
#874 = DIRECTION('',(1.,0.,-0.));
#875 = ( GEOMETRIC_REPRESENTATION_CONTEXT(3) 
GLOBAL_UNCERTAINTY_ASSIGNED_CONTEXT((#879)) GLOBAL_UNIT_ASSIGNED_CONTEXT
((#876,#877,#878)) REPRESENTATION_CONTEXT('Context #1',
  '3D Context with UNIT and UNCERTAINTY') );
#876 = ( LENGTH_UNIT() NAMED_UNIT(*) SI_UNIT(.MILLI.,.METRE.) );
#877 = ( NAMED_UNIT(*) PLANE_ANGLE_UNIT() SI_UNIT($,.RADIAN.) );
#878 = ( NAMED_UNIT(*) SI_UNIT($,.STERADIAN.) SOLID_ANGLE_UNIT() );
#879 = UNCERTAINTY_MEASURE_WITH_UNIT(LENGTH_MEASURE(1.E-07),#876,
  'distance_accuracy_value','confusion accuracy');
#880 = CONTEXT_DEPENDENT_SHAPE_REPRESENTATION(#881,#883);
#881 = ( REPRESENTATION_RELATIONSHIP('','',#84,#10) 
REPRESENTATION_RELATIONSHIP_WITH_TRANSFORMATION(#882) 
SHAPE_REPRESENTATION_RELATIONSHIP() );
#882 = ITEM_DEFINED_TRANSFORMATION('','',#11,#15);
#883 = PRODUCT_DEFINITION_SHAPE('Placement','Placement of an item',#884
  );
#884 = NEXT_ASSEMBLY_USAGE_OCCURRENCE('1','R3','',#5,#79,$);
#885 = PRODUCT_RELATED_PRODUCT_CATEGORY('part',$,(#81));
#886 = SHAPE_DEFINITION_REPRESENTATION(#887,#893);
#887 = PRODUCT_DEFINITION_SHAPE('','',#888);
#888 = PRODUCT_DEFINITION('design','',#889,#892);
#889 = PRODUCT_DEFINITION_FORMATION('','',#890);
#890 = PRODUCT('C_1206_3216Metric','C_1206_3216Metric','',(#891));
#891 = PRODUCT_CONTEXT('',#2,'mechanical');
#892 = PRODUCT_DEFINITION_CONTEXT('part definition',#2,'design');
#893 = ADVANCED_BREP_SHAPE_REPRESENTATION('',(#11,#894),#1748);
#894 = MANIFOLD_SOLID_BREP('',#895);
#895 = CLOSED_SHELL('',(#896,#972,#1003,#1028,#1053,#1077,#1101,#1126,
    #1151,#1168,#1254,#1286,#1310,#1335,#1359,#1384,#1408,#1433,#1450,
    #1536,#1567,#1592,#1617,#1641,#1665,#1690,#1715,#1732));
#896 = ADVANCED_FACE('',(#897),#967,.F.);
#897 = FACE_BOUND('',#898,.F.);
#898 = EDGE_LOOP('',(#899,#909,#918,#926,#935,#943,#952,#960));
#899 = ORIENTED_EDGE('',*,*,#900,.F.);
#900 = EDGE_CURVE('',#901,#903,#905,.T.);
#901 = VERTEX_POINT('',#902);
#902 = CARTESIAN_POINT('',(-1.6,-0.8,4.E-02));
#903 = VERTEX_POINT('',#904);
#904 = CARTESIAN_POINT('',(-1.6,-0.8,1.56));
#905 = LINE('',#906,#907);
#906 = CARTESIAN_POINT('',(-1.6,-0.8,0.));
#907 = VECTOR('',#908,1.);
#908 = DIRECTION('',(0.,0.,1.));
#909 = ORIENTED_EDGE('',*,*,#910,.T.);
#910 = EDGE_CURVE('',#901,#911,#913,.T.);
#911 = VERTEX_POINT('',#912);
#912 = CARTESIAN_POINT('',(-1.6,-0.76,0.));
#913 = CIRCLE('',#914,4.E-02);
#914 = AXIS2_PLACEMENT_3D('',#915,#916,#917);
#915 = CARTESIAN_POINT('',(-1.6,-0.76,4.E-02));
#916 = DIRECTION('',(1.,0.,-0.));
#917 = DIRECTION('',(0.,0.,1.));
#918 = ORIENTED_EDGE('',*,*,#919,.T.);
#919 = EDGE_CURVE('',#911,#920,#922,.T.);
#920 = VERTEX_POINT('',#921);
#921 = CARTESIAN_POINT('',(-1.6,0.76,0.));
#922 = LINE('',#923,#924);
#923 = CARTESIAN_POINT('',(-1.6,-0.8,0.));
#924 = VECTOR('',#925,1.);
#925 = DIRECTION('',(0.,1.,0.));
#926 = ORIENTED_EDGE('',*,*,#927,.F.);
#927 = EDGE_CURVE('',#928,#920,#930,.T.);
#928 = VERTEX_POINT('',#929);
#929 = CARTESIAN_POINT('',(-1.6,0.8,4.E-02));
#930 = CIRCLE('',#931,4.E-02);
#931 = AXIS2_PLACEMENT_3D('',#932,#933,#934);
#932 = CARTESIAN_POINT('',(-1.6,0.76,4.E-02));
#933 = DIRECTION('',(-1.,0.,0.));
#934 = DIRECTION('',(0.,0.,1.));
#935 = ORIENTED_EDGE('',*,*,#936,.T.);
#936 = EDGE_CURVE('',#928,#937,#939,.T.);
#937 = VERTEX_POINT('',#938);
#938 = CARTESIAN_POINT('',(-1.6,0.8,1.56));
#939 = LINE('',#940,#941);
#940 = CARTESIAN_POINT('',(-1.6,0.8,0.));
#941 = VECTOR('',#942,1.);
#942 = DIRECTION('',(0.,0.,1.));
#943 = ORIENTED_EDGE('',*,*,#944,.T.);
#944 = EDGE_CURVE('',#937,#945,#947,.T.);
#945 = VERTEX_POINT('',#946);
#946 = CARTESIAN_POINT('',(-1.6,0.76,1.6));
#947 = CIRCLE('',#948,4.E-02);
#948 = AXIS2_PLACEMENT_3D('',#949,#950,#951);
#949 = CARTESIAN_POINT('',(-1.6,0.76,1.56));
#950 = DIRECTION('',(1.,0.,-0.));
#951 = DIRECTION('',(0.,0.,1.));
#952 = ORIENTED_EDGE('',*,*,#953,.F.);
#953 = EDGE_CURVE('',#954,#945,#956,.T.);
#954 = VERTEX_POINT('',#955);
#955 = CARTESIAN_POINT('',(-1.6,-0.76,1.6));
#956 = LINE('',#957,#958);
#957 = CARTESIAN_POINT('',(-1.6,-0.8,1.6));
#958 = VECTOR('',#959,1.);
#959 = DIRECTION('',(0.,1.,0.));
#960 = ORIENTED_EDGE('',*,*,#961,.F.);
#961 = EDGE_CURVE('',#903,#954,#962,.T.);
#962 = CIRCLE('',#963,4.E-02);
#963 = AXIS2_PLACEMENT_3D('',#964,#965,#966);
#964 = CARTESIAN_POINT('',(-1.6,-0.76,1.56));
#965 = DIRECTION('',(-1.,0.,0.));
#966 = DIRECTION('',(0.,0.,1.));
#967 = PLANE('',#968);
#968 = AXIS2_PLACEMENT_3D('',#969,#970,#971);
#969 = CARTESIAN_POINT('',(-1.6,-0.8,0.));
#970 = DIRECTION('',(1.,0.,0.));
#971 = DIRECTION('',(0.,0.,1.));
#972 = ADVANCED_FACE('',(#973),#998,.F.);
#973 = FACE_BOUND('',#974,.F.);
#974 = EDGE_LOOP('',(#975,#985,#991,#992));
#975 = ORIENTED_EDGE('',*,*,#976,.F.);
#976 = EDGE_CURVE('',#977,#979,#981,.T.);
#977 = VERTEX_POINT('',#978);
#978 = CARTESIAN_POINT('',(-1.2,-0.8,4.E-02));
#979 = VERTEX_POINT('',#980);
#980 = CARTESIAN_POINT('',(-1.2,-0.8,1.56));
#981 = LINE('',#982,#983);
#982 = CARTESIAN_POINT('',(-1.2,-0.8,0.));
#983 = VECTOR('',#984,1.);
#984 = DIRECTION('',(0.,0.,1.));
#985 = ORIENTED_EDGE('',*,*,#986,.F.);
#986 = EDGE_CURVE('',#901,#977,#987,.T.);
#987 = LINE('',#988,#989);
#988 = CARTESIAN_POINT('',(-1.6,-0.8,4.E-02));
#989 = VECTOR('',#990,1.);
#990 = DIRECTION('',(1.,0.,0.));
#991 = ORIENTED_EDGE('',*,*,#900,.T.);
#992 = ORIENTED_EDGE('',*,*,#993,.T.);
#993 = EDGE_CURVE('',#903,#979,#994,.T.);
#994 = LINE('',#995,#996);
#995 = CARTESIAN_POINT('',(-1.6,-0.8,1.56));
#996 = VECTOR('',#997,1.);
#997 = DIRECTION('',(1.,0.,0.));
#998 = PLANE('',#999);
#999 = AXIS2_PLACEMENT_3D('',#1000,#1001,#1002);
#1000 = CARTESIAN_POINT('',(-1.6,-0.8,0.));
#1001 = DIRECTION('',(0.,1.,0.));
#1002 = DIRECTION('',(0.,-0.,1.));
#1003 = ADVANCED_FACE('',(#1004),#1023,.T.);
#1004 = FACE_BOUND('',#1005,.T.);
#1005 = EDGE_LOOP('',(#1006,#1007,#1015,#1022));
#1006 = ORIENTED_EDGE('',*,*,#910,.T.);
#1007 = ORIENTED_EDGE('',*,*,#1008,.T.);
#1008 = EDGE_CURVE('',#911,#1009,#1011,.T.);
#1009 = VERTEX_POINT('',#1010);
#1010 = CARTESIAN_POINT('',(-1.2,-0.76,0.));
#1011 = LINE('',#1012,#1013);
#1012 = CARTESIAN_POINT('',(-1.6,-0.76,0.));
#1013 = VECTOR('',#1014,1.);
#1014 = DIRECTION('',(1.,0.,0.));
#1015 = ORIENTED_EDGE('',*,*,#1016,.F.);
#1016 = EDGE_CURVE('',#977,#1009,#1017,.T.);
#1017 = CIRCLE('',#1018,4.E-02);
#1018 = AXIS2_PLACEMENT_3D('',#1019,#1020,#1021);
#1019 = CARTESIAN_POINT('',(-1.2,-0.76,4.E-02));
#1020 = DIRECTION('',(1.,0.,-0.));
#1021 = DIRECTION('',(0.,0.,1.));
#1022 = ORIENTED_EDGE('',*,*,#986,.F.);
#1023 = CYLINDRICAL_SURFACE('',#1024,4.E-02);
#1024 = AXIS2_PLACEMENT_3D('',#1025,#1026,#1027);
#1025 = CARTESIAN_POINT('',(-1.6,-0.76,4.E-02));
#1026 = DIRECTION('',(1.,0.,0.));
#1027 = DIRECTION('',(0.,-1.,0.));
#1028 = ADVANCED_FACE('',(#1029),#1048,.T.);
#1029 = FACE_BOUND('',#1030,.T.);
#1030 = EDGE_LOOP('',(#1031,#1032,#1041,#1047));
#1031 = ORIENTED_EDGE('',*,*,#993,.T.);
#1032 = ORIENTED_EDGE('',*,*,#1033,.T.);
#1033 = EDGE_CURVE('',#979,#1034,#1036,.T.);
#1034 = VERTEX_POINT('',#1035);
#1035 = CARTESIAN_POINT('',(-1.2,-0.76,1.6));
#1036 = CIRCLE('',#1037,4.E-02);
#1037 = AXIS2_PLACEMENT_3D('',#1038,#1039,#1040);
#1038 = CARTESIAN_POINT('',(-1.2,-0.76,1.56));
#1039 = DIRECTION('',(-1.,0.,0.));
#1040 = DIRECTION('',(0.,0.,1.));
#1041 = ORIENTED_EDGE('',*,*,#1042,.F.);
#1042 = EDGE_CURVE('',#954,#1034,#1043,.T.);
#1043 = LINE('',#1044,#1045);
#1044 = CARTESIAN_POINT('',(-1.6,-0.76,1.6));
#1045 = VECTOR('',#1046,1.);
#1046 = DIRECTION('',(1.,0.,0.));
#1047 = ORIENTED_EDGE('',*,*,#961,.F.);
#1048 = CYLINDRICAL_SURFACE('',#1049,4.E-02);
#1049 = AXIS2_PLACEMENT_3D('',#1050,#1051,#1052);
#1050 = CARTESIAN_POINT('',(-1.6,-0.76,1.56));
#1051 = DIRECTION('',(1.,0.,0.));
#1052 = DIRECTION('',(0.,-1.,0.));
#1053 = ADVANCED_FACE('',(#1054),#1072,.F.);
#1054 = FACE_BOUND('',#1055,.F.);
#1055 = EDGE_LOOP('',(#1056,#1057,#1058,#1066));
#1056 = ORIENTED_EDGE('',*,*,#919,.F.);
#1057 = ORIENTED_EDGE('',*,*,#1008,.T.);
#1058 = ORIENTED_EDGE('',*,*,#1059,.T.);
#1059 = EDGE_CURVE('',#1009,#1060,#1062,.T.);
#1060 = VERTEX_POINT('',#1061);
#1061 = CARTESIAN_POINT('',(-1.2,0.76,0.));
#1062 = LINE('',#1063,#1064);
#1063 = CARTESIAN_POINT('',(-1.2,-0.8,0.));
#1064 = VECTOR('',#1065,1.);
#1065 = DIRECTION('',(0.,1.,0.));
#1066 = ORIENTED_EDGE('',*,*,#1067,.F.);
#1067 = EDGE_CURVE('',#920,#1060,#1068,.T.);
#1068 = LINE('',#1069,#1070);
#1069 = CARTESIAN_POINT('',(-1.6,0.76,0.));
#1070 = VECTOR('',#1071,1.);
#1071 = DIRECTION('',(1.,0.,0.));
#1072 = PLANE('',#1073);
#1073 = AXIS2_PLACEMENT_3D('',#1074,#1075,#1076);
#1074 = CARTESIAN_POINT('',(-1.6,-0.8,0.));
#1075 = DIRECTION('',(0.,0.,1.));
#1076 = DIRECTION('',(1.,0.,-0.));
#1077 = ADVANCED_FACE('',(#1078),#1096,.T.);
#1078 = FACE_BOUND('',#1079,.T.);
#1079 = EDGE_LOOP('',(#1080,#1081,#1082,#1090));
#1080 = ORIENTED_EDGE('',*,*,#953,.F.);
#1081 = ORIENTED_EDGE('',*,*,#1042,.T.);
#1082 = ORIENTED_EDGE('',*,*,#1083,.T.);
#1083 = EDGE_CURVE('',#1034,#1084,#1086,.T.);
#1084 = VERTEX_POINT('',#1085);
#1085 = CARTESIAN_POINT('',(-1.2,0.76,1.6));
#1086 = LINE('',#1087,#1088);
#1087 = CARTESIAN_POINT('',(-1.2,-0.8,1.6));
#1088 = VECTOR('',#1089,1.);
#1089 = DIRECTION('',(0.,1.,0.));
#1090 = ORIENTED_EDGE('',*,*,#1091,.F.);
#1091 = EDGE_CURVE('',#945,#1084,#1092,.T.);
#1092 = LINE('',#1093,#1094);
#1093 = CARTESIAN_POINT('',(-1.6,0.76,1.6));
#1094 = VECTOR('',#1095,1.);
#1095 = DIRECTION('',(1.,0.,0.));
#1096 = PLANE('',#1097);
#1097 = AXIS2_PLACEMENT_3D('',#1098,#1099,#1100);
#1098 = CARTESIAN_POINT('',(-1.6,-0.8,1.6));
#1099 = DIRECTION('',(0.,0.,1.));
#1100 = DIRECTION('',(1.,0.,-0.));
#1101 = ADVANCED_FACE('',(#1102),#1121,.T.);
#1102 = FACE_BOUND('',#1103,.T.);
#1103 = EDGE_LOOP('',(#1104,#1112,#1119,#1120));
#1104 = ORIENTED_EDGE('',*,*,#1105,.T.);
#1105 = EDGE_CURVE('',#928,#1106,#1108,.T.);
#1106 = VERTEX_POINT('',#1107);
#1107 = CARTESIAN_POINT('',(-1.2,0.8,4.E-02));
#1108 = LINE('',#1109,#1110);
#1109 = CARTESIAN_POINT('',(-1.6,0.8,4.E-02));
#1110 = VECTOR('',#1111,1.);
#1111 = DIRECTION('',(1.,0.,0.));
#1112 = ORIENTED_EDGE('',*,*,#1113,.T.);
#1113 = EDGE_CURVE('',#1106,#1060,#1114,.T.);
#1114 = CIRCLE('',#1115,4.E-02);
#1115 = AXIS2_PLACEMENT_3D('',#1116,#1117,#1118);
#1116 = CARTESIAN_POINT('',(-1.2,0.76,4.E-02));
#1117 = DIRECTION('',(-1.,0.,0.));
#1118 = DIRECTION('',(0.,0.,1.));
#1119 = ORIENTED_EDGE('',*,*,#1067,.F.);
#1120 = ORIENTED_EDGE('',*,*,#927,.F.);
#1121 = CYLINDRICAL_SURFACE('',#1122,4.E-02);
#1122 = AXIS2_PLACEMENT_3D('',#1123,#1124,#1125);
#1123 = CARTESIAN_POINT('',(-1.6,0.76,4.E-02));
#1124 = DIRECTION('',(1.,0.,0.));
#1125 = DIRECTION('',(-0.,1.,0.));
#1126 = ADVANCED_FACE('',(#1127),#1146,.T.);
#1127 = FACE_BOUND('',#1128,.T.);
#1128 = EDGE_LOOP('',(#1129,#1130,#1131,#1140));
#1129 = ORIENTED_EDGE('',*,*,#944,.T.);
#1130 = ORIENTED_EDGE('',*,*,#1091,.T.);
#1131 = ORIENTED_EDGE('',*,*,#1132,.F.);
#1132 = EDGE_CURVE('',#1133,#1084,#1135,.T.);
#1133 = VERTEX_POINT('',#1134);
#1134 = CARTESIAN_POINT('',(-1.2,0.8,1.56));
#1135 = CIRCLE('',#1136,4.E-02);
#1136 = AXIS2_PLACEMENT_3D('',#1137,#1138,#1139);
#1137 = CARTESIAN_POINT('',(-1.2,0.76,1.56));
#1138 = DIRECTION('',(1.,0.,-0.));
#1139 = DIRECTION('',(0.,0.,1.));
#1140 = ORIENTED_EDGE('',*,*,#1141,.F.);
#1141 = EDGE_CURVE('',#937,#1133,#1142,.T.);
#1142 = LINE('',#1143,#1144);
#1143 = CARTESIAN_POINT('',(-1.6,0.8,1.56));
#1144 = VECTOR('',#1145,1.);
#1145 = DIRECTION('',(1.,0.,0.));
#1146 = CYLINDRICAL_SURFACE('',#1147,4.E-02);
#1147 = AXIS2_PLACEMENT_3D('',#1148,#1149,#1150);
#1148 = CARTESIAN_POINT('',(-1.6,0.76,1.56));
#1149 = DIRECTION('',(1.,0.,0.));
#1150 = DIRECTION('',(-0.,1.,0.));
#1151 = ADVANCED_FACE('',(#1152),#1163,.T.);
#1152 = FACE_BOUND('',#1153,.T.);
#1153 = EDGE_LOOP('',(#1154,#1160,#1161,#1162));
#1154 = ORIENTED_EDGE('',*,*,#1155,.F.);
#1155 = EDGE_CURVE('',#1106,#1133,#1156,.T.);
#1156 = LINE('',#1157,#1158);
#1157 = CARTESIAN_POINT('',(-1.2,0.8,0.));
#1158 = VECTOR('',#1159,1.);
#1159 = DIRECTION('',(0.,0.,1.));
#1160 = ORIENTED_EDGE('',*,*,#1105,.F.);
#1161 = ORIENTED_EDGE('',*,*,#936,.T.);
#1162 = ORIENTED_EDGE('',*,*,#1141,.T.);
#1163 = PLANE('',#1164);
#1164 = AXIS2_PLACEMENT_3D('',#1165,#1166,#1167);
#1165 = CARTESIAN_POINT('',(-1.6,0.8,0.));
#1166 = DIRECTION('',(0.,1.,0.));
#1167 = DIRECTION('',(0.,-0.,1.));
#1168 = ADVANCED_FACE('',(#1169,#1179),#1249,.T.);
#1169 = FACE_BOUND('',#1170,.T.);
#1170 = EDGE_LOOP('',(#1171,#1172,#1173,#1174,#1175,#1176,#1177,#1178));
#1171 = ORIENTED_EDGE('',*,*,#976,.F.);
#1172 = ORIENTED_EDGE('',*,*,#1016,.T.);
#1173 = ORIENTED_EDGE('',*,*,#1059,.T.);
#1174 = ORIENTED_EDGE('',*,*,#1113,.F.);
#1175 = ORIENTED_EDGE('',*,*,#1155,.T.);
#1176 = ORIENTED_EDGE('',*,*,#1132,.T.);
#1177 = ORIENTED_EDGE('',*,*,#1083,.F.);
#1178 = ORIENTED_EDGE('',*,*,#1033,.F.);
#1179 = FACE_BOUND('',#1180,.T.);
#1180 = EDGE_LOOP('',(#1181,#1192,#1200,#1209,#1217,#1226,#1234,#1243));
#1181 = ORIENTED_EDGE('',*,*,#1182,.F.);
#1182 = EDGE_CURVE('',#1183,#1185,#1187,.T.);
#1183 = VERTEX_POINT('',#1184);
#1184 = CARTESIAN_POINT('',(-1.2,-0.76,8.E-02));
#1185 = VERTEX_POINT('',#1186);
#1186 = CARTESIAN_POINT('',(-1.2,-0.72,4.E-02));
#1187 = CIRCLE('',#1188,4.E-02);
#1188 = AXIS2_PLACEMENT_3D('',#1189,#1190,#1191);
#1189 = CARTESIAN_POINT('',(-1.2,-0.72,8.E-02));
#1190 = DIRECTION('',(1.,0.,-0.));
#1191 = DIRECTION('',(0.,0.,1.));
#1192 = ORIENTED_EDGE('',*,*,#1193,.T.);
#1193 = EDGE_CURVE('',#1183,#1194,#1196,.T.);
#1194 = VERTEX_POINT('',#1195);
#1195 = CARTESIAN_POINT('',(-1.2,-0.76,1.52));
#1196 = LINE('',#1197,#1198);
#1197 = CARTESIAN_POINT('',(-1.2,-0.76,4.E-02));
#1198 = VECTOR('',#1199,1.);
#1199 = DIRECTION('',(0.,0.,1.));
#1200 = ORIENTED_EDGE('',*,*,#1201,.T.);
#1201 = EDGE_CURVE('',#1194,#1202,#1204,.T.);
#1202 = VERTEX_POINT('',#1203);
#1203 = CARTESIAN_POINT('',(-1.2,-0.72,1.56));
#1204 = CIRCLE('',#1205,4.E-02);
#1205 = AXIS2_PLACEMENT_3D('',#1206,#1207,#1208);
#1206 = CARTESIAN_POINT('',(-1.2,-0.72,1.52));
#1207 = DIRECTION('',(-1.,0.,0.));
#1208 = DIRECTION('',(0.,0.,1.));
#1209 = ORIENTED_EDGE('',*,*,#1210,.T.);
#1210 = EDGE_CURVE('',#1202,#1211,#1213,.T.);
#1211 = VERTEX_POINT('',#1212);
#1212 = CARTESIAN_POINT('',(-1.2,0.72,1.56));
#1213 = LINE('',#1214,#1215);
#1214 = CARTESIAN_POINT('',(-1.2,-0.76,1.56));
#1215 = VECTOR('',#1216,1.);
#1216 = DIRECTION('',(0.,1.,0.));
#1217 = ORIENTED_EDGE('',*,*,#1218,.F.);
#1218 = EDGE_CURVE('',#1219,#1211,#1221,.T.);
#1219 = VERTEX_POINT('',#1220);
#1220 = CARTESIAN_POINT('',(-1.2,0.76,1.52));
#1221 = CIRCLE('',#1222,4.E-02);
#1222 = AXIS2_PLACEMENT_3D('',#1223,#1224,#1225);
#1223 = CARTESIAN_POINT('',(-1.2,0.72,1.52));
#1224 = DIRECTION('',(1.,0.,-0.));
#1225 = DIRECTION('',(0.,0.,1.));
#1226 = ORIENTED_EDGE('',*,*,#1227,.F.);
#1227 = EDGE_CURVE('',#1228,#1219,#1230,.T.);
#1228 = VERTEX_POINT('',#1229);
#1229 = CARTESIAN_POINT('',(-1.2,0.76,8.E-02));
#1230 = LINE('',#1231,#1232);
#1231 = CARTESIAN_POINT('',(-1.2,0.76,4.E-02));
#1232 = VECTOR('',#1233,1.);
#1233 = DIRECTION('',(0.,0.,1.));
#1234 = ORIENTED_EDGE('',*,*,#1235,.T.);
#1235 = EDGE_CURVE('',#1228,#1236,#1238,.T.);
#1236 = VERTEX_POINT('',#1237);
#1237 = CARTESIAN_POINT('',(-1.2,0.72,4.E-02));
#1238 = CIRCLE('',#1239,4.E-02);
#1239 = AXIS2_PLACEMENT_3D('',#1240,#1241,#1242);
#1240 = CARTESIAN_POINT('',(-1.2,0.72,8.E-02));
#1241 = DIRECTION('',(-1.,0.,0.));
#1242 = DIRECTION('',(0.,0.,1.));
#1243 = ORIENTED_EDGE('',*,*,#1244,.F.);
#1244 = EDGE_CURVE('',#1185,#1236,#1245,.T.);
#1245 = LINE('',#1246,#1247);
#1246 = CARTESIAN_POINT('',(-1.2,-0.76,4.E-02));
#1247 = VECTOR('',#1248,1.);
#1248 = DIRECTION('',(0.,1.,0.));
#1249 = PLANE('',#1250);
#1250 = AXIS2_PLACEMENT_3D('',#1251,#1252,#1253);
#1251 = CARTESIAN_POINT('',(-1.2,-0.8,0.));
#1252 = DIRECTION('',(1.,0.,0.));
#1253 = DIRECTION('',(0.,0.,1.));
#1254 = ADVANCED_FACE('',(#1255),#1281,.T.);
#1255 = FACE_BOUND('',#1256,.T.);
#1256 = EDGE_LOOP('',(#1257,#1258,#1266,#1275));
#1257 = ORIENTED_EDGE('',*,*,#1182,.T.);
#1258 = ORIENTED_EDGE('',*,*,#1259,.T.);
#1259 = EDGE_CURVE('',#1185,#1260,#1262,.T.);
#1260 = VERTEX_POINT('',#1261);
#1261 = CARTESIAN_POINT('',(1.2,-0.72,4.E-02));
#1262 = LINE('',#1263,#1264);
#1263 = CARTESIAN_POINT('',(-1.2,-0.72,4.E-02));
#1264 = VECTOR('',#1265,1.);
#1265 = DIRECTION('',(1.,0.,0.));
#1266 = ORIENTED_EDGE('',*,*,#1267,.F.);
#1267 = EDGE_CURVE('',#1268,#1260,#1270,.T.);
#1268 = VERTEX_POINT('',#1269);
#1269 = CARTESIAN_POINT('',(1.2,-0.76,8.E-02));
#1270 = CIRCLE('',#1271,4.E-02);
#1271 = AXIS2_PLACEMENT_3D('',#1272,#1273,#1274);
#1272 = CARTESIAN_POINT('',(1.2,-0.72,8.E-02));
#1273 = DIRECTION('',(1.,0.,-0.));
#1274 = DIRECTION('',(0.,0.,1.));
#1275 = ORIENTED_EDGE('',*,*,#1276,.F.);
#1276 = EDGE_CURVE('',#1183,#1268,#1277,.T.);
#1277 = LINE('',#1278,#1279);
#1278 = CARTESIAN_POINT('',(-1.2,-0.76,8.E-02));
#1279 = VECTOR('',#1280,1.);
#1280 = DIRECTION('',(1.,0.,0.));
#1281 = CYLINDRICAL_SURFACE('',#1282,4.E-02);
#1282 = AXIS2_PLACEMENT_3D('',#1283,#1284,#1285);
#1283 = CARTESIAN_POINT('',(-1.2,-0.72,8.E-02));
#1284 = DIRECTION('',(1.,0.,0.));
#1285 = DIRECTION('',(0.,-1.,0.));
#1286 = ADVANCED_FACE('',(#1287),#1305,.F.);
#1287 = FACE_BOUND('',#1288,.F.);
#1288 = EDGE_LOOP('',(#1289,#1290,#1291,#1299));
#1289 = ORIENTED_EDGE('',*,*,#1244,.F.);
#1290 = ORIENTED_EDGE('',*,*,#1259,.T.);
#1291 = ORIENTED_EDGE('',*,*,#1292,.T.);
#1292 = EDGE_CURVE('',#1260,#1293,#1295,.T.);
#1293 = VERTEX_POINT('',#1294);
#1294 = CARTESIAN_POINT('',(1.2,0.72,4.E-02));
#1295 = LINE('',#1296,#1297);
#1296 = CARTESIAN_POINT('',(1.2,-0.76,4.E-02));
#1297 = VECTOR('',#1298,1.);
#1298 = DIRECTION('',(0.,1.,0.));
#1299 = ORIENTED_EDGE('',*,*,#1300,.F.);
#1300 = EDGE_CURVE('',#1236,#1293,#1301,.T.);
#1301 = LINE('',#1302,#1303);
#1302 = CARTESIAN_POINT('',(-1.2,0.72,4.E-02));
#1303 = VECTOR('',#1304,1.);
#1304 = DIRECTION('',(1.,0.,0.));
#1305 = PLANE('',#1306);
#1306 = AXIS2_PLACEMENT_3D('',#1307,#1308,#1309);
#1307 = CARTESIAN_POINT('',(-1.2,-0.76,4.E-02));
#1308 = DIRECTION('',(0.,0.,1.));
#1309 = DIRECTION('',(1.,0.,-0.));
#1310 = ADVANCED_FACE('',(#1311),#1330,.T.);
#1311 = FACE_BOUND('',#1312,.T.);
#1312 = EDGE_LOOP('',(#1313,#1321,#1328,#1329));
#1313 = ORIENTED_EDGE('',*,*,#1314,.T.);
#1314 = EDGE_CURVE('',#1228,#1315,#1317,.T.);
#1315 = VERTEX_POINT('',#1316);
#1316 = CARTESIAN_POINT('',(1.2,0.76,8.E-02));
#1317 = LINE('',#1318,#1319);
#1318 = CARTESIAN_POINT('',(-1.2,0.76,8.E-02));
#1319 = VECTOR('',#1320,1.);
#1320 = DIRECTION('',(1.,0.,0.));
#1321 = ORIENTED_EDGE('',*,*,#1322,.T.);
#1322 = EDGE_CURVE('',#1315,#1293,#1323,.T.);
#1323 = CIRCLE('',#1324,4.E-02);
#1324 = AXIS2_PLACEMENT_3D('',#1325,#1326,#1327);
#1325 = CARTESIAN_POINT('',(1.2,0.72,8.E-02));
#1326 = DIRECTION('',(-1.,0.,0.));
#1327 = DIRECTION('',(0.,0.,1.));
#1328 = ORIENTED_EDGE('',*,*,#1300,.F.);
#1329 = ORIENTED_EDGE('',*,*,#1235,.F.);
#1330 = CYLINDRICAL_SURFACE('',#1331,4.E-02);
#1331 = AXIS2_PLACEMENT_3D('',#1332,#1333,#1334);
#1332 = CARTESIAN_POINT('',(-1.2,0.72,8.E-02));
#1333 = DIRECTION('',(1.,0.,0.));
#1334 = DIRECTION('',(-0.,1.,0.));
#1335 = ADVANCED_FACE('',(#1336),#1354,.T.);
#1336 = FACE_BOUND('',#1337,.T.);
#1337 = EDGE_LOOP('',(#1338,#1346,#1347,#1348));
#1338 = ORIENTED_EDGE('',*,*,#1339,.F.);
#1339 = EDGE_CURVE('',#1315,#1340,#1342,.T.);
#1340 = VERTEX_POINT('',#1341);
#1341 = CARTESIAN_POINT('',(1.2,0.76,1.52));
#1342 = LINE('',#1343,#1344);
#1343 = CARTESIAN_POINT('',(1.2,0.76,4.E-02));
#1344 = VECTOR('',#1345,1.);
#1345 = DIRECTION('',(0.,0.,1.));
#1346 = ORIENTED_EDGE('',*,*,#1314,.F.);
#1347 = ORIENTED_EDGE('',*,*,#1227,.T.);
#1348 = ORIENTED_EDGE('',*,*,#1349,.T.);
#1349 = EDGE_CURVE('',#1219,#1340,#1350,.T.);
#1350 = LINE('',#1351,#1352);
#1351 = CARTESIAN_POINT('',(-1.2,0.76,1.52));
#1352 = VECTOR('',#1353,1.);
#1353 = DIRECTION('',(1.,0.,0.));
#1354 = PLANE('',#1355);
#1355 = AXIS2_PLACEMENT_3D('',#1356,#1357,#1358);
#1356 = CARTESIAN_POINT('',(-1.2,0.76,4.E-02));
#1357 = DIRECTION('',(0.,1.,0.));
#1358 = DIRECTION('',(0.,-0.,1.));
#1359 = ADVANCED_FACE('',(#1360),#1379,.T.);
#1360 = FACE_BOUND('',#1361,.T.);
#1361 = EDGE_LOOP('',(#1362,#1363,#1371,#1378));
#1362 = ORIENTED_EDGE('',*,*,#1218,.T.);
#1363 = ORIENTED_EDGE('',*,*,#1364,.T.);
#1364 = EDGE_CURVE('',#1211,#1365,#1367,.T.);
#1365 = VERTEX_POINT('',#1366);
#1366 = CARTESIAN_POINT('',(1.2,0.72,1.56));
#1367 = LINE('',#1368,#1369);
#1368 = CARTESIAN_POINT('',(-1.2,0.72,1.56));
#1369 = VECTOR('',#1370,1.);
#1370 = DIRECTION('',(1.,0.,0.));
#1371 = ORIENTED_EDGE('',*,*,#1372,.F.);
#1372 = EDGE_CURVE('',#1340,#1365,#1373,.T.);
#1373 = CIRCLE('',#1374,4.E-02);
#1374 = AXIS2_PLACEMENT_3D('',#1375,#1376,#1377);
#1375 = CARTESIAN_POINT('',(1.2,0.72,1.52));
#1376 = DIRECTION('',(1.,0.,-0.));
#1377 = DIRECTION('',(0.,0.,1.));
#1378 = ORIENTED_EDGE('',*,*,#1349,.F.);
#1379 = CYLINDRICAL_SURFACE('',#1380,4.E-02);
#1380 = AXIS2_PLACEMENT_3D('',#1381,#1382,#1383);
#1381 = CARTESIAN_POINT('',(-1.2,0.72,1.52));
#1382 = DIRECTION('',(1.,0.,0.));
#1383 = DIRECTION('',(-0.,1.,0.));
#1384 = ADVANCED_FACE('',(#1385),#1403,.T.);
#1385 = FACE_BOUND('',#1386,.T.);
#1386 = EDGE_LOOP('',(#1387,#1388,#1396,#1402));
#1387 = ORIENTED_EDGE('',*,*,#1210,.F.);
#1388 = ORIENTED_EDGE('',*,*,#1389,.T.);
#1389 = EDGE_CURVE('',#1202,#1390,#1392,.T.);
#1390 = VERTEX_POINT('',#1391);
#1391 = CARTESIAN_POINT('',(1.2,-0.72,1.56));
#1392 = LINE('',#1393,#1394);
#1393 = CARTESIAN_POINT('',(-1.2,-0.72,1.56));
#1394 = VECTOR('',#1395,1.);
#1395 = DIRECTION('',(1.,0.,0.));
#1396 = ORIENTED_EDGE('',*,*,#1397,.T.);
#1397 = EDGE_CURVE('',#1390,#1365,#1398,.T.);
#1398 = LINE('',#1399,#1400);
#1399 = CARTESIAN_POINT('',(1.2,-0.76,1.56));
#1400 = VECTOR('',#1401,1.);
#1401 = DIRECTION('',(0.,1.,0.));
#1402 = ORIENTED_EDGE('',*,*,#1364,.F.);
#1403 = PLANE('',#1404);
#1404 = AXIS2_PLACEMENT_3D('',#1405,#1406,#1407);
#1405 = CARTESIAN_POINT('',(-1.2,-0.76,1.56));
#1406 = DIRECTION('',(0.,0.,1.));
#1407 = DIRECTION('',(1.,0.,-0.));
#1408 = ADVANCED_FACE('',(#1409),#1428,.T.);
#1409 = FACE_BOUND('',#1410,.T.);
#1410 = EDGE_LOOP('',(#1411,#1419,#1426,#1427));
#1411 = ORIENTED_EDGE('',*,*,#1412,.T.);
#1412 = EDGE_CURVE('',#1194,#1413,#1415,.T.);
#1413 = VERTEX_POINT('',#1414);
#1414 = CARTESIAN_POINT('',(1.2,-0.76,1.52));
#1415 = LINE('',#1416,#1417);
#1416 = CARTESIAN_POINT('',(-1.2,-0.76,1.52));
#1417 = VECTOR('',#1418,1.);
#1418 = DIRECTION('',(1.,0.,0.));
#1419 = ORIENTED_EDGE('',*,*,#1420,.T.);
#1420 = EDGE_CURVE('',#1413,#1390,#1421,.T.);
#1421 = CIRCLE('',#1422,4.E-02);
#1422 = AXIS2_PLACEMENT_3D('',#1423,#1424,#1425);
#1423 = CARTESIAN_POINT('',(1.2,-0.72,1.52));
#1424 = DIRECTION('',(-1.,0.,0.));
#1425 = DIRECTION('',(0.,0.,1.));
#1426 = ORIENTED_EDGE('',*,*,#1389,.F.);
#1427 = ORIENTED_EDGE('',*,*,#1201,.F.);
#1428 = CYLINDRICAL_SURFACE('',#1429,4.E-02);
#1429 = AXIS2_PLACEMENT_3D('',#1430,#1431,#1432);
#1430 = CARTESIAN_POINT('',(-1.2,-0.72,1.52));
#1431 = DIRECTION('',(1.,0.,0.));
#1432 = DIRECTION('',(0.,-1.,0.));
#1433 = ADVANCED_FACE('',(#1434),#1445,.F.);
#1434 = FACE_BOUND('',#1435,.F.);
#1435 = EDGE_LOOP('',(#1436,#1442,#1443,#1444));
#1436 = ORIENTED_EDGE('',*,*,#1437,.F.);
#1437 = EDGE_CURVE('',#1268,#1413,#1438,.T.);
#1438 = LINE('',#1439,#1440);
#1439 = CARTESIAN_POINT('',(1.2,-0.76,4.E-02));
#1440 = VECTOR('',#1441,1.);
#1441 = DIRECTION('',(0.,0.,1.));
#1442 = ORIENTED_EDGE('',*,*,#1276,.F.);
#1443 = ORIENTED_EDGE('',*,*,#1193,.T.);
#1444 = ORIENTED_EDGE('',*,*,#1412,.T.);
#1445 = PLANE('',#1446);
#1446 = AXIS2_PLACEMENT_3D('',#1447,#1448,#1449);
#1447 = CARTESIAN_POINT('',(-1.2,-0.76,4.E-02));
#1448 = DIRECTION('',(0.,1.,0.));
#1449 = DIRECTION('',(0.,-0.,1.));
#1450 = ADVANCED_FACE('',(#1451,#1521),#1531,.F.);
#1451 = FACE_BOUND('',#1452,.F.);
#1452 = EDGE_LOOP('',(#1453,#1463,#1472,#1480,#1489,#1497,#1506,#1514));
#1453 = ORIENTED_EDGE('',*,*,#1454,.F.);
#1454 = EDGE_CURVE('',#1455,#1457,#1459,.T.);
#1455 = VERTEX_POINT('',#1456);
#1456 = CARTESIAN_POINT('',(1.2,-0.8,4.E-02));
#1457 = VERTEX_POINT('',#1458);
#1458 = CARTESIAN_POINT('',(1.2,-0.8,1.56));
#1459 = LINE('',#1460,#1461);
#1460 = CARTESIAN_POINT('',(1.2,-0.8,0.));
#1461 = VECTOR('',#1462,1.);
#1462 = DIRECTION('',(0.,0.,1.));
#1463 = ORIENTED_EDGE('',*,*,#1464,.T.);
#1464 = EDGE_CURVE('',#1455,#1465,#1467,.T.);
#1465 = VERTEX_POINT('',#1466);
#1466 = CARTESIAN_POINT('',(1.2,-0.76,0.));
#1467 = CIRCLE('',#1468,4.E-02);
#1468 = AXIS2_PLACEMENT_3D('',#1469,#1470,#1471);
#1469 = CARTESIAN_POINT('',(1.2,-0.76,4.E-02));
#1470 = DIRECTION('',(1.,0.,-0.));
#1471 = DIRECTION('',(0.,0.,1.));
#1472 = ORIENTED_EDGE('',*,*,#1473,.T.);
#1473 = EDGE_CURVE('',#1465,#1474,#1476,.T.);
#1474 = VERTEX_POINT('',#1475);
#1475 = CARTESIAN_POINT('',(1.2,0.76,0.));
#1476 = LINE('',#1477,#1478);
#1477 = CARTESIAN_POINT('',(1.2,-0.8,0.));
#1478 = VECTOR('',#1479,1.);
#1479 = DIRECTION('',(0.,1.,0.));
#1480 = ORIENTED_EDGE('',*,*,#1481,.F.);
#1481 = EDGE_CURVE('',#1482,#1474,#1484,.T.);
#1482 = VERTEX_POINT('',#1483);
#1483 = CARTESIAN_POINT('',(1.2,0.8,4.E-02));
#1484 = CIRCLE('',#1485,4.E-02);
#1485 = AXIS2_PLACEMENT_3D('',#1486,#1487,#1488);
#1486 = CARTESIAN_POINT('',(1.2,0.76,4.E-02));
#1487 = DIRECTION('',(-1.,0.,0.));
#1488 = DIRECTION('',(0.,0.,1.));
#1489 = ORIENTED_EDGE('',*,*,#1490,.T.);
#1490 = EDGE_CURVE('',#1482,#1491,#1493,.T.);
#1491 = VERTEX_POINT('',#1492);
#1492 = CARTESIAN_POINT('',(1.2,0.8,1.56));
#1493 = LINE('',#1494,#1495);
#1494 = CARTESIAN_POINT('',(1.2,0.8,0.));
#1495 = VECTOR('',#1496,1.);
#1496 = DIRECTION('',(0.,0.,1.));
#1497 = ORIENTED_EDGE('',*,*,#1498,.T.);
#1498 = EDGE_CURVE('',#1491,#1499,#1501,.T.);
#1499 = VERTEX_POINT('',#1500);
#1500 = CARTESIAN_POINT('',(1.2,0.76,1.6));
#1501 = CIRCLE('',#1502,4.E-02);
#1502 = AXIS2_PLACEMENT_3D('',#1503,#1504,#1505);
#1503 = CARTESIAN_POINT('',(1.2,0.76,1.56));
#1504 = DIRECTION('',(1.,0.,-0.));
#1505 = DIRECTION('',(0.,0.,1.));
#1506 = ORIENTED_EDGE('',*,*,#1507,.F.);
#1507 = EDGE_CURVE('',#1508,#1499,#1510,.T.);
#1508 = VERTEX_POINT('',#1509);
#1509 = CARTESIAN_POINT('',(1.2,-0.76,1.6));
#1510 = LINE('',#1511,#1512);
#1511 = CARTESIAN_POINT('',(1.2,-0.8,1.6));
#1512 = VECTOR('',#1513,1.);
#1513 = DIRECTION('',(0.,1.,0.));
#1514 = ORIENTED_EDGE('',*,*,#1515,.F.);
#1515 = EDGE_CURVE('',#1457,#1508,#1516,.T.);
#1516 = CIRCLE('',#1517,4.E-02);
#1517 = AXIS2_PLACEMENT_3D('',#1518,#1519,#1520);
#1518 = CARTESIAN_POINT('',(1.2,-0.76,1.56));
#1519 = DIRECTION('',(-1.,0.,0.));
#1520 = DIRECTION('',(0.,0.,1.));
#1521 = FACE_BOUND('',#1522,.F.);
#1522 = EDGE_LOOP('',(#1523,#1524,#1525,#1526,#1527,#1528,#1529,#1530));
#1523 = ORIENTED_EDGE('',*,*,#1267,.F.);
#1524 = ORIENTED_EDGE('',*,*,#1437,.T.);
#1525 = ORIENTED_EDGE('',*,*,#1420,.T.);
#1526 = ORIENTED_EDGE('',*,*,#1397,.T.);
#1527 = ORIENTED_EDGE('',*,*,#1372,.F.);
#1528 = ORIENTED_EDGE('',*,*,#1339,.F.);
#1529 = ORIENTED_EDGE('',*,*,#1322,.T.);
#1530 = ORIENTED_EDGE('',*,*,#1292,.F.);
#1531 = PLANE('',#1532);
#1532 = AXIS2_PLACEMENT_3D('',#1533,#1534,#1535);
#1533 = CARTESIAN_POINT('',(1.2,-0.8,0.));
#1534 = DIRECTION('',(1.,0.,0.));
#1535 = DIRECTION('',(0.,0.,1.));
#1536 = ADVANCED_FACE('',(#1537),#1562,.F.);
#1537 = FACE_BOUND('',#1538,.F.);
#1538 = EDGE_LOOP('',(#1539,#1549,#1555,#1556));
#1539 = ORIENTED_EDGE('',*,*,#1540,.F.);
#1540 = EDGE_CURVE('',#1541,#1543,#1545,.T.);
#1541 = VERTEX_POINT('',#1542);
#1542 = CARTESIAN_POINT('',(1.6,-0.8,4.E-02));
#1543 = VERTEX_POINT('',#1544);
#1544 = CARTESIAN_POINT('',(1.6,-0.8,1.56));
#1545 = LINE('',#1546,#1547);
#1546 = CARTESIAN_POINT('',(1.6,-0.8,0.));
#1547 = VECTOR('',#1548,1.);
#1548 = DIRECTION('',(0.,0.,1.));
#1549 = ORIENTED_EDGE('',*,*,#1550,.F.);
#1550 = EDGE_CURVE('',#1455,#1541,#1551,.T.);
#1551 = LINE('',#1552,#1553);
#1552 = CARTESIAN_POINT('',(1.2,-0.8,4.E-02));
#1553 = VECTOR('',#1554,1.);
#1554 = DIRECTION('',(1.,0.,0.));
#1555 = ORIENTED_EDGE('',*,*,#1454,.T.);
#1556 = ORIENTED_EDGE('',*,*,#1557,.T.);
#1557 = EDGE_CURVE('',#1457,#1543,#1558,.T.);
#1558 = LINE('',#1559,#1560);
#1559 = CARTESIAN_POINT('',(1.2,-0.8,1.56));
#1560 = VECTOR('',#1561,1.);
#1561 = DIRECTION('',(1.,0.,0.));
#1562 = PLANE('',#1563);
#1563 = AXIS2_PLACEMENT_3D('',#1564,#1565,#1566);
#1564 = CARTESIAN_POINT('',(1.2,-0.8,0.));
#1565 = DIRECTION('',(0.,1.,0.));
#1566 = DIRECTION('',(0.,-0.,1.));
#1567 = ADVANCED_FACE('',(#1568),#1587,.T.);
#1568 = FACE_BOUND('',#1569,.T.);
#1569 = EDGE_LOOP('',(#1570,#1571,#1579,#1586));
#1570 = ORIENTED_EDGE('',*,*,#1464,.T.);
#1571 = ORIENTED_EDGE('',*,*,#1572,.T.);
#1572 = EDGE_CURVE('',#1465,#1573,#1575,.T.);
#1573 = VERTEX_POINT('',#1574);
#1574 = CARTESIAN_POINT('',(1.6,-0.76,0.));
#1575 = LINE('',#1576,#1577);
#1576 = CARTESIAN_POINT('',(1.2,-0.76,0.));
#1577 = VECTOR('',#1578,1.);
#1578 = DIRECTION('',(1.,0.,0.));
#1579 = ORIENTED_EDGE('',*,*,#1580,.F.);
#1580 = EDGE_CURVE('',#1541,#1573,#1581,.T.);
#1581 = CIRCLE('',#1582,4.E-02);
#1582 = AXIS2_PLACEMENT_3D('',#1583,#1584,#1585);
#1583 = CARTESIAN_POINT('',(1.6,-0.76,4.E-02));
#1584 = DIRECTION('',(1.,0.,-0.));
#1585 = DIRECTION('',(0.,0.,1.));
#1586 = ORIENTED_EDGE('',*,*,#1550,.F.);
#1587 = CYLINDRICAL_SURFACE('',#1588,4.E-02);
#1588 = AXIS2_PLACEMENT_3D('',#1589,#1590,#1591);
#1589 = CARTESIAN_POINT('',(1.2,-0.76,4.E-02));
#1590 = DIRECTION('',(1.,0.,0.));
#1591 = DIRECTION('',(0.,-1.,0.));
#1592 = ADVANCED_FACE('',(#1593),#1612,.T.);
#1593 = FACE_BOUND('',#1594,.T.);
#1594 = EDGE_LOOP('',(#1595,#1596,#1605,#1611));
#1595 = ORIENTED_EDGE('',*,*,#1557,.T.);
#1596 = ORIENTED_EDGE('',*,*,#1597,.T.);
#1597 = EDGE_CURVE('',#1543,#1598,#1600,.T.);
#1598 = VERTEX_POINT('',#1599);
#1599 = CARTESIAN_POINT('',(1.6,-0.76,1.6));
#1600 = CIRCLE('',#1601,4.E-02);
#1601 = AXIS2_PLACEMENT_3D('',#1602,#1603,#1604);
#1602 = CARTESIAN_POINT('',(1.6,-0.76,1.56));
#1603 = DIRECTION('',(-1.,0.,0.));
#1604 = DIRECTION('',(0.,0.,1.));
#1605 = ORIENTED_EDGE('',*,*,#1606,.F.);
#1606 = EDGE_CURVE('',#1508,#1598,#1607,.T.);
#1607 = LINE('',#1608,#1609);
#1608 = CARTESIAN_POINT('',(1.2,-0.76,1.6));
#1609 = VECTOR('',#1610,1.);
#1610 = DIRECTION('',(1.,0.,0.));
#1611 = ORIENTED_EDGE('',*,*,#1515,.F.);
#1612 = CYLINDRICAL_SURFACE('',#1613,4.E-02);
#1613 = AXIS2_PLACEMENT_3D('',#1614,#1615,#1616);
#1614 = CARTESIAN_POINT('',(1.2,-0.76,1.56));
#1615 = DIRECTION('',(1.,0.,0.));
#1616 = DIRECTION('',(0.,-1.,0.));
#1617 = ADVANCED_FACE('',(#1618),#1636,.F.);
#1618 = FACE_BOUND('',#1619,.F.);
#1619 = EDGE_LOOP('',(#1620,#1621,#1622,#1630));
#1620 = ORIENTED_EDGE('',*,*,#1473,.F.);
#1621 = ORIENTED_EDGE('',*,*,#1572,.T.);
#1622 = ORIENTED_EDGE('',*,*,#1623,.T.);
#1623 = EDGE_CURVE('',#1573,#1624,#1626,.T.);
#1624 = VERTEX_POINT('',#1625);
#1625 = CARTESIAN_POINT('',(1.6,0.76,0.));
#1626 = LINE('',#1627,#1628);
#1627 = CARTESIAN_POINT('',(1.6,-0.8,0.));
#1628 = VECTOR('',#1629,1.);
#1629 = DIRECTION('',(0.,1.,0.));
#1630 = ORIENTED_EDGE('',*,*,#1631,.F.);
#1631 = EDGE_CURVE('',#1474,#1624,#1632,.T.);
#1632 = LINE('',#1633,#1634);
#1633 = CARTESIAN_POINT('',(1.2,0.76,0.));
#1634 = VECTOR('',#1635,1.);
#1635 = DIRECTION('',(1.,0.,0.));
#1636 = PLANE('',#1637);
#1637 = AXIS2_PLACEMENT_3D('',#1638,#1639,#1640);
#1638 = CARTESIAN_POINT('',(1.2,-0.8,0.));
#1639 = DIRECTION('',(0.,0.,1.));
#1640 = DIRECTION('',(1.,0.,-0.));
#1641 = ADVANCED_FACE('',(#1642),#1660,.T.);
#1642 = FACE_BOUND('',#1643,.T.);
#1643 = EDGE_LOOP('',(#1644,#1645,#1646,#1654));
#1644 = ORIENTED_EDGE('',*,*,#1507,.F.);
#1645 = ORIENTED_EDGE('',*,*,#1606,.T.);
#1646 = ORIENTED_EDGE('',*,*,#1647,.T.);
#1647 = EDGE_CURVE('',#1598,#1648,#1650,.T.);
#1648 = VERTEX_POINT('',#1649);
#1649 = CARTESIAN_POINT('',(1.6,0.76,1.6));
#1650 = LINE('',#1651,#1652);
#1651 = CARTESIAN_POINT('',(1.6,-0.8,1.6));
#1652 = VECTOR('',#1653,1.);
#1653 = DIRECTION('',(0.,1.,0.));
#1654 = ORIENTED_EDGE('',*,*,#1655,.F.);
#1655 = EDGE_CURVE('',#1499,#1648,#1656,.T.);
#1656 = LINE('',#1657,#1658);
#1657 = CARTESIAN_POINT('',(1.2,0.76,1.6));
#1658 = VECTOR('',#1659,1.);
#1659 = DIRECTION('',(1.,0.,0.));
#1660 = PLANE('',#1661);
#1661 = AXIS2_PLACEMENT_3D('',#1662,#1663,#1664);
#1662 = CARTESIAN_POINT('',(1.2,-0.8,1.6));
#1663 = DIRECTION('',(0.,0.,1.));
#1664 = DIRECTION('',(1.,0.,-0.));
#1665 = ADVANCED_FACE('',(#1666),#1685,.T.);
#1666 = FACE_BOUND('',#1667,.T.);
#1667 = EDGE_LOOP('',(#1668,#1676,#1683,#1684));
#1668 = ORIENTED_EDGE('',*,*,#1669,.T.);
#1669 = EDGE_CURVE('',#1482,#1670,#1672,.T.);
#1670 = VERTEX_POINT('',#1671);
#1671 = CARTESIAN_POINT('',(1.6,0.8,4.E-02));
#1672 = LINE('',#1673,#1674);
#1673 = CARTESIAN_POINT('',(1.2,0.8,4.E-02));
#1674 = VECTOR('',#1675,1.);
#1675 = DIRECTION('',(1.,0.,0.));
#1676 = ORIENTED_EDGE('',*,*,#1677,.T.);
#1677 = EDGE_CURVE('',#1670,#1624,#1678,.T.);
#1678 = CIRCLE('',#1679,4.E-02);
#1679 = AXIS2_PLACEMENT_3D('',#1680,#1681,#1682);
#1680 = CARTESIAN_POINT('',(1.6,0.76,4.E-02));
#1681 = DIRECTION('',(-1.,0.,0.));
#1682 = DIRECTION('',(0.,0.,1.));
#1683 = ORIENTED_EDGE('',*,*,#1631,.F.);
#1684 = ORIENTED_EDGE('',*,*,#1481,.F.);
#1685 = CYLINDRICAL_SURFACE('',#1686,4.E-02);
#1686 = AXIS2_PLACEMENT_3D('',#1687,#1688,#1689);
#1687 = CARTESIAN_POINT('',(1.2,0.76,4.E-02));
#1688 = DIRECTION('',(1.,0.,0.));
#1689 = DIRECTION('',(-0.,1.,0.));
#1690 = ADVANCED_FACE('',(#1691),#1710,.T.);
#1691 = FACE_BOUND('',#1692,.T.);
#1692 = EDGE_LOOP('',(#1693,#1694,#1695,#1704));
#1693 = ORIENTED_EDGE('',*,*,#1498,.T.);
#1694 = ORIENTED_EDGE('',*,*,#1655,.T.);
#1695 = ORIENTED_EDGE('',*,*,#1696,.F.);
#1696 = EDGE_CURVE('',#1697,#1648,#1699,.T.);
#1697 = VERTEX_POINT('',#1698);
#1698 = CARTESIAN_POINT('',(1.6,0.8,1.56));
#1699 = CIRCLE('',#1700,4.E-02);
#1700 = AXIS2_PLACEMENT_3D('',#1701,#1702,#1703);
#1701 = CARTESIAN_POINT('',(1.6,0.76,1.56));
#1702 = DIRECTION('',(1.,0.,-0.));
#1703 = DIRECTION('',(0.,0.,1.));
#1704 = ORIENTED_EDGE('',*,*,#1705,.F.);
#1705 = EDGE_CURVE('',#1491,#1697,#1706,.T.);
#1706 = LINE('',#1707,#1708);
#1707 = CARTESIAN_POINT('',(1.2,0.8,1.56));
#1708 = VECTOR('',#1709,1.);
#1709 = DIRECTION('',(1.,0.,0.));
#1710 = CYLINDRICAL_SURFACE('',#1711,4.E-02);
#1711 = AXIS2_PLACEMENT_3D('',#1712,#1713,#1714);
#1712 = CARTESIAN_POINT('',(1.2,0.76,1.56));
#1713 = DIRECTION('',(1.,0.,0.));
#1714 = DIRECTION('',(-0.,1.,0.));
#1715 = ADVANCED_FACE('',(#1716),#1727,.T.);
#1716 = FACE_BOUND('',#1717,.T.);
#1717 = EDGE_LOOP('',(#1718,#1724,#1725,#1726));
#1718 = ORIENTED_EDGE('',*,*,#1719,.F.);
#1719 = EDGE_CURVE('',#1670,#1697,#1720,.T.);
#1720 = LINE('',#1721,#1722);
#1721 = CARTESIAN_POINT('',(1.6,0.8,0.));
#1722 = VECTOR('',#1723,1.);
#1723 = DIRECTION('',(0.,0.,1.));
#1724 = ORIENTED_EDGE('',*,*,#1669,.F.);
#1725 = ORIENTED_EDGE('',*,*,#1490,.T.);
#1726 = ORIENTED_EDGE('',*,*,#1705,.T.);
#1727 = PLANE('',#1728);
#1728 = AXIS2_PLACEMENT_3D('',#1729,#1730,#1731);
#1729 = CARTESIAN_POINT('',(1.2,0.8,0.));
#1730 = DIRECTION('',(0.,1.,0.));
#1731 = DIRECTION('',(0.,-0.,1.));
#1732 = ADVANCED_FACE('',(#1733),#1743,.T.);
#1733 = FACE_BOUND('',#1734,.T.);
#1734 = EDGE_LOOP('',(#1735,#1736,#1737,#1738,#1739,#1740,#1741,#1742));
#1735 = ORIENTED_EDGE('',*,*,#1540,.F.);
#1736 = ORIENTED_EDGE('',*,*,#1580,.T.);
#1737 = ORIENTED_EDGE('',*,*,#1623,.T.);
#1738 = ORIENTED_EDGE('',*,*,#1677,.F.);
#1739 = ORIENTED_EDGE('',*,*,#1719,.T.);
#1740 = ORIENTED_EDGE('',*,*,#1696,.T.);
#1741 = ORIENTED_EDGE('',*,*,#1647,.F.);
#1742 = ORIENTED_EDGE('',*,*,#1597,.F.);
#1743 = PLANE('',#1744);
#1744 = AXIS2_PLACEMENT_3D('',#1745,#1746,#1747);
#1745 = CARTESIAN_POINT('',(1.6,-0.8,0.));
#1746 = DIRECTION('',(1.,0.,0.));
#1747 = DIRECTION('',(0.,0.,1.));
#1748 = ( GEOMETRIC_REPRESENTATION_CONTEXT(3) 
GLOBAL_UNCERTAINTY_ASSIGNED_CONTEXT((#1752)) 
GLOBAL_UNIT_ASSIGNED_CONTEXT((#1749,#1750,#1751)) REPRESENTATION_CONTEXT
('Context #1','3D Context with UNIT and UNCERTAINTY') );
#1749 = ( LENGTH_UNIT() NAMED_UNIT(*) SI_UNIT(.MILLI.,.METRE.) );
#1750 = ( NAMED_UNIT(*) PLANE_ANGLE_UNIT() SI_UNIT($,.RADIAN.) );
#1751 = ( NAMED_UNIT(*) SI_UNIT($,.STERADIAN.) SOLID_ANGLE_UNIT() );
#1752 = UNCERTAINTY_MEASURE_WITH_UNIT(LENGTH_MEASURE(1.E-07),#1749,
  'distance_accuracy_value','confusion accuracy');
#1753 = CONTEXT_DEPENDENT_SHAPE_REPRESENTATION(#1754,#1756);
#1754 = ( REPRESENTATION_RELATIONSHIP('','',#893,#10) 
REPRESENTATION_RELATIONSHIP_WITH_TRANSFORMATION(#1755) 
SHAPE_REPRESENTATION_RELATIONSHIP() );
#1755 = ITEM_DEFINED_TRANSFORMATION('','',#11,#19);
#1756 = PRODUCT_DEFINITION_SHAPE('Placement','Placement of an item',
  #1757);
#1757 = NEXT_ASSEMBLY_USAGE_OCCURRENCE('2','C9','',#5,#888,$);
#1758 = PRODUCT_RELATED_PRODUCT_CATEGORY('part',$,(#890));
#1759 = SHAPE_DEFINITION_REPRESENTATION(#1760,#1766);
#1760 = PRODUCT_DEFINITION_SHAPE('','',#1761);
#1761 = PRODUCT_DEFINITION('design','',#1762,#1765);
#1762 = PRODUCT_DEFINITION_FORMATION('','',#1763);
#1763 = PRODUCT('C_0805_2012Metric','C_0805_2012Metric','',(#1764));
#1764 = PRODUCT_CONTEXT('',#2,'mechanical');
#1765 = PRODUCT_DEFINITION_CONTEXT('part definition',#2,'design');
#1766 = ADVANCED_BREP_SHAPE_REPRESENTATION('',(#11,#1767),#2621);
#1767 = MANIFOLD_SOLID_BREP('',#1768);
#1768 = CLOSED_SHELL('',(#1769,#1845,#1876,#1901,#1926,#1950,#1974,#1999
    ,#2024,#2041,#2127,#2159,#2183,#2208,#2232,#2257,#2281,#2306,#2323,
    #2409,#2440,#2465,#2490,#2514,#2538,#2563,#2588,#2605));
#1769 = ADVANCED_FACE('',(#1770),#1840,.F.);
#1770 = FACE_BOUND('',#1771,.F.);
#1771 = EDGE_LOOP('',(#1772,#1782,#1791,#1799,#1808,#1816,#1825,#1833));
#1772 = ORIENTED_EDGE('',*,*,#1773,.F.);
#1773 = EDGE_CURVE('',#1774,#1776,#1778,.T.);
#1774 = VERTEX_POINT('',#1775);
#1775 = CARTESIAN_POINT('',(-1.,-0.625,4.E-02));
#1776 = VERTEX_POINT('',#1777);
#1777 = CARTESIAN_POINT('',(-1.,-0.625,1.21));
#1778 = LINE('',#1779,#1780);
#1779 = CARTESIAN_POINT('',(-1.,-0.625,0.));
#1780 = VECTOR('',#1781,1.);
#1781 = DIRECTION('',(0.,0.,1.));
#1782 = ORIENTED_EDGE('',*,*,#1783,.T.);
#1783 = EDGE_CURVE('',#1774,#1784,#1786,.T.);
#1784 = VERTEX_POINT('',#1785);
#1785 = CARTESIAN_POINT('',(-1.,-0.585,0.));
#1786 = CIRCLE('',#1787,4.E-02);
#1787 = AXIS2_PLACEMENT_3D('',#1788,#1789,#1790);
#1788 = CARTESIAN_POINT('',(-1.,-0.585,4.E-02));
#1789 = DIRECTION('',(1.,0.,-0.));
#1790 = DIRECTION('',(0.,0.,1.));
#1791 = ORIENTED_EDGE('',*,*,#1792,.T.);
#1792 = EDGE_CURVE('',#1784,#1793,#1795,.T.);
#1793 = VERTEX_POINT('',#1794);
#1794 = CARTESIAN_POINT('',(-1.,0.585,0.));
#1795 = LINE('',#1796,#1797);
#1796 = CARTESIAN_POINT('',(-1.,-0.625,0.));
#1797 = VECTOR('',#1798,1.);
#1798 = DIRECTION('',(0.,1.,0.));
#1799 = ORIENTED_EDGE('',*,*,#1800,.F.);
#1800 = EDGE_CURVE('',#1801,#1793,#1803,.T.);
#1801 = VERTEX_POINT('',#1802);
#1802 = CARTESIAN_POINT('',(-1.,0.625,4.E-02));
#1803 = CIRCLE('',#1804,4.E-02);
#1804 = AXIS2_PLACEMENT_3D('',#1805,#1806,#1807);
#1805 = CARTESIAN_POINT('',(-1.,0.585,4.E-02));
#1806 = DIRECTION('',(-1.,0.,0.));
#1807 = DIRECTION('',(0.,0.,1.));
#1808 = ORIENTED_EDGE('',*,*,#1809,.T.);
#1809 = EDGE_CURVE('',#1801,#1810,#1812,.T.);
#1810 = VERTEX_POINT('',#1811);
#1811 = CARTESIAN_POINT('',(-1.,0.625,1.21));
#1812 = LINE('',#1813,#1814);
#1813 = CARTESIAN_POINT('',(-1.,0.625,0.));
#1814 = VECTOR('',#1815,1.);
#1815 = DIRECTION('',(0.,0.,1.));
#1816 = ORIENTED_EDGE('',*,*,#1817,.T.);
#1817 = EDGE_CURVE('',#1810,#1818,#1820,.T.);
#1818 = VERTEX_POINT('',#1819);
#1819 = CARTESIAN_POINT('',(-1.,0.585,1.25));
#1820 = CIRCLE('',#1821,4.E-02);
#1821 = AXIS2_PLACEMENT_3D('',#1822,#1823,#1824);
#1822 = CARTESIAN_POINT('',(-1.,0.585,1.21));
#1823 = DIRECTION('',(1.,0.,-0.));
#1824 = DIRECTION('',(0.,0.,1.));
#1825 = ORIENTED_EDGE('',*,*,#1826,.F.);
#1826 = EDGE_CURVE('',#1827,#1818,#1829,.T.);
#1827 = VERTEX_POINT('',#1828);
#1828 = CARTESIAN_POINT('',(-1.,-0.585,1.25));
#1829 = LINE('',#1830,#1831);
#1830 = CARTESIAN_POINT('',(-1.,-0.625,1.25));
#1831 = VECTOR('',#1832,1.);
#1832 = DIRECTION('',(0.,1.,0.));
#1833 = ORIENTED_EDGE('',*,*,#1834,.F.);
#1834 = EDGE_CURVE('',#1776,#1827,#1835,.T.);
#1835 = CIRCLE('',#1836,4.E-02);
#1836 = AXIS2_PLACEMENT_3D('',#1837,#1838,#1839);
#1837 = CARTESIAN_POINT('',(-1.,-0.585,1.21));
#1838 = DIRECTION('',(-1.,0.,0.));
#1839 = DIRECTION('',(0.,0.,1.));
#1840 = PLANE('',#1841);
#1841 = AXIS2_PLACEMENT_3D('',#1842,#1843,#1844);
#1842 = CARTESIAN_POINT('',(-1.,-0.625,0.));
#1843 = DIRECTION('',(1.,0.,0.));
#1844 = DIRECTION('',(0.,0.,1.));
#1845 = ADVANCED_FACE('',(#1846),#1871,.F.);
#1846 = FACE_BOUND('',#1847,.F.);
#1847 = EDGE_LOOP('',(#1848,#1858,#1864,#1865));
#1848 = ORIENTED_EDGE('',*,*,#1849,.F.);
#1849 = EDGE_CURVE('',#1850,#1852,#1854,.T.);
#1850 = VERTEX_POINT('',#1851);
#1851 = CARTESIAN_POINT('',(-0.6,-0.625,4.E-02));
#1852 = VERTEX_POINT('',#1853);
#1853 = CARTESIAN_POINT('',(-0.6,-0.625,1.21));
#1854 = LINE('',#1855,#1856);
#1855 = CARTESIAN_POINT('',(-0.6,-0.625,0.));
#1856 = VECTOR('',#1857,1.);
#1857 = DIRECTION('',(0.,0.,1.));
#1858 = ORIENTED_EDGE('',*,*,#1859,.F.);
#1859 = EDGE_CURVE('',#1774,#1850,#1860,.T.);
#1860 = LINE('',#1861,#1862);
#1861 = CARTESIAN_POINT('',(-1.,-0.625,4.E-02));
#1862 = VECTOR('',#1863,1.);
#1863 = DIRECTION('',(1.,0.,0.));
#1864 = ORIENTED_EDGE('',*,*,#1773,.T.);
#1865 = ORIENTED_EDGE('',*,*,#1866,.T.);
#1866 = EDGE_CURVE('',#1776,#1852,#1867,.T.);
#1867 = LINE('',#1868,#1869);
#1868 = CARTESIAN_POINT('',(-1.,-0.625,1.21));
#1869 = VECTOR('',#1870,1.);
#1870 = DIRECTION('',(1.,0.,0.));
#1871 = PLANE('',#1872);
#1872 = AXIS2_PLACEMENT_3D('',#1873,#1874,#1875);
#1873 = CARTESIAN_POINT('',(-1.,-0.625,0.));
#1874 = DIRECTION('',(0.,1.,0.));
#1875 = DIRECTION('',(0.,-0.,1.));
#1876 = ADVANCED_FACE('',(#1877),#1896,.T.);
#1877 = FACE_BOUND('',#1878,.T.);
#1878 = EDGE_LOOP('',(#1879,#1880,#1888,#1895));
#1879 = ORIENTED_EDGE('',*,*,#1783,.T.);
#1880 = ORIENTED_EDGE('',*,*,#1881,.T.);
#1881 = EDGE_CURVE('',#1784,#1882,#1884,.T.);
#1882 = VERTEX_POINT('',#1883);
#1883 = CARTESIAN_POINT('',(-0.6,-0.585,0.));
#1884 = LINE('',#1885,#1886);
#1885 = CARTESIAN_POINT('',(-1.,-0.585,0.));
#1886 = VECTOR('',#1887,1.);
#1887 = DIRECTION('',(1.,0.,0.));
#1888 = ORIENTED_EDGE('',*,*,#1889,.F.);
#1889 = EDGE_CURVE('',#1850,#1882,#1890,.T.);
#1890 = CIRCLE('',#1891,4.E-02);
#1891 = AXIS2_PLACEMENT_3D('',#1892,#1893,#1894);
#1892 = CARTESIAN_POINT('',(-0.6,-0.585,4.E-02));
#1893 = DIRECTION('',(1.,0.,-0.));
#1894 = DIRECTION('',(0.,0.,1.));
#1895 = ORIENTED_EDGE('',*,*,#1859,.F.);
#1896 = CYLINDRICAL_SURFACE('',#1897,4.E-02);
#1897 = AXIS2_PLACEMENT_3D('',#1898,#1899,#1900);
#1898 = CARTESIAN_POINT('',(-1.,-0.585,4.E-02));
#1899 = DIRECTION('',(1.,0.,0.));
#1900 = DIRECTION('',(0.,-1.,0.));
#1901 = ADVANCED_FACE('',(#1902),#1921,.T.);
#1902 = FACE_BOUND('',#1903,.T.);
#1903 = EDGE_LOOP('',(#1904,#1905,#1914,#1920));
#1904 = ORIENTED_EDGE('',*,*,#1866,.T.);
#1905 = ORIENTED_EDGE('',*,*,#1906,.T.);
#1906 = EDGE_CURVE('',#1852,#1907,#1909,.T.);
#1907 = VERTEX_POINT('',#1908);
#1908 = CARTESIAN_POINT('',(-0.6,-0.585,1.25));
#1909 = CIRCLE('',#1910,4.E-02);
#1910 = AXIS2_PLACEMENT_3D('',#1911,#1912,#1913);
#1911 = CARTESIAN_POINT('',(-0.6,-0.585,1.21));
#1912 = DIRECTION('',(-1.,0.,0.));
#1913 = DIRECTION('',(0.,0.,1.));
#1914 = ORIENTED_EDGE('',*,*,#1915,.F.);
#1915 = EDGE_CURVE('',#1827,#1907,#1916,.T.);
#1916 = LINE('',#1917,#1918);
#1917 = CARTESIAN_POINT('',(-1.,-0.585,1.25));
#1918 = VECTOR('',#1919,1.);
#1919 = DIRECTION('',(1.,0.,0.));
#1920 = ORIENTED_EDGE('',*,*,#1834,.F.);
#1921 = CYLINDRICAL_SURFACE('',#1922,4.E-02);
#1922 = AXIS2_PLACEMENT_3D('',#1923,#1924,#1925);
#1923 = CARTESIAN_POINT('',(-1.,-0.585,1.21));
#1924 = DIRECTION('',(1.,0.,0.));
#1925 = DIRECTION('',(0.,-1.,0.));
#1926 = ADVANCED_FACE('',(#1927),#1945,.F.);
#1927 = FACE_BOUND('',#1928,.F.);
#1928 = EDGE_LOOP('',(#1929,#1930,#1931,#1939));
#1929 = ORIENTED_EDGE('',*,*,#1792,.F.);
#1930 = ORIENTED_EDGE('',*,*,#1881,.T.);
#1931 = ORIENTED_EDGE('',*,*,#1932,.T.);
#1932 = EDGE_CURVE('',#1882,#1933,#1935,.T.);
#1933 = VERTEX_POINT('',#1934);
#1934 = CARTESIAN_POINT('',(-0.6,0.585,0.));
#1935 = LINE('',#1936,#1937);
#1936 = CARTESIAN_POINT('',(-0.6,-0.625,0.));
#1937 = VECTOR('',#1938,1.);
#1938 = DIRECTION('',(0.,1.,0.));
#1939 = ORIENTED_EDGE('',*,*,#1940,.F.);
#1940 = EDGE_CURVE('',#1793,#1933,#1941,.T.);
#1941 = LINE('',#1942,#1943);
#1942 = CARTESIAN_POINT('',(-1.,0.585,0.));
#1943 = VECTOR('',#1944,1.);
#1944 = DIRECTION('',(1.,0.,0.));
#1945 = PLANE('',#1946);
#1946 = AXIS2_PLACEMENT_3D('',#1947,#1948,#1949);
#1947 = CARTESIAN_POINT('',(-1.,-0.625,0.));
#1948 = DIRECTION('',(0.,0.,1.));
#1949 = DIRECTION('',(1.,0.,-0.));
#1950 = ADVANCED_FACE('',(#1951),#1969,.T.);
#1951 = FACE_BOUND('',#1952,.T.);
#1952 = EDGE_LOOP('',(#1953,#1954,#1955,#1963));
#1953 = ORIENTED_EDGE('',*,*,#1826,.F.);
#1954 = ORIENTED_EDGE('',*,*,#1915,.T.);
#1955 = ORIENTED_EDGE('',*,*,#1956,.T.);
#1956 = EDGE_CURVE('',#1907,#1957,#1959,.T.);
#1957 = VERTEX_POINT('',#1958);
#1958 = CARTESIAN_POINT('',(-0.6,0.585,1.25));
#1959 = LINE('',#1960,#1961);
#1960 = CARTESIAN_POINT('',(-0.6,-0.625,1.25));
#1961 = VECTOR('',#1962,1.);
#1962 = DIRECTION('',(0.,1.,0.));
#1963 = ORIENTED_EDGE('',*,*,#1964,.F.);
#1964 = EDGE_CURVE('',#1818,#1957,#1965,.T.);
#1965 = LINE('',#1966,#1967);
#1966 = CARTESIAN_POINT('',(-1.,0.585,1.25));
#1967 = VECTOR('',#1968,1.);
#1968 = DIRECTION('',(1.,0.,0.));
#1969 = PLANE('',#1970);
#1970 = AXIS2_PLACEMENT_3D('',#1971,#1972,#1973);
#1971 = CARTESIAN_POINT('',(-1.,-0.625,1.25));
#1972 = DIRECTION('',(0.,0.,1.));
#1973 = DIRECTION('',(1.,0.,-0.));
#1974 = ADVANCED_FACE('',(#1975),#1994,.T.);
#1975 = FACE_BOUND('',#1976,.T.);
#1976 = EDGE_LOOP('',(#1977,#1985,#1992,#1993));
#1977 = ORIENTED_EDGE('',*,*,#1978,.T.);
#1978 = EDGE_CURVE('',#1801,#1979,#1981,.T.);
#1979 = VERTEX_POINT('',#1980);
#1980 = CARTESIAN_POINT('',(-0.6,0.625,4.E-02));
#1981 = LINE('',#1982,#1983);
#1982 = CARTESIAN_POINT('',(-1.,0.625,4.E-02));
#1983 = VECTOR('',#1984,1.);
#1984 = DIRECTION('',(1.,0.,0.));
#1985 = ORIENTED_EDGE('',*,*,#1986,.T.);
#1986 = EDGE_CURVE('',#1979,#1933,#1987,.T.);
#1987 = CIRCLE('',#1988,4.E-02);
#1988 = AXIS2_PLACEMENT_3D('',#1989,#1990,#1991);
#1989 = CARTESIAN_POINT('',(-0.6,0.585,4.E-02));
#1990 = DIRECTION('',(-1.,0.,0.));
#1991 = DIRECTION('',(0.,0.,1.));
#1992 = ORIENTED_EDGE('',*,*,#1940,.F.);
#1993 = ORIENTED_EDGE('',*,*,#1800,.F.);
#1994 = CYLINDRICAL_SURFACE('',#1995,4.E-02);
#1995 = AXIS2_PLACEMENT_3D('',#1996,#1997,#1998);
#1996 = CARTESIAN_POINT('',(-1.,0.585,4.E-02));
#1997 = DIRECTION('',(1.,0.,0.));
#1998 = DIRECTION('',(-0.,1.,0.));
#1999 = ADVANCED_FACE('',(#2000),#2019,.T.);
#2000 = FACE_BOUND('',#2001,.T.);
#2001 = EDGE_LOOP('',(#2002,#2003,#2004,#2013));
#2002 = ORIENTED_EDGE('',*,*,#1817,.T.);
#2003 = ORIENTED_EDGE('',*,*,#1964,.T.);
#2004 = ORIENTED_EDGE('',*,*,#2005,.F.);
#2005 = EDGE_CURVE('',#2006,#1957,#2008,.T.);
#2006 = VERTEX_POINT('',#2007);
#2007 = CARTESIAN_POINT('',(-0.6,0.625,1.21));
#2008 = CIRCLE('',#2009,4.E-02);
#2009 = AXIS2_PLACEMENT_3D('',#2010,#2011,#2012);
#2010 = CARTESIAN_POINT('',(-0.6,0.585,1.21));
#2011 = DIRECTION('',(1.,0.,-0.));
#2012 = DIRECTION('',(0.,0.,1.));
#2013 = ORIENTED_EDGE('',*,*,#2014,.F.);
#2014 = EDGE_CURVE('',#1810,#2006,#2015,.T.);
#2015 = LINE('',#2016,#2017);
#2016 = CARTESIAN_POINT('',(-1.,0.625,1.21));
#2017 = VECTOR('',#2018,1.);
#2018 = DIRECTION('',(1.,0.,0.));
#2019 = CYLINDRICAL_SURFACE('',#2020,4.E-02);
#2020 = AXIS2_PLACEMENT_3D('',#2021,#2022,#2023);
#2021 = CARTESIAN_POINT('',(-1.,0.585,1.21));
#2022 = DIRECTION('',(1.,0.,0.));
#2023 = DIRECTION('',(-0.,1.,0.));
#2024 = ADVANCED_FACE('',(#2025),#2036,.T.);
#2025 = FACE_BOUND('',#2026,.T.);
#2026 = EDGE_LOOP('',(#2027,#2033,#2034,#2035));
#2027 = ORIENTED_EDGE('',*,*,#2028,.F.);
#2028 = EDGE_CURVE('',#1979,#2006,#2029,.T.);
#2029 = LINE('',#2030,#2031);
#2030 = CARTESIAN_POINT('',(-0.6,0.625,0.));
#2031 = VECTOR('',#2032,1.);
#2032 = DIRECTION('',(0.,0.,1.));
#2033 = ORIENTED_EDGE('',*,*,#1978,.F.);
#2034 = ORIENTED_EDGE('',*,*,#1809,.T.);
#2035 = ORIENTED_EDGE('',*,*,#2014,.T.);
#2036 = PLANE('',#2037);
#2037 = AXIS2_PLACEMENT_3D('',#2038,#2039,#2040);
#2038 = CARTESIAN_POINT('',(-1.,0.625,0.));
#2039 = DIRECTION('',(0.,1.,0.));
#2040 = DIRECTION('',(0.,-0.,1.));
#2041 = ADVANCED_FACE('',(#2042,#2052),#2122,.T.);
#2042 = FACE_BOUND('',#2043,.T.);
#2043 = EDGE_LOOP('',(#2044,#2045,#2046,#2047,#2048,#2049,#2050,#2051));
#2044 = ORIENTED_EDGE('',*,*,#1849,.F.);
#2045 = ORIENTED_EDGE('',*,*,#1889,.T.);
#2046 = ORIENTED_EDGE('',*,*,#1932,.T.);
#2047 = ORIENTED_EDGE('',*,*,#1986,.F.);
#2048 = ORIENTED_EDGE('',*,*,#2028,.T.);
#2049 = ORIENTED_EDGE('',*,*,#2005,.T.);
#2050 = ORIENTED_EDGE('',*,*,#1956,.F.);
#2051 = ORIENTED_EDGE('',*,*,#1906,.F.);
#2052 = FACE_BOUND('',#2053,.T.);
#2053 = EDGE_LOOP('',(#2054,#2065,#2073,#2082,#2090,#2099,#2107,#2116));
#2054 = ORIENTED_EDGE('',*,*,#2055,.F.);
#2055 = EDGE_CURVE('',#2056,#2058,#2060,.T.);
#2056 = VERTEX_POINT('',#2057);
#2057 = CARTESIAN_POINT('',(-0.6,-0.585,8.E-02));
#2058 = VERTEX_POINT('',#2059);
#2059 = CARTESIAN_POINT('',(-0.6,-0.545,4.E-02));
#2060 = CIRCLE('',#2061,4.E-02);
#2061 = AXIS2_PLACEMENT_3D('',#2062,#2063,#2064);
#2062 = CARTESIAN_POINT('',(-0.6,-0.545,8.E-02));
#2063 = DIRECTION('',(1.,0.,-0.));
#2064 = DIRECTION('',(0.,0.,1.));
#2065 = ORIENTED_EDGE('',*,*,#2066,.T.);
#2066 = EDGE_CURVE('',#2056,#2067,#2069,.T.);
#2067 = VERTEX_POINT('',#2068);
#2068 = CARTESIAN_POINT('',(-0.6,-0.585,1.17));
#2069 = LINE('',#2070,#2071);
#2070 = CARTESIAN_POINT('',(-0.6,-0.585,4.E-02));
#2071 = VECTOR('',#2072,1.);
#2072 = DIRECTION('',(0.,0.,1.));
#2073 = ORIENTED_EDGE('',*,*,#2074,.T.);
#2074 = EDGE_CURVE('',#2067,#2075,#2077,.T.);
#2075 = VERTEX_POINT('',#2076);
#2076 = CARTESIAN_POINT('',(-0.6,-0.545,1.21));
#2077 = CIRCLE('',#2078,4.E-02);
#2078 = AXIS2_PLACEMENT_3D('',#2079,#2080,#2081);
#2079 = CARTESIAN_POINT('',(-0.6,-0.545,1.17));
#2080 = DIRECTION('',(-1.,0.,0.));
#2081 = DIRECTION('',(0.,0.,1.));
#2082 = ORIENTED_EDGE('',*,*,#2083,.T.);
#2083 = EDGE_CURVE('',#2075,#2084,#2086,.T.);
#2084 = VERTEX_POINT('',#2085);
#2085 = CARTESIAN_POINT('',(-0.6,0.545,1.21));
#2086 = LINE('',#2087,#2088);
#2087 = CARTESIAN_POINT('',(-0.6,-0.585,1.21));
#2088 = VECTOR('',#2089,1.);
#2089 = DIRECTION('',(0.,1.,0.));
#2090 = ORIENTED_EDGE('',*,*,#2091,.F.);
#2091 = EDGE_CURVE('',#2092,#2084,#2094,.T.);
#2092 = VERTEX_POINT('',#2093);
#2093 = CARTESIAN_POINT('',(-0.6,0.585,1.17));
#2094 = CIRCLE('',#2095,4.E-02);
#2095 = AXIS2_PLACEMENT_3D('',#2096,#2097,#2098);
#2096 = CARTESIAN_POINT('',(-0.6,0.545,1.17));
#2097 = DIRECTION('',(1.,0.,-0.));
#2098 = DIRECTION('',(0.,0.,1.));
#2099 = ORIENTED_EDGE('',*,*,#2100,.F.);
#2100 = EDGE_CURVE('',#2101,#2092,#2103,.T.);
#2101 = VERTEX_POINT('',#2102);
#2102 = CARTESIAN_POINT('',(-0.6,0.585,8.E-02));
#2103 = LINE('',#2104,#2105);
#2104 = CARTESIAN_POINT('',(-0.6,0.585,4.E-02));
#2105 = VECTOR('',#2106,1.);
#2106 = DIRECTION('',(0.,0.,1.));
#2107 = ORIENTED_EDGE('',*,*,#2108,.T.);
#2108 = EDGE_CURVE('',#2101,#2109,#2111,.T.);
#2109 = VERTEX_POINT('',#2110);
#2110 = CARTESIAN_POINT('',(-0.6,0.545,4.E-02));
#2111 = CIRCLE('',#2112,4.E-02);
#2112 = AXIS2_PLACEMENT_3D('',#2113,#2114,#2115);
#2113 = CARTESIAN_POINT('',(-0.6,0.545,8.E-02));
#2114 = DIRECTION('',(-1.,0.,0.));
#2115 = DIRECTION('',(0.,0.,1.));
#2116 = ORIENTED_EDGE('',*,*,#2117,.F.);
#2117 = EDGE_CURVE('',#2058,#2109,#2118,.T.);
#2118 = LINE('',#2119,#2120);
#2119 = CARTESIAN_POINT('',(-0.6,-0.585,4.E-02));
#2120 = VECTOR('',#2121,1.);
#2121 = DIRECTION('',(0.,1.,0.));
#2122 = PLANE('',#2123);
#2123 = AXIS2_PLACEMENT_3D('',#2124,#2125,#2126);
#2124 = CARTESIAN_POINT('',(-0.6,-0.625,0.));
#2125 = DIRECTION('',(1.,0.,0.));
#2126 = DIRECTION('',(0.,0.,1.));
#2127 = ADVANCED_FACE('',(#2128),#2154,.T.);
#2128 = FACE_BOUND('',#2129,.T.);
#2129 = EDGE_LOOP('',(#2130,#2131,#2139,#2148));
#2130 = ORIENTED_EDGE('',*,*,#2055,.T.);
#2131 = ORIENTED_EDGE('',*,*,#2132,.T.);
#2132 = EDGE_CURVE('',#2058,#2133,#2135,.T.);
#2133 = VERTEX_POINT('',#2134);
#2134 = CARTESIAN_POINT('',(0.6,-0.545,4.E-02));
#2135 = LINE('',#2136,#2137);
#2136 = CARTESIAN_POINT('',(-0.6,-0.545,4.E-02));
#2137 = VECTOR('',#2138,1.);
#2138 = DIRECTION('',(1.,0.,0.));
#2139 = ORIENTED_EDGE('',*,*,#2140,.F.);
#2140 = EDGE_CURVE('',#2141,#2133,#2143,.T.);
#2141 = VERTEX_POINT('',#2142);
#2142 = CARTESIAN_POINT('',(0.6,-0.585,8.E-02));
#2143 = CIRCLE('',#2144,4.E-02);
#2144 = AXIS2_PLACEMENT_3D('',#2145,#2146,#2147);
#2145 = CARTESIAN_POINT('',(0.6,-0.545,8.E-02));
#2146 = DIRECTION('',(1.,0.,-0.));
#2147 = DIRECTION('',(0.,0.,1.));
#2148 = ORIENTED_EDGE('',*,*,#2149,.F.);
#2149 = EDGE_CURVE('',#2056,#2141,#2150,.T.);
#2150 = LINE('',#2151,#2152);
#2151 = CARTESIAN_POINT('',(-0.6,-0.585,8.E-02));
#2152 = VECTOR('',#2153,1.);
#2153 = DIRECTION('',(1.,0.,0.));
#2154 = CYLINDRICAL_SURFACE('',#2155,4.E-02);
#2155 = AXIS2_PLACEMENT_3D('',#2156,#2157,#2158);
#2156 = CARTESIAN_POINT('',(-0.6,-0.545,8.E-02));
#2157 = DIRECTION('',(1.,0.,0.));
#2158 = DIRECTION('',(0.,-1.,0.));
#2159 = ADVANCED_FACE('',(#2160),#2178,.F.);
#2160 = FACE_BOUND('',#2161,.F.);
#2161 = EDGE_LOOP('',(#2162,#2163,#2164,#2172));
#2162 = ORIENTED_EDGE('',*,*,#2117,.F.);
#2163 = ORIENTED_EDGE('',*,*,#2132,.T.);
#2164 = ORIENTED_EDGE('',*,*,#2165,.T.);
#2165 = EDGE_CURVE('',#2133,#2166,#2168,.T.);
#2166 = VERTEX_POINT('',#2167);
#2167 = CARTESIAN_POINT('',(0.6,0.545,4.E-02));
#2168 = LINE('',#2169,#2170);
#2169 = CARTESIAN_POINT('',(0.6,-0.585,4.E-02));
#2170 = VECTOR('',#2171,1.);
#2171 = DIRECTION('',(0.,1.,0.));
#2172 = ORIENTED_EDGE('',*,*,#2173,.F.);
#2173 = EDGE_CURVE('',#2109,#2166,#2174,.T.);
#2174 = LINE('',#2175,#2176);
#2175 = CARTESIAN_POINT('',(-0.6,0.545,4.E-02));
#2176 = VECTOR('',#2177,1.);
#2177 = DIRECTION('',(1.,0.,0.));
#2178 = PLANE('',#2179);
#2179 = AXIS2_PLACEMENT_3D('',#2180,#2181,#2182);
#2180 = CARTESIAN_POINT('',(-0.6,-0.585,4.E-02));
#2181 = DIRECTION('',(0.,0.,1.));
#2182 = DIRECTION('',(1.,0.,-0.));
#2183 = ADVANCED_FACE('',(#2184),#2203,.T.);
#2184 = FACE_BOUND('',#2185,.T.);
#2185 = EDGE_LOOP('',(#2186,#2194,#2201,#2202));
#2186 = ORIENTED_EDGE('',*,*,#2187,.T.);
#2187 = EDGE_CURVE('',#2101,#2188,#2190,.T.);
#2188 = VERTEX_POINT('',#2189);
#2189 = CARTESIAN_POINT('',(0.6,0.585,8.E-02));
#2190 = LINE('',#2191,#2192);
#2191 = CARTESIAN_POINT('',(-0.6,0.585,8.E-02));
#2192 = VECTOR('',#2193,1.);
#2193 = DIRECTION('',(1.,0.,0.));
#2194 = ORIENTED_EDGE('',*,*,#2195,.T.);
#2195 = EDGE_CURVE('',#2188,#2166,#2196,.T.);
#2196 = CIRCLE('',#2197,4.E-02);
#2197 = AXIS2_PLACEMENT_3D('',#2198,#2199,#2200);
#2198 = CARTESIAN_POINT('',(0.6,0.545,8.E-02));
#2199 = DIRECTION('',(-1.,0.,0.));
#2200 = DIRECTION('',(0.,0.,1.));
#2201 = ORIENTED_EDGE('',*,*,#2173,.F.);
#2202 = ORIENTED_EDGE('',*,*,#2108,.F.);
#2203 = CYLINDRICAL_SURFACE('',#2204,4.E-02);
#2204 = AXIS2_PLACEMENT_3D('',#2205,#2206,#2207);
#2205 = CARTESIAN_POINT('',(-0.6,0.545,8.E-02));
#2206 = DIRECTION('',(1.,0.,0.));
#2207 = DIRECTION('',(-0.,1.,0.));
#2208 = ADVANCED_FACE('',(#2209),#2227,.T.);
#2209 = FACE_BOUND('',#2210,.T.);
#2210 = EDGE_LOOP('',(#2211,#2219,#2220,#2221));
#2211 = ORIENTED_EDGE('',*,*,#2212,.F.);
#2212 = EDGE_CURVE('',#2188,#2213,#2215,.T.);
#2213 = VERTEX_POINT('',#2214);
#2214 = CARTESIAN_POINT('',(0.6,0.585,1.17));
#2215 = LINE('',#2216,#2217);
#2216 = CARTESIAN_POINT('',(0.6,0.585,4.E-02));
#2217 = VECTOR('',#2218,1.);
#2218 = DIRECTION('',(0.,0.,1.));
#2219 = ORIENTED_EDGE('',*,*,#2187,.F.);
#2220 = ORIENTED_EDGE('',*,*,#2100,.T.);
#2221 = ORIENTED_EDGE('',*,*,#2222,.T.);
#2222 = EDGE_CURVE('',#2092,#2213,#2223,.T.);
#2223 = LINE('',#2224,#2225);
#2224 = CARTESIAN_POINT('',(-0.6,0.585,1.17));
#2225 = VECTOR('',#2226,1.);
#2226 = DIRECTION('',(1.,0.,0.));
#2227 = PLANE('',#2228);
#2228 = AXIS2_PLACEMENT_3D('',#2229,#2230,#2231);
#2229 = CARTESIAN_POINT('',(-0.6,0.585,4.E-02));
#2230 = DIRECTION('',(0.,1.,0.));
#2231 = DIRECTION('',(0.,-0.,1.));
#2232 = ADVANCED_FACE('',(#2233),#2252,.T.);
#2233 = FACE_BOUND('',#2234,.T.);
#2234 = EDGE_LOOP('',(#2235,#2236,#2244,#2251));
#2235 = ORIENTED_EDGE('',*,*,#2091,.T.);
#2236 = ORIENTED_EDGE('',*,*,#2237,.T.);
#2237 = EDGE_CURVE('',#2084,#2238,#2240,.T.);
#2238 = VERTEX_POINT('',#2239);
#2239 = CARTESIAN_POINT('',(0.6,0.545,1.21));
#2240 = LINE('',#2241,#2242);
#2241 = CARTESIAN_POINT('',(-0.6,0.545,1.21));
#2242 = VECTOR('',#2243,1.);
#2243 = DIRECTION('',(1.,0.,0.));
#2244 = ORIENTED_EDGE('',*,*,#2245,.F.);
#2245 = EDGE_CURVE('',#2213,#2238,#2246,.T.);
#2246 = CIRCLE('',#2247,4.E-02);
#2247 = AXIS2_PLACEMENT_3D('',#2248,#2249,#2250);
#2248 = CARTESIAN_POINT('',(0.6,0.545,1.17));
#2249 = DIRECTION('',(1.,0.,-0.));
#2250 = DIRECTION('',(0.,0.,1.));
#2251 = ORIENTED_EDGE('',*,*,#2222,.F.);
#2252 = CYLINDRICAL_SURFACE('',#2253,4.E-02);
#2253 = AXIS2_PLACEMENT_3D('',#2254,#2255,#2256);
#2254 = CARTESIAN_POINT('',(-0.6,0.545,1.17));
#2255 = DIRECTION('',(1.,0.,0.));
#2256 = DIRECTION('',(-0.,1.,0.));
#2257 = ADVANCED_FACE('',(#2258),#2276,.T.);
#2258 = FACE_BOUND('',#2259,.T.);
#2259 = EDGE_LOOP('',(#2260,#2261,#2269,#2275));
#2260 = ORIENTED_EDGE('',*,*,#2083,.F.);
#2261 = ORIENTED_EDGE('',*,*,#2262,.T.);
#2262 = EDGE_CURVE('',#2075,#2263,#2265,.T.);
#2263 = VERTEX_POINT('',#2264);
#2264 = CARTESIAN_POINT('',(0.6,-0.545,1.21));
#2265 = LINE('',#2266,#2267);
#2266 = CARTESIAN_POINT('',(-0.6,-0.545,1.21));
#2267 = VECTOR('',#2268,1.);
#2268 = DIRECTION('',(1.,0.,0.));
#2269 = ORIENTED_EDGE('',*,*,#2270,.T.);
#2270 = EDGE_CURVE('',#2263,#2238,#2271,.T.);
#2271 = LINE('',#2272,#2273);
#2272 = CARTESIAN_POINT('',(0.6,-0.585,1.21));
#2273 = VECTOR('',#2274,1.);
#2274 = DIRECTION('',(0.,1.,0.));
#2275 = ORIENTED_EDGE('',*,*,#2237,.F.);
#2276 = PLANE('',#2277);
#2277 = AXIS2_PLACEMENT_3D('',#2278,#2279,#2280);
#2278 = CARTESIAN_POINT('',(-0.6,-0.585,1.21));
#2279 = DIRECTION('',(0.,0.,1.));
#2280 = DIRECTION('',(1.,0.,-0.));
#2281 = ADVANCED_FACE('',(#2282),#2301,.T.);
#2282 = FACE_BOUND('',#2283,.T.);
#2283 = EDGE_LOOP('',(#2284,#2292,#2299,#2300));
#2284 = ORIENTED_EDGE('',*,*,#2285,.T.);
#2285 = EDGE_CURVE('',#2067,#2286,#2288,.T.);
#2286 = VERTEX_POINT('',#2287);
#2287 = CARTESIAN_POINT('',(0.6,-0.585,1.17));
#2288 = LINE('',#2289,#2290);
#2289 = CARTESIAN_POINT('',(-0.6,-0.585,1.17));
#2290 = VECTOR('',#2291,1.);
#2291 = DIRECTION('',(1.,0.,0.));
#2292 = ORIENTED_EDGE('',*,*,#2293,.T.);
#2293 = EDGE_CURVE('',#2286,#2263,#2294,.T.);
#2294 = CIRCLE('',#2295,4.E-02);
#2295 = AXIS2_PLACEMENT_3D('',#2296,#2297,#2298);
#2296 = CARTESIAN_POINT('',(0.6,-0.545,1.17));
#2297 = DIRECTION('',(-1.,0.,0.));
#2298 = DIRECTION('',(0.,0.,1.));
#2299 = ORIENTED_EDGE('',*,*,#2262,.F.);
#2300 = ORIENTED_EDGE('',*,*,#2074,.F.);
#2301 = CYLINDRICAL_SURFACE('',#2302,4.E-02);
#2302 = AXIS2_PLACEMENT_3D('',#2303,#2304,#2305);
#2303 = CARTESIAN_POINT('',(-0.6,-0.545,1.17));
#2304 = DIRECTION('',(1.,0.,0.));
#2305 = DIRECTION('',(0.,-1.,0.));
#2306 = ADVANCED_FACE('',(#2307),#2318,.F.);
#2307 = FACE_BOUND('',#2308,.F.);
#2308 = EDGE_LOOP('',(#2309,#2315,#2316,#2317));
#2309 = ORIENTED_EDGE('',*,*,#2310,.F.);
#2310 = EDGE_CURVE('',#2141,#2286,#2311,.T.);
#2311 = LINE('',#2312,#2313);
#2312 = CARTESIAN_POINT('',(0.6,-0.585,4.E-02));
#2313 = VECTOR('',#2314,1.);
#2314 = DIRECTION('',(0.,0.,1.));
#2315 = ORIENTED_EDGE('',*,*,#2149,.F.);
#2316 = ORIENTED_EDGE('',*,*,#2066,.T.);
#2317 = ORIENTED_EDGE('',*,*,#2285,.T.);
#2318 = PLANE('',#2319);
#2319 = AXIS2_PLACEMENT_3D('',#2320,#2321,#2322);
#2320 = CARTESIAN_POINT('',(-0.6,-0.585,4.E-02));
#2321 = DIRECTION('',(0.,1.,0.));
#2322 = DIRECTION('',(0.,-0.,1.));
#2323 = ADVANCED_FACE('',(#2324,#2394),#2404,.F.);
#2324 = FACE_BOUND('',#2325,.F.);
#2325 = EDGE_LOOP('',(#2326,#2336,#2345,#2353,#2362,#2370,#2379,#2387));
#2326 = ORIENTED_EDGE('',*,*,#2327,.F.);
#2327 = EDGE_CURVE('',#2328,#2330,#2332,.T.);
#2328 = VERTEX_POINT('',#2329);
#2329 = CARTESIAN_POINT('',(0.6,-0.625,4.E-02));
#2330 = VERTEX_POINT('',#2331);
#2331 = CARTESIAN_POINT('',(0.6,-0.625,1.21));
#2332 = LINE('',#2333,#2334);
#2333 = CARTESIAN_POINT('',(0.6,-0.625,0.));
#2334 = VECTOR('',#2335,1.);
#2335 = DIRECTION('',(0.,0.,1.));
#2336 = ORIENTED_EDGE('',*,*,#2337,.T.);
#2337 = EDGE_CURVE('',#2328,#2338,#2340,.T.);
#2338 = VERTEX_POINT('',#2339);
#2339 = CARTESIAN_POINT('',(0.6,-0.585,0.));
#2340 = CIRCLE('',#2341,4.E-02);
#2341 = AXIS2_PLACEMENT_3D('',#2342,#2343,#2344);
#2342 = CARTESIAN_POINT('',(0.6,-0.585,4.E-02));
#2343 = DIRECTION('',(1.,0.,-0.));
#2344 = DIRECTION('',(0.,0.,1.));
#2345 = ORIENTED_EDGE('',*,*,#2346,.T.);
#2346 = EDGE_CURVE('',#2338,#2347,#2349,.T.);
#2347 = VERTEX_POINT('',#2348);
#2348 = CARTESIAN_POINT('',(0.6,0.585,0.));
#2349 = LINE('',#2350,#2351);
#2350 = CARTESIAN_POINT('',(0.6,-0.625,0.));
#2351 = VECTOR('',#2352,1.);
#2352 = DIRECTION('',(0.,1.,0.));
#2353 = ORIENTED_EDGE('',*,*,#2354,.F.);
#2354 = EDGE_CURVE('',#2355,#2347,#2357,.T.);
#2355 = VERTEX_POINT('',#2356);
#2356 = CARTESIAN_POINT('',(0.6,0.625,4.E-02));
#2357 = CIRCLE('',#2358,4.E-02);
#2358 = AXIS2_PLACEMENT_3D('',#2359,#2360,#2361);
#2359 = CARTESIAN_POINT('',(0.6,0.585,4.E-02));
#2360 = DIRECTION('',(-1.,0.,0.));
#2361 = DIRECTION('',(0.,0.,1.));
#2362 = ORIENTED_EDGE('',*,*,#2363,.T.);
#2363 = EDGE_CURVE('',#2355,#2364,#2366,.T.);
#2364 = VERTEX_POINT('',#2365);
#2365 = CARTESIAN_POINT('',(0.6,0.625,1.21));
#2366 = LINE('',#2367,#2368);
#2367 = CARTESIAN_POINT('',(0.6,0.625,0.));
#2368 = VECTOR('',#2369,1.);
#2369 = DIRECTION('',(0.,0.,1.));
#2370 = ORIENTED_EDGE('',*,*,#2371,.T.);
#2371 = EDGE_CURVE('',#2364,#2372,#2374,.T.);
#2372 = VERTEX_POINT('',#2373);
#2373 = CARTESIAN_POINT('',(0.6,0.585,1.25));
#2374 = CIRCLE('',#2375,4.E-02);
#2375 = AXIS2_PLACEMENT_3D('',#2376,#2377,#2378);
#2376 = CARTESIAN_POINT('',(0.6,0.585,1.21));
#2377 = DIRECTION('',(1.,0.,-0.));
#2378 = DIRECTION('',(0.,0.,1.));
#2379 = ORIENTED_EDGE('',*,*,#2380,.F.);
#2380 = EDGE_CURVE('',#2381,#2372,#2383,.T.);
#2381 = VERTEX_POINT('',#2382);
#2382 = CARTESIAN_POINT('',(0.6,-0.585,1.25));
#2383 = LINE('',#2384,#2385);
#2384 = CARTESIAN_POINT('',(0.6,-0.625,1.25));
#2385 = VECTOR('',#2386,1.);
#2386 = DIRECTION('',(0.,1.,0.));
#2387 = ORIENTED_EDGE('',*,*,#2388,.F.);
#2388 = EDGE_CURVE('',#2330,#2381,#2389,.T.);
#2389 = CIRCLE('',#2390,4.E-02);
#2390 = AXIS2_PLACEMENT_3D('',#2391,#2392,#2393);
#2391 = CARTESIAN_POINT('',(0.6,-0.585,1.21));
#2392 = DIRECTION('',(-1.,0.,0.));
#2393 = DIRECTION('',(0.,0.,1.));
#2394 = FACE_BOUND('',#2395,.F.);
#2395 = EDGE_LOOP('',(#2396,#2397,#2398,#2399,#2400,#2401,#2402,#2403));
#2396 = ORIENTED_EDGE('',*,*,#2140,.F.);
#2397 = ORIENTED_EDGE('',*,*,#2310,.T.);
#2398 = ORIENTED_EDGE('',*,*,#2293,.T.);
#2399 = ORIENTED_EDGE('',*,*,#2270,.T.);
#2400 = ORIENTED_EDGE('',*,*,#2245,.F.);
#2401 = ORIENTED_EDGE('',*,*,#2212,.F.);
#2402 = ORIENTED_EDGE('',*,*,#2195,.T.);
#2403 = ORIENTED_EDGE('',*,*,#2165,.F.);
#2404 = PLANE('',#2405);
#2405 = AXIS2_PLACEMENT_3D('',#2406,#2407,#2408);
#2406 = CARTESIAN_POINT('',(0.6,-0.625,0.));
#2407 = DIRECTION('',(1.,0.,0.));
#2408 = DIRECTION('',(0.,0.,1.));
#2409 = ADVANCED_FACE('',(#2410),#2435,.F.);
#2410 = FACE_BOUND('',#2411,.F.);
#2411 = EDGE_LOOP('',(#2412,#2422,#2428,#2429));
#2412 = ORIENTED_EDGE('',*,*,#2413,.F.);
#2413 = EDGE_CURVE('',#2414,#2416,#2418,.T.);
#2414 = VERTEX_POINT('',#2415);
#2415 = CARTESIAN_POINT('',(1.,-0.625,4.E-02));
#2416 = VERTEX_POINT('',#2417);
#2417 = CARTESIAN_POINT('',(1.,-0.625,1.21));
#2418 = LINE('',#2419,#2420);
#2419 = CARTESIAN_POINT('',(1.,-0.625,0.));
#2420 = VECTOR('',#2421,1.);
#2421 = DIRECTION('',(0.,0.,1.));
#2422 = ORIENTED_EDGE('',*,*,#2423,.F.);
#2423 = EDGE_CURVE('',#2328,#2414,#2424,.T.);
#2424 = LINE('',#2425,#2426);
#2425 = CARTESIAN_POINT('',(0.6,-0.625,4.E-02));
#2426 = VECTOR('',#2427,1.);
#2427 = DIRECTION('',(1.,0.,0.));
#2428 = ORIENTED_EDGE('',*,*,#2327,.T.);
#2429 = ORIENTED_EDGE('',*,*,#2430,.T.);
#2430 = EDGE_CURVE('',#2330,#2416,#2431,.T.);
#2431 = LINE('',#2432,#2433);
#2432 = CARTESIAN_POINT('',(0.6,-0.625,1.21));
#2433 = VECTOR('',#2434,1.);
#2434 = DIRECTION('',(1.,0.,0.));
#2435 = PLANE('',#2436);
#2436 = AXIS2_PLACEMENT_3D('',#2437,#2438,#2439);
#2437 = CARTESIAN_POINT('',(0.6,-0.625,0.));
#2438 = DIRECTION('',(0.,1.,0.));
#2439 = DIRECTION('',(0.,-0.,1.));
#2440 = ADVANCED_FACE('',(#2441),#2460,.T.);
#2441 = FACE_BOUND('',#2442,.T.);
#2442 = EDGE_LOOP('',(#2443,#2444,#2452,#2459));
#2443 = ORIENTED_EDGE('',*,*,#2337,.T.);
#2444 = ORIENTED_EDGE('',*,*,#2445,.T.);
#2445 = EDGE_CURVE('',#2338,#2446,#2448,.T.);
#2446 = VERTEX_POINT('',#2447);
#2447 = CARTESIAN_POINT('',(1.,-0.585,0.));
#2448 = LINE('',#2449,#2450);
#2449 = CARTESIAN_POINT('',(0.6,-0.585,0.));
#2450 = VECTOR('',#2451,1.);
#2451 = DIRECTION('',(1.,0.,0.));
#2452 = ORIENTED_EDGE('',*,*,#2453,.F.);
#2453 = EDGE_CURVE('',#2414,#2446,#2454,.T.);
#2454 = CIRCLE('',#2455,4.E-02);
#2455 = AXIS2_PLACEMENT_3D('',#2456,#2457,#2458);
#2456 = CARTESIAN_POINT('',(1.,-0.585,4.E-02));
#2457 = DIRECTION('',(1.,0.,-0.));
#2458 = DIRECTION('',(0.,0.,1.));
#2459 = ORIENTED_EDGE('',*,*,#2423,.F.);
#2460 = CYLINDRICAL_SURFACE('',#2461,4.E-02);
#2461 = AXIS2_PLACEMENT_3D('',#2462,#2463,#2464);
#2462 = CARTESIAN_POINT('',(0.6,-0.585,4.E-02));
#2463 = DIRECTION('',(1.,0.,0.));
#2464 = DIRECTION('',(0.,-1.,0.));
#2465 = ADVANCED_FACE('',(#2466),#2485,.T.);
#2466 = FACE_BOUND('',#2467,.T.);
#2467 = EDGE_LOOP('',(#2468,#2469,#2478,#2484));
#2468 = ORIENTED_EDGE('',*,*,#2430,.T.);
#2469 = ORIENTED_EDGE('',*,*,#2470,.T.);
#2470 = EDGE_CURVE('',#2416,#2471,#2473,.T.);
#2471 = VERTEX_POINT('',#2472);
#2472 = CARTESIAN_POINT('',(1.,-0.585,1.25));
#2473 = CIRCLE('',#2474,4.E-02);
#2474 = AXIS2_PLACEMENT_3D('',#2475,#2476,#2477);
#2475 = CARTESIAN_POINT('',(1.,-0.585,1.21));
#2476 = DIRECTION('',(-1.,0.,0.));
#2477 = DIRECTION('',(0.,0.,1.));
#2478 = ORIENTED_EDGE('',*,*,#2479,.F.);
#2479 = EDGE_CURVE('',#2381,#2471,#2480,.T.);
#2480 = LINE('',#2481,#2482);
#2481 = CARTESIAN_POINT('',(0.6,-0.585,1.25));
#2482 = VECTOR('',#2483,1.);
#2483 = DIRECTION('',(1.,0.,0.));
#2484 = ORIENTED_EDGE('',*,*,#2388,.F.);
#2485 = CYLINDRICAL_SURFACE('',#2486,4.E-02);
#2486 = AXIS2_PLACEMENT_3D('',#2487,#2488,#2489);
#2487 = CARTESIAN_POINT('',(0.6,-0.585,1.21));
#2488 = DIRECTION('',(1.,0.,0.));
#2489 = DIRECTION('',(0.,-1.,0.));
#2490 = ADVANCED_FACE('',(#2491),#2509,.F.);
#2491 = FACE_BOUND('',#2492,.F.);
#2492 = EDGE_LOOP('',(#2493,#2494,#2495,#2503));
#2493 = ORIENTED_EDGE('',*,*,#2346,.F.);
#2494 = ORIENTED_EDGE('',*,*,#2445,.T.);
#2495 = ORIENTED_EDGE('',*,*,#2496,.T.);
#2496 = EDGE_CURVE('',#2446,#2497,#2499,.T.);
#2497 = VERTEX_POINT('',#2498);
#2498 = CARTESIAN_POINT('',(1.,0.585,0.));
#2499 = LINE('',#2500,#2501);
#2500 = CARTESIAN_POINT('',(1.,-0.625,0.));
#2501 = VECTOR('',#2502,1.);
#2502 = DIRECTION('',(0.,1.,0.));
#2503 = ORIENTED_EDGE('',*,*,#2504,.F.);
#2504 = EDGE_CURVE('',#2347,#2497,#2505,.T.);
#2505 = LINE('',#2506,#2507);
#2506 = CARTESIAN_POINT('',(0.6,0.585,0.));
#2507 = VECTOR('',#2508,1.);
#2508 = DIRECTION('',(1.,0.,0.));
#2509 = PLANE('',#2510);
#2510 = AXIS2_PLACEMENT_3D('',#2511,#2512,#2513);
#2511 = CARTESIAN_POINT('',(0.6,-0.625,0.));
#2512 = DIRECTION('',(0.,0.,1.));
#2513 = DIRECTION('',(1.,0.,-0.));
#2514 = ADVANCED_FACE('',(#2515),#2533,.T.);
#2515 = FACE_BOUND('',#2516,.T.);
#2516 = EDGE_LOOP('',(#2517,#2518,#2519,#2527));
#2517 = ORIENTED_EDGE('',*,*,#2380,.F.);
#2518 = ORIENTED_EDGE('',*,*,#2479,.T.);
#2519 = ORIENTED_EDGE('',*,*,#2520,.T.);
#2520 = EDGE_CURVE('',#2471,#2521,#2523,.T.);
#2521 = VERTEX_POINT('',#2522);
#2522 = CARTESIAN_POINT('',(1.,0.585,1.25));
#2523 = LINE('',#2524,#2525);
#2524 = CARTESIAN_POINT('',(1.,-0.625,1.25));
#2525 = VECTOR('',#2526,1.);
#2526 = DIRECTION('',(0.,1.,0.));
#2527 = ORIENTED_EDGE('',*,*,#2528,.F.);
#2528 = EDGE_CURVE('',#2372,#2521,#2529,.T.);
#2529 = LINE('',#2530,#2531);
#2530 = CARTESIAN_POINT('',(0.6,0.585,1.25));
#2531 = VECTOR('',#2532,1.);
#2532 = DIRECTION('',(1.,0.,0.));
#2533 = PLANE('',#2534);
#2534 = AXIS2_PLACEMENT_3D('',#2535,#2536,#2537);
#2535 = CARTESIAN_POINT('',(0.6,-0.625,1.25));
#2536 = DIRECTION('',(0.,0.,1.));
#2537 = DIRECTION('',(1.,0.,-0.));
#2538 = ADVANCED_FACE('',(#2539),#2558,.T.);
#2539 = FACE_BOUND('',#2540,.T.);
#2540 = EDGE_LOOP('',(#2541,#2549,#2556,#2557));
#2541 = ORIENTED_EDGE('',*,*,#2542,.T.);
#2542 = EDGE_CURVE('',#2355,#2543,#2545,.T.);
#2543 = VERTEX_POINT('',#2544);
#2544 = CARTESIAN_POINT('',(1.,0.625,4.E-02));
#2545 = LINE('',#2546,#2547);
#2546 = CARTESIAN_POINT('',(0.6,0.625,4.E-02));
#2547 = VECTOR('',#2548,1.);
#2548 = DIRECTION('',(1.,0.,0.));
#2549 = ORIENTED_EDGE('',*,*,#2550,.T.);
#2550 = EDGE_CURVE('',#2543,#2497,#2551,.T.);
#2551 = CIRCLE('',#2552,4.E-02);
#2552 = AXIS2_PLACEMENT_3D('',#2553,#2554,#2555);
#2553 = CARTESIAN_POINT('',(1.,0.585,4.E-02));
#2554 = DIRECTION('',(-1.,0.,0.));
#2555 = DIRECTION('',(0.,0.,1.));
#2556 = ORIENTED_EDGE('',*,*,#2504,.F.);
#2557 = ORIENTED_EDGE('',*,*,#2354,.F.);
#2558 = CYLINDRICAL_SURFACE('',#2559,4.E-02);
#2559 = AXIS2_PLACEMENT_3D('',#2560,#2561,#2562);
#2560 = CARTESIAN_POINT('',(0.6,0.585,4.E-02));
#2561 = DIRECTION('',(1.,0.,0.));
#2562 = DIRECTION('',(-0.,1.,0.));
#2563 = ADVANCED_FACE('',(#2564),#2583,.T.);
#2564 = FACE_BOUND('',#2565,.T.);
#2565 = EDGE_LOOP('',(#2566,#2567,#2568,#2577));
#2566 = ORIENTED_EDGE('',*,*,#2371,.T.);
#2567 = ORIENTED_EDGE('',*,*,#2528,.T.);
#2568 = ORIENTED_EDGE('',*,*,#2569,.F.);
#2569 = EDGE_CURVE('',#2570,#2521,#2572,.T.);
#2570 = VERTEX_POINT('',#2571);
#2571 = CARTESIAN_POINT('',(1.,0.625,1.21));
#2572 = CIRCLE('',#2573,4.E-02);
#2573 = AXIS2_PLACEMENT_3D('',#2574,#2575,#2576);
#2574 = CARTESIAN_POINT('',(1.,0.585,1.21));
#2575 = DIRECTION('',(1.,0.,-0.));
#2576 = DIRECTION('',(0.,0.,1.));
#2577 = ORIENTED_EDGE('',*,*,#2578,.F.);
#2578 = EDGE_CURVE('',#2364,#2570,#2579,.T.);
#2579 = LINE('',#2580,#2581);
#2580 = CARTESIAN_POINT('',(0.6,0.625,1.21));
#2581 = VECTOR('',#2582,1.);
#2582 = DIRECTION('',(1.,0.,0.));
#2583 = CYLINDRICAL_SURFACE('',#2584,4.E-02);
#2584 = AXIS2_PLACEMENT_3D('',#2585,#2586,#2587);
#2585 = CARTESIAN_POINT('',(0.6,0.585,1.21));
#2586 = DIRECTION('',(1.,0.,0.));
#2587 = DIRECTION('',(-0.,1.,0.));
#2588 = ADVANCED_FACE('',(#2589),#2600,.T.);
#2589 = FACE_BOUND('',#2590,.T.);
#2590 = EDGE_LOOP('',(#2591,#2597,#2598,#2599));
#2591 = ORIENTED_EDGE('',*,*,#2592,.F.);
#2592 = EDGE_CURVE('',#2543,#2570,#2593,.T.);
#2593 = LINE('',#2594,#2595);
#2594 = CARTESIAN_POINT('',(1.,0.625,0.));
#2595 = VECTOR('',#2596,1.);
#2596 = DIRECTION('',(0.,0.,1.));
#2597 = ORIENTED_EDGE('',*,*,#2542,.F.);
#2598 = ORIENTED_EDGE('',*,*,#2363,.T.);
#2599 = ORIENTED_EDGE('',*,*,#2578,.T.);
#2600 = PLANE('',#2601);
#2601 = AXIS2_PLACEMENT_3D('',#2602,#2603,#2604);
#2602 = CARTESIAN_POINT('',(0.6,0.625,0.));
#2603 = DIRECTION('',(0.,1.,0.));
#2604 = DIRECTION('',(0.,-0.,1.));
#2605 = ADVANCED_FACE('',(#2606),#2616,.T.);
#2606 = FACE_BOUND('',#2607,.T.);
#2607 = EDGE_LOOP('',(#2608,#2609,#2610,#2611,#2612,#2613,#2614,#2615));
#2608 = ORIENTED_EDGE('',*,*,#2413,.F.);
#2609 = ORIENTED_EDGE('',*,*,#2453,.T.);
#2610 = ORIENTED_EDGE('',*,*,#2496,.T.);
#2611 = ORIENTED_EDGE('',*,*,#2550,.F.);
#2612 = ORIENTED_EDGE('',*,*,#2592,.T.);
#2613 = ORIENTED_EDGE('',*,*,#2569,.T.);
#2614 = ORIENTED_EDGE('',*,*,#2520,.F.);
#2615 = ORIENTED_EDGE('',*,*,#2470,.F.);
#2616 = PLANE('',#2617);
#2617 = AXIS2_PLACEMENT_3D('',#2618,#2619,#2620);
#2618 = CARTESIAN_POINT('',(1.,-0.625,0.));
#2619 = DIRECTION('',(1.,0.,0.));
#2620 = DIRECTION('',(0.,0.,1.));
#2621 = ( GEOMETRIC_REPRESENTATION_CONTEXT(3) 
GLOBAL_UNCERTAINTY_ASSIGNED_CONTEXT((#2625)) 
GLOBAL_UNIT_ASSIGNED_CONTEXT((#2622,#2623,#2624)) REPRESENTATION_CONTEXT
('Context #1','3D Context with UNIT and UNCERTAINTY') );
#2622 = ( LENGTH_UNIT() NAMED_UNIT(*) SI_UNIT(.MILLI.,.METRE.) );
#2623 = ( NAMED_UNIT(*) PLANE_ANGLE_UNIT() SI_UNIT($,.RADIAN.) );
#2624 = ( NAMED_UNIT(*) SI_UNIT($,.STERADIAN.) SOLID_ANGLE_UNIT() );
#2625 = UNCERTAINTY_MEASURE_WITH_UNIT(LENGTH_MEASURE(1.E-07),#2622,
  'distance_accuracy_value','confusion accuracy');
#2626 = CONTEXT_DEPENDENT_SHAPE_REPRESENTATION(#2627,#2629);
#2627 = ( REPRESENTATION_RELATIONSHIP('','',#1766,#10) 
REPRESENTATION_RELATIONSHIP_WITH_TRANSFORMATION(#2628) 
SHAPE_REPRESENTATION_RELATIONSHIP() );
#2628 = ITEM_DEFINED_TRANSFORMATION('','',#11,#23);
#2629 = PRODUCT_DEFINITION_SHAPE('Placement','Placement of an item',
  #2630);
#2630 = NEXT_ASSEMBLY_USAGE_OCCURRENCE('3','C5','',#5,#1761,$);
#2631 = PRODUCT_RELATED_PRODUCT_CATEGORY('part',$,(#1763));
#2632 = CONTEXT_DEPENDENT_SHAPE_REPRESENTATION(#2633,#2635);
#2633 = ( REPRESENTATION_RELATIONSHIP('','',#893,#10) 
REPRESENTATION_RELATIONSHIP_WITH_TRANSFORMATION(#2634) 
SHAPE_REPRESENTATION_RELATIONSHIP() );
#2634 = ITEM_DEFINED_TRANSFORMATION('','',#11,#27);
#2635 = PRODUCT_DEFINITION_SHAPE('Placement','Placement of an item',
  #2636);
#2636 = NEXT_ASSEMBLY_USAGE_OCCURRENCE('4','C7','',#5,#888,$);
#2637 = CONTEXT_DEPENDENT_SHAPE_REPRESENTATION(#2638,#2640);
#2638 = ( REPRESENTATION_RELATIONSHIP('','',#893,#10) 
REPRESENTATION_RELATIONSHIP_WITH_TRANSFORMATION(#2639) 
SHAPE_REPRESENTATION_RELATIONSHIP() );
#2639 = ITEM_DEFINED_TRANSFORMATION('','',#11,#31);
#2640 = PRODUCT_DEFINITION_SHAPE('Placement','Placement of an item',
  #2641);
#2641 = NEXT_ASSEMBLY_USAGE_OCCURRENCE('5','C8','',#5,#888,$);
#2642 = SHAPE_DEFINITION_REPRESENTATION(#2643,#2649);
#2643 = PRODUCT_DEFINITION_SHAPE('','',#2644);
#2644 = PRODUCT_DEFINITION('design','',#2645,#2648);
#2645 = PRODUCT_DEFINITION_FORMATION('','',#2646);
#2646 = PRODUCT('C_0402_1005Metric','C_0402_1005Metric','',(#2647));
#2647 = PRODUCT_CONTEXT('',#2,'mechanical');
#2648 = PRODUCT_DEFINITION_CONTEXT('part definition',#2,'design');
#2649 = ADVANCED_BREP_SHAPE_REPRESENTATION('',(#11,#2650),#3504);
#2650 = MANIFOLD_SOLID_BREP('',#2651);
#2651 = CLOSED_SHELL('',(#2652,#2728,#2759,#2784,#2809,#2833,#2857,#2882
    ,#2907,#2924,#3010,#3042,#3066,#3091,#3115,#3140,#3164,#3189,#3206,
    #3292,#3323,#3348,#3373,#3397,#3421,#3446,#3471,#3488));
#2652 = ADVANCED_FACE('',(#2653),#2723,.F.);
#2653 = FACE_BOUND('',#2654,.F.);
#2654 = EDGE_LOOP('',(#2655,#2665,#2674,#2682,#2691,#2699,#2708,#2716));
#2655 = ORIENTED_EDGE('',*,*,#2656,.F.);
#2656 = EDGE_CURVE('',#2657,#2659,#2661,.T.);
#2657 = VERTEX_POINT('',#2658);
#2658 = CARTESIAN_POINT('',(-0.5,-0.25,2.E-02));
#2659 = VERTEX_POINT('',#2660);
#2660 = CARTESIAN_POINT('',(-0.5,-0.25,0.48));
#2661 = LINE('',#2662,#2663);
#2662 = CARTESIAN_POINT('',(-0.5,-0.25,0.));
#2663 = VECTOR('',#2664,1.);
#2664 = DIRECTION('',(0.,0.,1.));
#2665 = ORIENTED_EDGE('',*,*,#2666,.T.);
#2666 = EDGE_CURVE('',#2657,#2667,#2669,.T.);
#2667 = VERTEX_POINT('',#2668);
#2668 = CARTESIAN_POINT('',(-0.5,-0.23,0.));
#2669 = CIRCLE('',#2670,2.E-02);
#2670 = AXIS2_PLACEMENT_3D('',#2671,#2672,#2673);
#2671 = CARTESIAN_POINT('',(-0.5,-0.23,2.E-02));
#2672 = DIRECTION('',(1.,0.,-0.));
#2673 = DIRECTION('',(0.,0.,1.));
#2674 = ORIENTED_EDGE('',*,*,#2675,.T.);
#2675 = EDGE_CURVE('',#2667,#2676,#2678,.T.);
#2676 = VERTEX_POINT('',#2677);
#2677 = CARTESIAN_POINT('',(-0.5,0.23,0.));
#2678 = LINE('',#2679,#2680);
#2679 = CARTESIAN_POINT('',(-0.5,-0.25,0.));
#2680 = VECTOR('',#2681,1.);
#2681 = DIRECTION('',(0.,1.,0.));
#2682 = ORIENTED_EDGE('',*,*,#2683,.F.);
#2683 = EDGE_CURVE('',#2684,#2676,#2686,.T.);
#2684 = VERTEX_POINT('',#2685);
#2685 = CARTESIAN_POINT('',(-0.5,0.25,2.E-02));
#2686 = CIRCLE('',#2687,2.E-02);
#2687 = AXIS2_PLACEMENT_3D('',#2688,#2689,#2690);
#2688 = CARTESIAN_POINT('',(-0.5,0.23,2.E-02));
#2689 = DIRECTION('',(-1.,0.,0.));
#2690 = DIRECTION('',(0.,0.,1.));
#2691 = ORIENTED_EDGE('',*,*,#2692,.T.);
#2692 = EDGE_CURVE('',#2684,#2693,#2695,.T.);
#2693 = VERTEX_POINT('',#2694);
#2694 = CARTESIAN_POINT('',(-0.5,0.25,0.48));
#2695 = LINE('',#2696,#2697);
#2696 = CARTESIAN_POINT('',(-0.5,0.25,0.));
#2697 = VECTOR('',#2698,1.);
#2698 = DIRECTION('',(0.,0.,1.));
#2699 = ORIENTED_EDGE('',*,*,#2700,.T.);
#2700 = EDGE_CURVE('',#2693,#2701,#2703,.T.);
#2701 = VERTEX_POINT('',#2702);
#2702 = CARTESIAN_POINT('',(-0.5,0.23,0.5));
#2703 = CIRCLE('',#2704,2.E-02);
#2704 = AXIS2_PLACEMENT_3D('',#2705,#2706,#2707);
#2705 = CARTESIAN_POINT('',(-0.5,0.23,0.48));
#2706 = DIRECTION('',(1.,0.,-0.));
#2707 = DIRECTION('',(0.,0.,1.));
#2708 = ORIENTED_EDGE('',*,*,#2709,.F.);
#2709 = EDGE_CURVE('',#2710,#2701,#2712,.T.);
#2710 = VERTEX_POINT('',#2711);
#2711 = CARTESIAN_POINT('',(-0.5,-0.23,0.5));
#2712 = LINE('',#2713,#2714);
#2713 = CARTESIAN_POINT('',(-0.5,-0.25,0.5));
#2714 = VECTOR('',#2715,1.);
#2715 = DIRECTION('',(0.,1.,0.));
#2716 = ORIENTED_EDGE('',*,*,#2717,.F.);
#2717 = EDGE_CURVE('',#2659,#2710,#2718,.T.);
#2718 = CIRCLE('',#2719,2.E-02);
#2719 = AXIS2_PLACEMENT_3D('',#2720,#2721,#2722);
#2720 = CARTESIAN_POINT('',(-0.5,-0.23,0.48));
#2721 = DIRECTION('',(-1.,0.,0.));
#2722 = DIRECTION('',(0.,0.,1.));
#2723 = PLANE('',#2724);
#2724 = AXIS2_PLACEMENT_3D('',#2725,#2726,#2727);
#2725 = CARTESIAN_POINT('',(-0.5,-0.25,0.));
#2726 = DIRECTION('',(1.,0.,0.));
#2727 = DIRECTION('',(0.,0.,1.));
#2728 = ADVANCED_FACE('',(#2729),#2754,.F.);
#2729 = FACE_BOUND('',#2730,.F.);
#2730 = EDGE_LOOP('',(#2731,#2741,#2747,#2748));
#2731 = ORIENTED_EDGE('',*,*,#2732,.F.);
#2732 = EDGE_CURVE('',#2733,#2735,#2737,.T.);
#2733 = VERTEX_POINT('',#2734);
#2734 = CARTESIAN_POINT('',(-0.3,-0.25,2.E-02));
#2735 = VERTEX_POINT('',#2736);
#2736 = CARTESIAN_POINT('',(-0.3,-0.25,0.48));
#2737 = LINE('',#2738,#2739);
#2738 = CARTESIAN_POINT('',(-0.3,-0.25,0.));
#2739 = VECTOR('',#2740,1.);
#2740 = DIRECTION('',(0.,0.,1.));
#2741 = ORIENTED_EDGE('',*,*,#2742,.F.);
#2742 = EDGE_CURVE('',#2657,#2733,#2743,.T.);
#2743 = LINE('',#2744,#2745);
#2744 = CARTESIAN_POINT('',(-0.5,-0.25,2.E-02));
#2745 = VECTOR('',#2746,1.);
#2746 = DIRECTION('',(1.,0.,0.));
#2747 = ORIENTED_EDGE('',*,*,#2656,.T.);
#2748 = ORIENTED_EDGE('',*,*,#2749,.T.);
#2749 = EDGE_CURVE('',#2659,#2735,#2750,.T.);
#2750 = LINE('',#2751,#2752);
#2751 = CARTESIAN_POINT('',(-0.5,-0.25,0.48));
#2752 = VECTOR('',#2753,1.);
#2753 = DIRECTION('',(1.,0.,0.));
#2754 = PLANE('',#2755);
#2755 = AXIS2_PLACEMENT_3D('',#2756,#2757,#2758);
#2756 = CARTESIAN_POINT('',(-0.5,-0.25,0.));
#2757 = DIRECTION('',(0.,1.,0.));
#2758 = DIRECTION('',(0.,-0.,1.));
#2759 = ADVANCED_FACE('',(#2760),#2779,.T.);
#2760 = FACE_BOUND('',#2761,.T.);
#2761 = EDGE_LOOP('',(#2762,#2763,#2771,#2778));
#2762 = ORIENTED_EDGE('',*,*,#2666,.T.);
#2763 = ORIENTED_EDGE('',*,*,#2764,.T.);
#2764 = EDGE_CURVE('',#2667,#2765,#2767,.T.);
#2765 = VERTEX_POINT('',#2766);
#2766 = CARTESIAN_POINT('',(-0.3,-0.23,0.));
#2767 = LINE('',#2768,#2769);
#2768 = CARTESIAN_POINT('',(-0.5,-0.23,0.));
#2769 = VECTOR('',#2770,1.);
#2770 = DIRECTION('',(1.,0.,0.));
#2771 = ORIENTED_EDGE('',*,*,#2772,.F.);
#2772 = EDGE_CURVE('',#2733,#2765,#2773,.T.);
#2773 = CIRCLE('',#2774,2.E-02);
#2774 = AXIS2_PLACEMENT_3D('',#2775,#2776,#2777);
#2775 = CARTESIAN_POINT('',(-0.3,-0.23,2.E-02));
#2776 = DIRECTION('',(1.,0.,-0.));
#2777 = DIRECTION('',(0.,0.,1.));
#2778 = ORIENTED_EDGE('',*,*,#2742,.F.);
#2779 = CYLINDRICAL_SURFACE('',#2780,2.E-02);
#2780 = AXIS2_PLACEMENT_3D('',#2781,#2782,#2783);
#2781 = CARTESIAN_POINT('',(-0.5,-0.23,2.E-02));
#2782 = DIRECTION('',(1.,0.,0.));
#2783 = DIRECTION('',(0.,-1.,0.));
#2784 = ADVANCED_FACE('',(#2785),#2804,.T.);
#2785 = FACE_BOUND('',#2786,.T.);
#2786 = EDGE_LOOP('',(#2787,#2788,#2797,#2803));
#2787 = ORIENTED_EDGE('',*,*,#2749,.T.);
#2788 = ORIENTED_EDGE('',*,*,#2789,.T.);
#2789 = EDGE_CURVE('',#2735,#2790,#2792,.T.);
#2790 = VERTEX_POINT('',#2791);
#2791 = CARTESIAN_POINT('',(-0.3,-0.23,0.5));
#2792 = CIRCLE('',#2793,2.E-02);
#2793 = AXIS2_PLACEMENT_3D('',#2794,#2795,#2796);
#2794 = CARTESIAN_POINT('',(-0.3,-0.23,0.48));
#2795 = DIRECTION('',(-1.,0.,0.));
#2796 = DIRECTION('',(0.,0.,1.));
#2797 = ORIENTED_EDGE('',*,*,#2798,.F.);
#2798 = EDGE_CURVE('',#2710,#2790,#2799,.T.);
#2799 = LINE('',#2800,#2801);
#2800 = CARTESIAN_POINT('',(-0.5,-0.23,0.5));
#2801 = VECTOR('',#2802,1.);
#2802 = DIRECTION('',(1.,0.,0.));
#2803 = ORIENTED_EDGE('',*,*,#2717,.F.);
#2804 = CYLINDRICAL_SURFACE('',#2805,2.E-02);
#2805 = AXIS2_PLACEMENT_3D('',#2806,#2807,#2808);
#2806 = CARTESIAN_POINT('',(-0.5,-0.23,0.48));
#2807 = DIRECTION('',(1.,0.,0.));
#2808 = DIRECTION('',(0.,-1.,0.));
#2809 = ADVANCED_FACE('',(#2810),#2828,.F.);
#2810 = FACE_BOUND('',#2811,.F.);
#2811 = EDGE_LOOP('',(#2812,#2813,#2814,#2822));
#2812 = ORIENTED_EDGE('',*,*,#2675,.F.);
#2813 = ORIENTED_EDGE('',*,*,#2764,.T.);
#2814 = ORIENTED_EDGE('',*,*,#2815,.T.);
#2815 = EDGE_CURVE('',#2765,#2816,#2818,.T.);
#2816 = VERTEX_POINT('',#2817);
#2817 = CARTESIAN_POINT('',(-0.3,0.23,0.));
#2818 = LINE('',#2819,#2820);
#2819 = CARTESIAN_POINT('',(-0.3,-0.25,0.));
#2820 = VECTOR('',#2821,1.);
#2821 = DIRECTION('',(0.,1.,0.));
#2822 = ORIENTED_EDGE('',*,*,#2823,.F.);
#2823 = EDGE_CURVE('',#2676,#2816,#2824,.T.);
#2824 = LINE('',#2825,#2826);
#2825 = CARTESIAN_POINT('',(-0.5,0.23,0.));
#2826 = VECTOR('',#2827,1.);
#2827 = DIRECTION('',(1.,0.,0.));
#2828 = PLANE('',#2829);
#2829 = AXIS2_PLACEMENT_3D('',#2830,#2831,#2832);
#2830 = CARTESIAN_POINT('',(-0.5,-0.25,0.));
#2831 = DIRECTION('',(0.,0.,1.));
#2832 = DIRECTION('',(1.,0.,-0.));
#2833 = ADVANCED_FACE('',(#2834),#2852,.T.);
#2834 = FACE_BOUND('',#2835,.T.);
#2835 = EDGE_LOOP('',(#2836,#2837,#2838,#2846));
#2836 = ORIENTED_EDGE('',*,*,#2709,.F.);
#2837 = ORIENTED_EDGE('',*,*,#2798,.T.);
#2838 = ORIENTED_EDGE('',*,*,#2839,.T.);
#2839 = EDGE_CURVE('',#2790,#2840,#2842,.T.);
#2840 = VERTEX_POINT('',#2841);
#2841 = CARTESIAN_POINT('',(-0.3,0.23,0.5));
#2842 = LINE('',#2843,#2844);
#2843 = CARTESIAN_POINT('',(-0.3,-0.25,0.5));
#2844 = VECTOR('',#2845,1.);
#2845 = DIRECTION('',(0.,1.,0.));
#2846 = ORIENTED_EDGE('',*,*,#2847,.F.);
#2847 = EDGE_CURVE('',#2701,#2840,#2848,.T.);
#2848 = LINE('',#2849,#2850);
#2849 = CARTESIAN_POINT('',(-0.5,0.23,0.5));
#2850 = VECTOR('',#2851,1.);
#2851 = DIRECTION('',(1.,0.,0.));
#2852 = PLANE('',#2853);
#2853 = AXIS2_PLACEMENT_3D('',#2854,#2855,#2856);
#2854 = CARTESIAN_POINT('',(-0.5,-0.25,0.5));
#2855 = DIRECTION('',(0.,0.,1.));
#2856 = DIRECTION('',(1.,0.,-0.));
#2857 = ADVANCED_FACE('',(#2858),#2877,.T.);
#2858 = FACE_BOUND('',#2859,.T.);
#2859 = EDGE_LOOP('',(#2860,#2868,#2875,#2876));
#2860 = ORIENTED_EDGE('',*,*,#2861,.T.);
#2861 = EDGE_CURVE('',#2684,#2862,#2864,.T.);
#2862 = VERTEX_POINT('',#2863);
#2863 = CARTESIAN_POINT('',(-0.3,0.25,2.E-02));
#2864 = LINE('',#2865,#2866);
#2865 = CARTESIAN_POINT('',(-0.5,0.25,2.E-02));
#2866 = VECTOR('',#2867,1.);
#2867 = DIRECTION('',(1.,0.,0.));
#2868 = ORIENTED_EDGE('',*,*,#2869,.T.);
#2869 = EDGE_CURVE('',#2862,#2816,#2870,.T.);
#2870 = CIRCLE('',#2871,2.E-02);
#2871 = AXIS2_PLACEMENT_3D('',#2872,#2873,#2874);
#2872 = CARTESIAN_POINT('',(-0.3,0.23,2.E-02));
#2873 = DIRECTION('',(-1.,0.,0.));
#2874 = DIRECTION('',(0.,0.,1.));
#2875 = ORIENTED_EDGE('',*,*,#2823,.F.);
#2876 = ORIENTED_EDGE('',*,*,#2683,.F.);
#2877 = CYLINDRICAL_SURFACE('',#2878,2.E-02);
#2878 = AXIS2_PLACEMENT_3D('',#2879,#2880,#2881);
#2879 = CARTESIAN_POINT('',(-0.5,0.23,2.E-02));
#2880 = DIRECTION('',(1.,0.,0.));
#2881 = DIRECTION('',(-0.,1.,0.));
#2882 = ADVANCED_FACE('',(#2883),#2902,.T.);
#2883 = FACE_BOUND('',#2884,.T.);
#2884 = EDGE_LOOP('',(#2885,#2886,#2887,#2896));
#2885 = ORIENTED_EDGE('',*,*,#2700,.T.);
#2886 = ORIENTED_EDGE('',*,*,#2847,.T.);
#2887 = ORIENTED_EDGE('',*,*,#2888,.F.);
#2888 = EDGE_CURVE('',#2889,#2840,#2891,.T.);
#2889 = VERTEX_POINT('',#2890);
#2890 = CARTESIAN_POINT('',(-0.3,0.25,0.48));
#2891 = CIRCLE('',#2892,2.E-02);
#2892 = AXIS2_PLACEMENT_3D('',#2893,#2894,#2895);
#2893 = CARTESIAN_POINT('',(-0.3,0.23,0.48));
#2894 = DIRECTION('',(1.,0.,-0.));
#2895 = DIRECTION('',(0.,0.,1.));
#2896 = ORIENTED_EDGE('',*,*,#2897,.F.);
#2897 = EDGE_CURVE('',#2693,#2889,#2898,.T.);
#2898 = LINE('',#2899,#2900);
#2899 = CARTESIAN_POINT('',(-0.5,0.25,0.48));
#2900 = VECTOR('',#2901,1.);
#2901 = DIRECTION('',(1.,0.,0.));
#2902 = CYLINDRICAL_SURFACE('',#2903,2.E-02);
#2903 = AXIS2_PLACEMENT_3D('',#2904,#2905,#2906);
#2904 = CARTESIAN_POINT('',(-0.5,0.23,0.48));
#2905 = DIRECTION('',(1.,0.,0.));
#2906 = DIRECTION('',(-0.,1.,0.));
#2907 = ADVANCED_FACE('',(#2908),#2919,.T.);
#2908 = FACE_BOUND('',#2909,.T.);
#2909 = EDGE_LOOP('',(#2910,#2916,#2917,#2918));
#2910 = ORIENTED_EDGE('',*,*,#2911,.F.);
#2911 = EDGE_CURVE('',#2862,#2889,#2912,.T.);
#2912 = LINE('',#2913,#2914);
#2913 = CARTESIAN_POINT('',(-0.3,0.25,0.));
#2914 = VECTOR('',#2915,1.);
#2915 = DIRECTION('',(0.,0.,1.));
#2916 = ORIENTED_EDGE('',*,*,#2861,.F.);
#2917 = ORIENTED_EDGE('',*,*,#2692,.T.);
#2918 = ORIENTED_EDGE('',*,*,#2897,.T.);
#2919 = PLANE('',#2920);
#2920 = AXIS2_PLACEMENT_3D('',#2921,#2922,#2923);
#2921 = CARTESIAN_POINT('',(-0.5,0.25,0.));
#2922 = DIRECTION('',(0.,1.,0.));
#2923 = DIRECTION('',(0.,-0.,1.));
#2924 = ADVANCED_FACE('',(#2925,#2935),#3005,.T.);
#2925 = FACE_BOUND('',#2926,.T.);
#2926 = EDGE_LOOP('',(#2927,#2928,#2929,#2930,#2931,#2932,#2933,#2934));
#2927 = ORIENTED_EDGE('',*,*,#2732,.F.);
#2928 = ORIENTED_EDGE('',*,*,#2772,.T.);
#2929 = ORIENTED_EDGE('',*,*,#2815,.T.);
#2930 = ORIENTED_EDGE('',*,*,#2869,.F.);
#2931 = ORIENTED_EDGE('',*,*,#2911,.T.);
#2932 = ORIENTED_EDGE('',*,*,#2888,.T.);
#2933 = ORIENTED_EDGE('',*,*,#2839,.F.);
#2934 = ORIENTED_EDGE('',*,*,#2789,.F.);
#2935 = FACE_BOUND('',#2936,.T.);
#2936 = EDGE_LOOP('',(#2937,#2948,#2956,#2965,#2973,#2982,#2990,#2999));
#2937 = ORIENTED_EDGE('',*,*,#2938,.F.);
#2938 = EDGE_CURVE('',#2939,#2941,#2943,.T.);
#2939 = VERTEX_POINT('',#2940);
#2940 = CARTESIAN_POINT('',(-0.3,-0.23,4.E-02));
#2941 = VERTEX_POINT('',#2942);
#2942 = CARTESIAN_POINT('',(-0.3,-0.21,2.E-02));
#2943 = CIRCLE('',#2944,2.E-02);
#2944 = AXIS2_PLACEMENT_3D('',#2945,#2946,#2947);
#2945 = CARTESIAN_POINT('',(-0.3,-0.21,4.E-02));
#2946 = DIRECTION('',(1.,0.,-0.));
#2947 = DIRECTION('',(0.,0.,1.));
#2948 = ORIENTED_EDGE('',*,*,#2949,.T.);
#2949 = EDGE_CURVE('',#2939,#2950,#2952,.T.);
#2950 = VERTEX_POINT('',#2951);
#2951 = CARTESIAN_POINT('',(-0.3,-0.23,0.46));
#2952 = LINE('',#2953,#2954);
#2953 = CARTESIAN_POINT('',(-0.3,-0.23,2.E-02));
#2954 = VECTOR('',#2955,1.);
#2955 = DIRECTION('',(0.,0.,1.));
#2956 = ORIENTED_EDGE('',*,*,#2957,.T.);
#2957 = EDGE_CURVE('',#2950,#2958,#2960,.T.);
#2958 = VERTEX_POINT('',#2959);
#2959 = CARTESIAN_POINT('',(-0.3,-0.21,0.48));
#2960 = CIRCLE('',#2961,2.E-02);
#2961 = AXIS2_PLACEMENT_3D('',#2962,#2963,#2964);
#2962 = CARTESIAN_POINT('',(-0.3,-0.21,0.46));
#2963 = DIRECTION('',(-1.,0.,0.));
#2964 = DIRECTION('',(0.,0.,1.));
#2965 = ORIENTED_EDGE('',*,*,#2966,.T.);
#2966 = EDGE_CURVE('',#2958,#2967,#2969,.T.);
#2967 = VERTEX_POINT('',#2968);
#2968 = CARTESIAN_POINT('',(-0.3,0.21,0.48));
#2969 = LINE('',#2970,#2971);
#2970 = CARTESIAN_POINT('',(-0.3,-0.23,0.48));
#2971 = VECTOR('',#2972,1.);
#2972 = DIRECTION('',(0.,1.,0.));
#2973 = ORIENTED_EDGE('',*,*,#2974,.F.);
#2974 = EDGE_CURVE('',#2975,#2967,#2977,.T.);
#2975 = VERTEX_POINT('',#2976);
#2976 = CARTESIAN_POINT('',(-0.3,0.23,0.46));
#2977 = CIRCLE('',#2978,2.E-02);
#2978 = AXIS2_PLACEMENT_3D('',#2979,#2980,#2981);
#2979 = CARTESIAN_POINT('',(-0.3,0.21,0.46));
#2980 = DIRECTION('',(1.,0.,-0.));
#2981 = DIRECTION('',(0.,0.,1.));
#2982 = ORIENTED_EDGE('',*,*,#2983,.F.);
#2983 = EDGE_CURVE('',#2984,#2975,#2986,.T.);
#2984 = VERTEX_POINT('',#2985);
#2985 = CARTESIAN_POINT('',(-0.3,0.23,4.E-02));
#2986 = LINE('',#2987,#2988);
#2987 = CARTESIAN_POINT('',(-0.3,0.23,2.E-02));
#2988 = VECTOR('',#2989,1.);
#2989 = DIRECTION('',(0.,0.,1.));
#2990 = ORIENTED_EDGE('',*,*,#2991,.T.);
#2991 = EDGE_CURVE('',#2984,#2992,#2994,.T.);
#2992 = VERTEX_POINT('',#2993);
#2993 = CARTESIAN_POINT('',(-0.3,0.21,2.E-02));
#2994 = CIRCLE('',#2995,2.E-02);
#2995 = AXIS2_PLACEMENT_3D('',#2996,#2997,#2998);
#2996 = CARTESIAN_POINT('',(-0.3,0.21,4.E-02));
#2997 = DIRECTION('',(-1.,0.,0.));
#2998 = DIRECTION('',(0.,0.,1.));
#2999 = ORIENTED_EDGE('',*,*,#3000,.F.);
#3000 = EDGE_CURVE('',#2941,#2992,#3001,.T.);
#3001 = LINE('',#3002,#3003);
#3002 = CARTESIAN_POINT('',(-0.3,-0.23,2.E-02));
#3003 = VECTOR('',#3004,1.);
#3004 = DIRECTION('',(0.,1.,0.));
#3005 = PLANE('',#3006);
#3006 = AXIS2_PLACEMENT_3D('',#3007,#3008,#3009);
#3007 = CARTESIAN_POINT('',(-0.3,-0.25,0.));
#3008 = DIRECTION('',(1.,0.,0.));
#3009 = DIRECTION('',(0.,0.,1.));
#3010 = ADVANCED_FACE('',(#3011),#3037,.T.);
#3011 = FACE_BOUND('',#3012,.T.);
#3012 = EDGE_LOOP('',(#3013,#3014,#3022,#3031));
#3013 = ORIENTED_EDGE('',*,*,#2938,.T.);
#3014 = ORIENTED_EDGE('',*,*,#3015,.T.);
#3015 = EDGE_CURVE('',#2941,#3016,#3018,.T.);
#3016 = VERTEX_POINT('',#3017);
#3017 = CARTESIAN_POINT('',(0.3,-0.21,2.E-02));
#3018 = LINE('',#3019,#3020);
#3019 = CARTESIAN_POINT('',(-0.3,-0.21,2.E-02));
#3020 = VECTOR('',#3021,1.);
#3021 = DIRECTION('',(1.,0.,0.));
#3022 = ORIENTED_EDGE('',*,*,#3023,.F.);
#3023 = EDGE_CURVE('',#3024,#3016,#3026,.T.);
#3024 = VERTEX_POINT('',#3025);
#3025 = CARTESIAN_POINT('',(0.3,-0.23,4.E-02));
#3026 = CIRCLE('',#3027,2.E-02);
#3027 = AXIS2_PLACEMENT_3D('',#3028,#3029,#3030);
#3028 = CARTESIAN_POINT('',(0.3,-0.21,4.E-02));
#3029 = DIRECTION('',(1.,0.,-0.));
#3030 = DIRECTION('',(0.,0.,1.));
#3031 = ORIENTED_EDGE('',*,*,#3032,.F.);
#3032 = EDGE_CURVE('',#2939,#3024,#3033,.T.);
#3033 = LINE('',#3034,#3035);
#3034 = CARTESIAN_POINT('',(-0.3,-0.23,4.E-02));
#3035 = VECTOR('',#3036,1.);
#3036 = DIRECTION('',(1.,0.,0.));
#3037 = CYLINDRICAL_SURFACE('',#3038,2.E-02);
#3038 = AXIS2_PLACEMENT_3D('',#3039,#3040,#3041);
#3039 = CARTESIAN_POINT('',(-0.3,-0.21,4.E-02));
#3040 = DIRECTION('',(1.,0.,0.));
#3041 = DIRECTION('',(0.,-1.,0.));
#3042 = ADVANCED_FACE('',(#3043),#3061,.F.);
#3043 = FACE_BOUND('',#3044,.F.);
#3044 = EDGE_LOOP('',(#3045,#3046,#3047,#3055));
#3045 = ORIENTED_EDGE('',*,*,#3000,.F.);
#3046 = ORIENTED_EDGE('',*,*,#3015,.T.);
#3047 = ORIENTED_EDGE('',*,*,#3048,.T.);
#3048 = EDGE_CURVE('',#3016,#3049,#3051,.T.);
#3049 = VERTEX_POINT('',#3050);
#3050 = CARTESIAN_POINT('',(0.3,0.21,2.E-02));
#3051 = LINE('',#3052,#3053);
#3052 = CARTESIAN_POINT('',(0.3,-0.23,2.E-02));
#3053 = VECTOR('',#3054,1.);
#3054 = DIRECTION('',(0.,1.,0.));
#3055 = ORIENTED_EDGE('',*,*,#3056,.F.);
#3056 = EDGE_CURVE('',#2992,#3049,#3057,.T.);
#3057 = LINE('',#3058,#3059);
#3058 = CARTESIAN_POINT('',(-0.3,0.21,2.E-02));
#3059 = VECTOR('',#3060,1.);
#3060 = DIRECTION('',(1.,0.,0.));
#3061 = PLANE('',#3062);
#3062 = AXIS2_PLACEMENT_3D('',#3063,#3064,#3065);
#3063 = CARTESIAN_POINT('',(-0.3,-0.23,2.E-02));
#3064 = DIRECTION('',(0.,0.,1.));
#3065 = DIRECTION('',(1.,0.,-0.));
#3066 = ADVANCED_FACE('',(#3067),#3086,.T.);
#3067 = FACE_BOUND('',#3068,.T.);
#3068 = EDGE_LOOP('',(#3069,#3077,#3084,#3085));
#3069 = ORIENTED_EDGE('',*,*,#3070,.T.);
#3070 = EDGE_CURVE('',#2984,#3071,#3073,.T.);
#3071 = VERTEX_POINT('',#3072);
#3072 = CARTESIAN_POINT('',(0.3,0.23,4.E-02));
#3073 = LINE('',#3074,#3075);
#3074 = CARTESIAN_POINT('',(-0.3,0.23,4.E-02));
#3075 = VECTOR('',#3076,1.);
#3076 = DIRECTION('',(1.,0.,0.));
#3077 = ORIENTED_EDGE('',*,*,#3078,.T.);
#3078 = EDGE_CURVE('',#3071,#3049,#3079,.T.);
#3079 = CIRCLE('',#3080,2.E-02);
#3080 = AXIS2_PLACEMENT_3D('',#3081,#3082,#3083);
#3081 = CARTESIAN_POINT('',(0.3,0.21,4.E-02));
#3082 = DIRECTION('',(-1.,0.,0.));
#3083 = DIRECTION('',(0.,0.,1.));
#3084 = ORIENTED_EDGE('',*,*,#3056,.F.);
#3085 = ORIENTED_EDGE('',*,*,#2991,.F.);
#3086 = CYLINDRICAL_SURFACE('',#3087,2.E-02);
#3087 = AXIS2_PLACEMENT_3D('',#3088,#3089,#3090);
#3088 = CARTESIAN_POINT('',(-0.3,0.21,4.E-02));
#3089 = DIRECTION('',(1.,0.,0.));
#3090 = DIRECTION('',(-0.,1.,0.));
#3091 = ADVANCED_FACE('',(#3092),#3110,.T.);
#3092 = FACE_BOUND('',#3093,.T.);
#3093 = EDGE_LOOP('',(#3094,#3102,#3103,#3104));
#3094 = ORIENTED_EDGE('',*,*,#3095,.F.);
#3095 = EDGE_CURVE('',#3071,#3096,#3098,.T.);
#3096 = VERTEX_POINT('',#3097);
#3097 = CARTESIAN_POINT('',(0.3,0.23,0.46));
#3098 = LINE('',#3099,#3100);
#3099 = CARTESIAN_POINT('',(0.3,0.23,2.E-02));
#3100 = VECTOR('',#3101,1.);
#3101 = DIRECTION('',(0.,0.,1.));
#3102 = ORIENTED_EDGE('',*,*,#3070,.F.);
#3103 = ORIENTED_EDGE('',*,*,#2983,.T.);
#3104 = ORIENTED_EDGE('',*,*,#3105,.T.);
#3105 = EDGE_CURVE('',#2975,#3096,#3106,.T.);
#3106 = LINE('',#3107,#3108);
#3107 = CARTESIAN_POINT('',(-0.3,0.23,0.46));
#3108 = VECTOR('',#3109,1.);
#3109 = DIRECTION('',(1.,0.,0.));
#3110 = PLANE('',#3111);
#3111 = AXIS2_PLACEMENT_3D('',#3112,#3113,#3114);
#3112 = CARTESIAN_POINT('',(-0.3,0.23,2.E-02));
#3113 = DIRECTION('',(0.,1.,0.));
#3114 = DIRECTION('',(0.,-0.,1.));
#3115 = ADVANCED_FACE('',(#3116),#3135,.T.);
#3116 = FACE_BOUND('',#3117,.T.);
#3117 = EDGE_LOOP('',(#3118,#3119,#3127,#3134));
#3118 = ORIENTED_EDGE('',*,*,#2974,.T.);
#3119 = ORIENTED_EDGE('',*,*,#3120,.T.);
#3120 = EDGE_CURVE('',#2967,#3121,#3123,.T.);
#3121 = VERTEX_POINT('',#3122);
#3122 = CARTESIAN_POINT('',(0.3,0.21,0.48));
#3123 = LINE('',#3124,#3125);
#3124 = CARTESIAN_POINT('',(-0.3,0.21,0.48));
#3125 = VECTOR('',#3126,1.);
#3126 = DIRECTION('',(1.,0.,0.));
#3127 = ORIENTED_EDGE('',*,*,#3128,.F.);
#3128 = EDGE_CURVE('',#3096,#3121,#3129,.T.);
#3129 = CIRCLE('',#3130,2.E-02);
#3130 = AXIS2_PLACEMENT_3D('',#3131,#3132,#3133);
#3131 = CARTESIAN_POINT('',(0.3,0.21,0.46));
#3132 = DIRECTION('',(1.,0.,-0.));
#3133 = DIRECTION('',(0.,0.,1.));
#3134 = ORIENTED_EDGE('',*,*,#3105,.F.);
#3135 = CYLINDRICAL_SURFACE('',#3136,2.E-02);
#3136 = AXIS2_PLACEMENT_3D('',#3137,#3138,#3139);
#3137 = CARTESIAN_POINT('',(-0.3,0.21,0.46));
#3138 = DIRECTION('',(1.,0.,0.));
#3139 = DIRECTION('',(-0.,1.,0.));
#3140 = ADVANCED_FACE('',(#3141),#3159,.T.);
#3141 = FACE_BOUND('',#3142,.T.);
#3142 = EDGE_LOOP('',(#3143,#3144,#3152,#3158));
#3143 = ORIENTED_EDGE('',*,*,#2966,.F.);
#3144 = ORIENTED_EDGE('',*,*,#3145,.T.);
#3145 = EDGE_CURVE('',#2958,#3146,#3148,.T.);
#3146 = VERTEX_POINT('',#3147);
#3147 = CARTESIAN_POINT('',(0.3,-0.21,0.48));
#3148 = LINE('',#3149,#3150);
#3149 = CARTESIAN_POINT('',(-0.3,-0.21,0.48));
#3150 = VECTOR('',#3151,1.);
#3151 = DIRECTION('',(1.,0.,0.));
#3152 = ORIENTED_EDGE('',*,*,#3153,.T.);
#3153 = EDGE_CURVE('',#3146,#3121,#3154,.T.);
#3154 = LINE('',#3155,#3156);
#3155 = CARTESIAN_POINT('',(0.3,-0.23,0.48));
#3156 = VECTOR('',#3157,1.);
#3157 = DIRECTION('',(0.,1.,0.));
#3158 = ORIENTED_EDGE('',*,*,#3120,.F.);
#3159 = PLANE('',#3160);
#3160 = AXIS2_PLACEMENT_3D('',#3161,#3162,#3163);
#3161 = CARTESIAN_POINT('',(-0.3,-0.23,0.48));
#3162 = DIRECTION('',(0.,0.,1.));
#3163 = DIRECTION('',(1.,0.,-0.));
#3164 = ADVANCED_FACE('',(#3165),#3184,.T.);
#3165 = FACE_BOUND('',#3166,.T.);
#3166 = EDGE_LOOP('',(#3167,#3175,#3182,#3183));
#3167 = ORIENTED_EDGE('',*,*,#3168,.T.);
#3168 = EDGE_CURVE('',#2950,#3169,#3171,.T.);
#3169 = VERTEX_POINT('',#3170);
#3170 = CARTESIAN_POINT('',(0.3,-0.23,0.46));
#3171 = LINE('',#3172,#3173);
#3172 = CARTESIAN_POINT('',(-0.3,-0.23,0.46));
#3173 = VECTOR('',#3174,1.);
#3174 = DIRECTION('',(1.,0.,0.));
#3175 = ORIENTED_EDGE('',*,*,#3176,.T.);
#3176 = EDGE_CURVE('',#3169,#3146,#3177,.T.);
#3177 = CIRCLE('',#3178,2.E-02);
#3178 = AXIS2_PLACEMENT_3D('',#3179,#3180,#3181);
#3179 = CARTESIAN_POINT('',(0.3,-0.21,0.46));
#3180 = DIRECTION('',(-1.,0.,0.));
#3181 = DIRECTION('',(0.,0.,1.));
#3182 = ORIENTED_EDGE('',*,*,#3145,.F.);
#3183 = ORIENTED_EDGE('',*,*,#2957,.F.);
#3184 = CYLINDRICAL_SURFACE('',#3185,2.E-02);
#3185 = AXIS2_PLACEMENT_3D('',#3186,#3187,#3188);
#3186 = CARTESIAN_POINT('',(-0.3,-0.21,0.46));
#3187 = DIRECTION('',(1.,0.,0.));
#3188 = DIRECTION('',(0.,-1.,0.));
#3189 = ADVANCED_FACE('',(#3190),#3201,.F.);
#3190 = FACE_BOUND('',#3191,.F.);
#3191 = EDGE_LOOP('',(#3192,#3198,#3199,#3200));
#3192 = ORIENTED_EDGE('',*,*,#3193,.F.);
#3193 = EDGE_CURVE('',#3024,#3169,#3194,.T.);
#3194 = LINE('',#3195,#3196);
#3195 = CARTESIAN_POINT('',(0.3,-0.23,2.E-02));
#3196 = VECTOR('',#3197,1.);
#3197 = DIRECTION('',(0.,0.,1.));
#3198 = ORIENTED_EDGE('',*,*,#3032,.F.);
#3199 = ORIENTED_EDGE('',*,*,#2949,.T.);
#3200 = ORIENTED_EDGE('',*,*,#3168,.T.);
#3201 = PLANE('',#3202);
#3202 = AXIS2_PLACEMENT_3D('',#3203,#3204,#3205);
#3203 = CARTESIAN_POINT('',(-0.3,-0.23,2.E-02));
#3204 = DIRECTION('',(0.,1.,0.));
#3205 = DIRECTION('',(0.,-0.,1.));
#3206 = ADVANCED_FACE('',(#3207,#3277),#3287,.F.);
#3207 = FACE_BOUND('',#3208,.F.);
#3208 = EDGE_LOOP('',(#3209,#3219,#3228,#3236,#3245,#3253,#3262,#3270));
#3209 = ORIENTED_EDGE('',*,*,#3210,.F.);
#3210 = EDGE_CURVE('',#3211,#3213,#3215,.T.);
#3211 = VERTEX_POINT('',#3212);
#3212 = CARTESIAN_POINT('',(0.3,-0.25,2.E-02));
#3213 = VERTEX_POINT('',#3214);
#3214 = CARTESIAN_POINT('',(0.3,-0.25,0.48));
#3215 = LINE('',#3216,#3217);
#3216 = CARTESIAN_POINT('',(0.3,-0.25,0.));
#3217 = VECTOR('',#3218,1.);
#3218 = DIRECTION('',(0.,0.,1.));
#3219 = ORIENTED_EDGE('',*,*,#3220,.T.);
#3220 = EDGE_CURVE('',#3211,#3221,#3223,.T.);
#3221 = VERTEX_POINT('',#3222);
#3222 = CARTESIAN_POINT('',(0.3,-0.23,0.));
#3223 = CIRCLE('',#3224,2.E-02);
#3224 = AXIS2_PLACEMENT_3D('',#3225,#3226,#3227);
#3225 = CARTESIAN_POINT('',(0.3,-0.23,2.E-02));
#3226 = DIRECTION('',(1.,0.,-0.));
#3227 = DIRECTION('',(0.,0.,1.));
#3228 = ORIENTED_EDGE('',*,*,#3229,.T.);
#3229 = EDGE_CURVE('',#3221,#3230,#3232,.T.);
#3230 = VERTEX_POINT('',#3231);
#3231 = CARTESIAN_POINT('',(0.3,0.23,0.));
#3232 = LINE('',#3233,#3234);
#3233 = CARTESIAN_POINT('',(0.3,-0.25,0.));
#3234 = VECTOR('',#3235,1.);
#3235 = DIRECTION('',(0.,1.,0.));
#3236 = ORIENTED_EDGE('',*,*,#3237,.F.);
#3237 = EDGE_CURVE('',#3238,#3230,#3240,.T.);
#3238 = VERTEX_POINT('',#3239);
#3239 = CARTESIAN_POINT('',(0.3,0.25,2.E-02));
#3240 = CIRCLE('',#3241,2.E-02);
#3241 = AXIS2_PLACEMENT_3D('',#3242,#3243,#3244);
#3242 = CARTESIAN_POINT('',(0.3,0.23,2.E-02));
#3243 = DIRECTION('',(-1.,0.,0.));
#3244 = DIRECTION('',(0.,0.,1.));
#3245 = ORIENTED_EDGE('',*,*,#3246,.T.);
#3246 = EDGE_CURVE('',#3238,#3247,#3249,.T.);
#3247 = VERTEX_POINT('',#3248);
#3248 = CARTESIAN_POINT('',(0.3,0.25,0.48));
#3249 = LINE('',#3250,#3251);
#3250 = CARTESIAN_POINT('',(0.3,0.25,0.));
#3251 = VECTOR('',#3252,1.);
#3252 = DIRECTION('',(0.,0.,1.));
#3253 = ORIENTED_EDGE('',*,*,#3254,.T.);
#3254 = EDGE_CURVE('',#3247,#3255,#3257,.T.);
#3255 = VERTEX_POINT('',#3256);
#3256 = CARTESIAN_POINT('',(0.3,0.23,0.5));
#3257 = CIRCLE('',#3258,2.E-02);
#3258 = AXIS2_PLACEMENT_3D('',#3259,#3260,#3261);
#3259 = CARTESIAN_POINT('',(0.3,0.23,0.48));
#3260 = DIRECTION('',(1.,0.,-0.));
#3261 = DIRECTION('',(0.,0.,1.));
#3262 = ORIENTED_EDGE('',*,*,#3263,.F.);
#3263 = EDGE_CURVE('',#3264,#3255,#3266,.T.);
#3264 = VERTEX_POINT('',#3265);
#3265 = CARTESIAN_POINT('',(0.3,-0.23,0.5));
#3266 = LINE('',#3267,#3268);
#3267 = CARTESIAN_POINT('',(0.3,-0.25,0.5));
#3268 = VECTOR('',#3269,1.);
#3269 = DIRECTION('',(0.,1.,0.));
#3270 = ORIENTED_EDGE('',*,*,#3271,.F.);
#3271 = EDGE_CURVE('',#3213,#3264,#3272,.T.);
#3272 = CIRCLE('',#3273,2.E-02);
#3273 = AXIS2_PLACEMENT_3D('',#3274,#3275,#3276);
#3274 = CARTESIAN_POINT('',(0.3,-0.23,0.48));
#3275 = DIRECTION('',(-1.,0.,0.));
#3276 = DIRECTION('',(0.,0.,1.));
#3277 = FACE_BOUND('',#3278,.F.);
#3278 = EDGE_LOOP('',(#3279,#3280,#3281,#3282,#3283,#3284,#3285,#3286));
#3279 = ORIENTED_EDGE('',*,*,#3023,.F.);
#3280 = ORIENTED_EDGE('',*,*,#3193,.T.);
#3281 = ORIENTED_EDGE('',*,*,#3176,.T.);
#3282 = ORIENTED_EDGE('',*,*,#3153,.T.);
#3283 = ORIENTED_EDGE('',*,*,#3128,.F.);
#3284 = ORIENTED_EDGE('',*,*,#3095,.F.);
#3285 = ORIENTED_EDGE('',*,*,#3078,.T.);
#3286 = ORIENTED_EDGE('',*,*,#3048,.F.);
#3287 = PLANE('',#3288);
#3288 = AXIS2_PLACEMENT_3D('',#3289,#3290,#3291);
#3289 = CARTESIAN_POINT('',(0.3,-0.25,0.));
#3290 = DIRECTION('',(1.,0.,0.));
#3291 = DIRECTION('',(0.,0.,1.));
#3292 = ADVANCED_FACE('',(#3293),#3318,.F.);
#3293 = FACE_BOUND('',#3294,.F.);
#3294 = EDGE_LOOP('',(#3295,#3305,#3311,#3312));
#3295 = ORIENTED_EDGE('',*,*,#3296,.F.);
#3296 = EDGE_CURVE('',#3297,#3299,#3301,.T.);
#3297 = VERTEX_POINT('',#3298);
#3298 = CARTESIAN_POINT('',(0.5,-0.25,2.E-02));
#3299 = VERTEX_POINT('',#3300);
#3300 = CARTESIAN_POINT('',(0.5,-0.25,0.48));
#3301 = LINE('',#3302,#3303);
#3302 = CARTESIAN_POINT('',(0.5,-0.25,0.));
#3303 = VECTOR('',#3304,1.);
#3304 = DIRECTION('',(0.,0.,1.));
#3305 = ORIENTED_EDGE('',*,*,#3306,.F.);
#3306 = EDGE_CURVE('',#3211,#3297,#3307,.T.);
#3307 = LINE('',#3308,#3309);
#3308 = CARTESIAN_POINT('',(0.3,-0.25,2.E-02));
#3309 = VECTOR('',#3310,1.);
#3310 = DIRECTION('',(1.,0.,0.));
#3311 = ORIENTED_EDGE('',*,*,#3210,.T.);
#3312 = ORIENTED_EDGE('',*,*,#3313,.T.);
#3313 = EDGE_CURVE('',#3213,#3299,#3314,.T.);
#3314 = LINE('',#3315,#3316);
#3315 = CARTESIAN_POINT('',(0.3,-0.25,0.48));
#3316 = VECTOR('',#3317,1.);
#3317 = DIRECTION('',(1.,0.,0.));
#3318 = PLANE('',#3319);
#3319 = AXIS2_PLACEMENT_3D('',#3320,#3321,#3322);
#3320 = CARTESIAN_POINT('',(0.3,-0.25,0.));
#3321 = DIRECTION('',(0.,1.,0.));
#3322 = DIRECTION('',(0.,-0.,1.));
#3323 = ADVANCED_FACE('',(#3324),#3343,.T.);
#3324 = FACE_BOUND('',#3325,.T.);
#3325 = EDGE_LOOP('',(#3326,#3327,#3335,#3342));
#3326 = ORIENTED_EDGE('',*,*,#3220,.T.);
#3327 = ORIENTED_EDGE('',*,*,#3328,.T.);
#3328 = EDGE_CURVE('',#3221,#3329,#3331,.T.);
#3329 = VERTEX_POINT('',#3330);
#3330 = CARTESIAN_POINT('',(0.5,-0.23,0.));
#3331 = LINE('',#3332,#3333);
#3332 = CARTESIAN_POINT('',(0.3,-0.23,0.));
#3333 = VECTOR('',#3334,1.);
#3334 = DIRECTION('',(1.,0.,0.));
#3335 = ORIENTED_EDGE('',*,*,#3336,.F.);
#3336 = EDGE_CURVE('',#3297,#3329,#3337,.T.);
#3337 = CIRCLE('',#3338,2.E-02);
#3338 = AXIS2_PLACEMENT_3D('',#3339,#3340,#3341);
#3339 = CARTESIAN_POINT('',(0.5,-0.23,2.E-02));
#3340 = DIRECTION('',(1.,0.,-0.));
#3341 = DIRECTION('',(0.,0.,1.));
#3342 = ORIENTED_EDGE('',*,*,#3306,.F.);
#3343 = CYLINDRICAL_SURFACE('',#3344,2.E-02);
#3344 = AXIS2_PLACEMENT_3D('',#3345,#3346,#3347);
#3345 = CARTESIAN_POINT('',(0.3,-0.23,2.E-02));
#3346 = DIRECTION('',(1.,0.,0.));
#3347 = DIRECTION('',(0.,-1.,0.));
#3348 = ADVANCED_FACE('',(#3349),#3368,.T.);
#3349 = FACE_BOUND('',#3350,.T.);
#3350 = EDGE_LOOP('',(#3351,#3352,#3361,#3367));
#3351 = ORIENTED_EDGE('',*,*,#3313,.T.);
#3352 = ORIENTED_EDGE('',*,*,#3353,.T.);
#3353 = EDGE_CURVE('',#3299,#3354,#3356,.T.);
#3354 = VERTEX_POINT('',#3355);
#3355 = CARTESIAN_POINT('',(0.5,-0.23,0.5));
#3356 = CIRCLE('',#3357,2.E-02);
#3357 = AXIS2_PLACEMENT_3D('',#3358,#3359,#3360);
#3358 = CARTESIAN_POINT('',(0.5,-0.23,0.48));
#3359 = DIRECTION('',(-1.,0.,0.));
#3360 = DIRECTION('',(0.,0.,1.));
#3361 = ORIENTED_EDGE('',*,*,#3362,.F.);
#3362 = EDGE_CURVE('',#3264,#3354,#3363,.T.);
#3363 = LINE('',#3364,#3365);
#3364 = CARTESIAN_POINT('',(0.3,-0.23,0.5));
#3365 = VECTOR('',#3366,1.);
#3366 = DIRECTION('',(1.,0.,0.));
#3367 = ORIENTED_EDGE('',*,*,#3271,.F.);
#3368 = CYLINDRICAL_SURFACE('',#3369,2.E-02);
#3369 = AXIS2_PLACEMENT_3D('',#3370,#3371,#3372);
#3370 = CARTESIAN_POINT('',(0.3,-0.23,0.48));
#3371 = DIRECTION('',(1.,0.,0.));
#3372 = DIRECTION('',(0.,-1.,0.));
#3373 = ADVANCED_FACE('',(#3374),#3392,.F.);
#3374 = FACE_BOUND('',#3375,.F.);
#3375 = EDGE_LOOP('',(#3376,#3377,#3378,#3386));
#3376 = ORIENTED_EDGE('',*,*,#3229,.F.);
#3377 = ORIENTED_EDGE('',*,*,#3328,.T.);
#3378 = ORIENTED_EDGE('',*,*,#3379,.T.);
#3379 = EDGE_CURVE('',#3329,#3380,#3382,.T.);
#3380 = VERTEX_POINT('',#3381);
#3381 = CARTESIAN_POINT('',(0.5,0.23,0.));
#3382 = LINE('',#3383,#3384);
#3383 = CARTESIAN_POINT('',(0.5,-0.25,0.));
#3384 = VECTOR('',#3385,1.);
#3385 = DIRECTION('',(0.,1.,0.));
#3386 = ORIENTED_EDGE('',*,*,#3387,.F.);
#3387 = EDGE_CURVE('',#3230,#3380,#3388,.T.);
#3388 = LINE('',#3389,#3390);
#3389 = CARTESIAN_POINT('',(0.3,0.23,0.));
#3390 = VECTOR('',#3391,1.);
#3391 = DIRECTION('',(1.,0.,0.));
#3392 = PLANE('',#3393);
#3393 = AXIS2_PLACEMENT_3D('',#3394,#3395,#3396);
#3394 = CARTESIAN_POINT('',(0.3,-0.25,0.));
#3395 = DIRECTION('',(0.,0.,1.));
#3396 = DIRECTION('',(1.,0.,-0.));
#3397 = ADVANCED_FACE('',(#3398),#3416,.T.);
#3398 = FACE_BOUND('',#3399,.T.);
#3399 = EDGE_LOOP('',(#3400,#3401,#3402,#3410));
#3400 = ORIENTED_EDGE('',*,*,#3263,.F.);
#3401 = ORIENTED_EDGE('',*,*,#3362,.T.);
#3402 = ORIENTED_EDGE('',*,*,#3403,.T.);
#3403 = EDGE_CURVE('',#3354,#3404,#3406,.T.);
#3404 = VERTEX_POINT('',#3405);
#3405 = CARTESIAN_POINT('',(0.5,0.23,0.5));
#3406 = LINE('',#3407,#3408);
#3407 = CARTESIAN_POINT('',(0.5,-0.25,0.5));
#3408 = VECTOR('',#3409,1.);
#3409 = DIRECTION('',(0.,1.,0.));
#3410 = ORIENTED_EDGE('',*,*,#3411,.F.);
#3411 = EDGE_CURVE('',#3255,#3404,#3412,.T.);
#3412 = LINE('',#3413,#3414);
#3413 = CARTESIAN_POINT('',(0.3,0.23,0.5));
#3414 = VECTOR('',#3415,1.);
#3415 = DIRECTION('',(1.,0.,0.));
#3416 = PLANE('',#3417);
#3417 = AXIS2_PLACEMENT_3D('',#3418,#3419,#3420);
#3418 = CARTESIAN_POINT('',(0.3,-0.25,0.5));
#3419 = DIRECTION('',(0.,0.,1.));
#3420 = DIRECTION('',(1.,0.,-0.));
#3421 = ADVANCED_FACE('',(#3422),#3441,.T.);
#3422 = FACE_BOUND('',#3423,.T.);
#3423 = EDGE_LOOP('',(#3424,#3432,#3439,#3440));
#3424 = ORIENTED_EDGE('',*,*,#3425,.T.);
#3425 = EDGE_CURVE('',#3238,#3426,#3428,.T.);
#3426 = VERTEX_POINT('',#3427);
#3427 = CARTESIAN_POINT('',(0.5,0.25,2.E-02));
#3428 = LINE('',#3429,#3430);
#3429 = CARTESIAN_POINT('',(0.3,0.25,2.E-02));
#3430 = VECTOR('',#3431,1.);
#3431 = DIRECTION('',(1.,0.,0.));
#3432 = ORIENTED_EDGE('',*,*,#3433,.T.);
#3433 = EDGE_CURVE('',#3426,#3380,#3434,.T.);
#3434 = CIRCLE('',#3435,2.E-02);
#3435 = AXIS2_PLACEMENT_3D('',#3436,#3437,#3438);
#3436 = CARTESIAN_POINT('',(0.5,0.23,2.E-02));
#3437 = DIRECTION('',(-1.,0.,0.));
#3438 = DIRECTION('',(0.,0.,1.));
#3439 = ORIENTED_EDGE('',*,*,#3387,.F.);
#3440 = ORIENTED_EDGE('',*,*,#3237,.F.);
#3441 = CYLINDRICAL_SURFACE('',#3442,2.E-02);
#3442 = AXIS2_PLACEMENT_3D('',#3443,#3444,#3445);
#3443 = CARTESIAN_POINT('',(0.3,0.23,2.E-02));
#3444 = DIRECTION('',(1.,0.,0.));
#3445 = DIRECTION('',(-0.,1.,0.));
#3446 = ADVANCED_FACE('',(#3447),#3466,.T.);
#3447 = FACE_BOUND('',#3448,.T.);
#3448 = EDGE_LOOP('',(#3449,#3450,#3451,#3460));
#3449 = ORIENTED_EDGE('',*,*,#3254,.T.);
#3450 = ORIENTED_EDGE('',*,*,#3411,.T.);
#3451 = ORIENTED_EDGE('',*,*,#3452,.F.);
#3452 = EDGE_CURVE('',#3453,#3404,#3455,.T.);
#3453 = VERTEX_POINT('',#3454);
#3454 = CARTESIAN_POINT('',(0.5,0.25,0.48));
#3455 = CIRCLE('',#3456,2.E-02);
#3456 = AXIS2_PLACEMENT_3D('',#3457,#3458,#3459);
#3457 = CARTESIAN_POINT('',(0.5,0.23,0.48));
#3458 = DIRECTION('',(1.,0.,-0.));
#3459 = DIRECTION('',(0.,0.,1.));
#3460 = ORIENTED_EDGE('',*,*,#3461,.F.);
#3461 = EDGE_CURVE('',#3247,#3453,#3462,.T.);
#3462 = LINE('',#3463,#3464);
#3463 = CARTESIAN_POINT('',(0.3,0.25,0.48));
#3464 = VECTOR('',#3465,1.);
#3465 = DIRECTION('',(1.,0.,0.));
#3466 = CYLINDRICAL_SURFACE('',#3467,2.E-02);
#3467 = AXIS2_PLACEMENT_3D('',#3468,#3469,#3470);
#3468 = CARTESIAN_POINT('',(0.3,0.23,0.48));
#3469 = DIRECTION('',(1.,0.,0.));
#3470 = DIRECTION('',(-0.,1.,0.));
#3471 = ADVANCED_FACE('',(#3472),#3483,.T.);
#3472 = FACE_BOUND('',#3473,.T.);
#3473 = EDGE_LOOP('',(#3474,#3480,#3481,#3482));
#3474 = ORIENTED_EDGE('',*,*,#3475,.F.);
#3475 = EDGE_CURVE('',#3426,#3453,#3476,.T.);
#3476 = LINE('',#3477,#3478);
#3477 = CARTESIAN_POINT('',(0.5,0.25,0.));
#3478 = VECTOR('',#3479,1.);
#3479 = DIRECTION('',(0.,0.,1.));
#3480 = ORIENTED_EDGE('',*,*,#3425,.F.);
#3481 = ORIENTED_EDGE('',*,*,#3246,.T.);
#3482 = ORIENTED_EDGE('',*,*,#3461,.T.);
#3483 = PLANE('',#3484);
#3484 = AXIS2_PLACEMENT_3D('',#3485,#3486,#3487);
#3485 = CARTESIAN_POINT('',(0.3,0.25,0.));
#3486 = DIRECTION('',(0.,1.,0.));
#3487 = DIRECTION('',(0.,-0.,1.));
#3488 = ADVANCED_FACE('',(#3489),#3499,.T.);
#3489 = FACE_BOUND('',#3490,.T.);
#3490 = EDGE_LOOP('',(#3491,#3492,#3493,#3494,#3495,#3496,#3497,#3498));
#3491 = ORIENTED_EDGE('',*,*,#3296,.F.);
#3492 = ORIENTED_EDGE('',*,*,#3336,.T.);
#3493 = ORIENTED_EDGE('',*,*,#3379,.T.);
#3494 = ORIENTED_EDGE('',*,*,#3433,.F.);
#3495 = ORIENTED_EDGE('',*,*,#3475,.T.);
#3496 = ORIENTED_EDGE('',*,*,#3452,.T.);
#3497 = ORIENTED_EDGE('',*,*,#3403,.F.);
#3498 = ORIENTED_EDGE('',*,*,#3353,.F.);
#3499 = PLANE('',#3500);
#3500 = AXIS2_PLACEMENT_3D('',#3501,#3502,#3503);
#3501 = CARTESIAN_POINT('',(0.5,-0.25,0.));
#3502 = DIRECTION('',(1.,0.,0.));
#3503 = DIRECTION('',(0.,0.,1.));
#3504 = ( GEOMETRIC_REPRESENTATION_CONTEXT(3) 
GLOBAL_UNCERTAINTY_ASSIGNED_CONTEXT((#3508)) 
GLOBAL_UNIT_ASSIGNED_CONTEXT((#3505,#3506,#3507)) REPRESENTATION_CONTEXT
('Context #1','3D Context with UNIT and UNCERTAINTY') );
#3505 = ( LENGTH_UNIT() NAMED_UNIT(*) SI_UNIT(.MILLI.,.METRE.) );
#3506 = ( NAMED_UNIT(*) PLANE_ANGLE_UNIT() SI_UNIT($,.RADIAN.) );
#3507 = ( NAMED_UNIT(*) SI_UNIT($,.STERADIAN.) SOLID_ANGLE_UNIT() );
#3508 = UNCERTAINTY_MEASURE_WITH_UNIT(LENGTH_MEASURE(1.E-07),#3505,
  'distance_accuracy_value','confusion accuracy');
#3509 = CONTEXT_DEPENDENT_SHAPE_REPRESENTATION(#3510,#3512);
#3510 = ( REPRESENTATION_RELATIONSHIP('','',#2649,#10) 
REPRESENTATION_RELATIONSHIP_WITH_TRANSFORMATION(#3511) 
SHAPE_REPRESENTATION_RELATIONSHIP() );
#3511 = ITEM_DEFINED_TRANSFORMATION('','',#11,#35);
#3512 = PRODUCT_DEFINITION_SHAPE('Placement','Placement of an item',
  #3513);
#3513 = NEXT_ASSEMBLY_USAGE_OCCURRENCE('6','C1','',#5,#2644,$);
#3514 = PRODUCT_RELATED_PRODUCT_CATEGORY('part',$,(#2646));
#3515 = CONTEXT_DEPENDENT_SHAPE_REPRESENTATION(#3516,#3518);
#3516 = ( REPRESENTATION_RELATIONSHIP('','',#84,#10) 
REPRESENTATION_RELATIONSHIP_WITH_TRANSFORMATION(#3517) 
SHAPE_REPRESENTATION_RELATIONSHIP() );
#3517 = ITEM_DEFINED_TRANSFORMATION('','',#11,#39);
#3518 = PRODUCT_DEFINITION_SHAPE('Placement','Placement of an item',
  #3519);
#3519 = NEXT_ASSEMBLY_USAGE_OCCURRENCE('7','R2','',#5,#79,$);
#3520 = CONTEXT_DEPENDENT_SHAPE_REPRESENTATION(#3521,#3523);
#3521 = ( REPRESENTATION_RELATIONSHIP('','',#2649,#10) 
REPRESENTATION_RELATIONSHIP_WITH_TRANSFORMATION(#3522) 
SHAPE_REPRESENTATION_RELATIONSHIP() );
#3522 = ITEM_DEFINED_TRANSFORMATION('','',#11,#43);
#3523 = PRODUCT_DEFINITION_SHAPE('Placement','Placement of an item',
  #3524);
#3524 = NEXT_ASSEMBLY_USAGE_OCCURRENCE('8','C2','',#5,#2644,$);
#3525 = CONTEXT_DEPENDENT_SHAPE_REPRESENTATION(#3526,#3528);
#3526 = ( REPRESENTATION_RELATIONSHIP('','',#893,#10) 
REPRESENTATION_RELATIONSHIP_WITH_TRANSFORMATION(#3527) 
SHAPE_REPRESENTATION_RELATIONSHIP() );
#3527 = ITEM_DEFINED_TRANSFORMATION('','',#11,#47);
#3528 = PRODUCT_DEFINITION_SHAPE('Placement','Placement of an item',
  #3529);
#3529 = NEXT_ASSEMBLY_USAGE_OCCURRENCE('9','C6','',#5,#888,$);
#3530 = CONTEXT_DEPENDENT_SHAPE_REPRESENTATION(#3531,#3533);
#3531 = ( REPRESENTATION_RELATIONSHIP('','',#84,#10) 
REPRESENTATION_RELATIONSHIP_WITH_TRANSFORMATION(#3532) 
SHAPE_REPRESENTATION_RELATIONSHIP() );
#3532 = ITEM_DEFINED_TRANSFORMATION('','',#11,#51);
#3533 = PRODUCT_DEFINITION_SHAPE('Placement','Placement of an item',
  #3534);
#3534 = NEXT_ASSEMBLY_USAGE_OCCURRENCE('10','R1','',#5,#79,$);
#3535 = SHAPE_DEFINITION_REPRESENTATION(#3536,#3542);
#3536 = PRODUCT_DEFINITION_SHAPE('','',#3537);
#3537 = PRODUCT_DEFINITION('design','',#3538,#3541);
#3538 = PRODUCT_DEFINITION_FORMATION('','',#3539);
#3539 = PRODUCT('C_0201_0603Metric','C_0201_0603Metric','',(#3540));
#3540 = PRODUCT_CONTEXT('',#2,'mechanical');
#3541 = PRODUCT_DEFINITION_CONTEXT('part definition',#2,'design');
#3542 = ADVANCED_BREP_SHAPE_REPRESENTATION('',(#11,#3543),#4397);
#3543 = MANIFOLD_SOLID_BREP('',#3544);
#3544 = CLOSED_SHELL('',(#3545,#3621,#3652,#3677,#3702,#3726,#3750,#3775
    ,#3800,#3817,#3903,#3935,#3959,#3984,#4008,#4033,#4057,#4082,#4099,
    #4185,#4216,#4241,#4266,#4290,#4314,#4339,#4364,#4381));
#3545 = ADVANCED_FACE('',(#3546),#3616,.F.);
#3546 = FACE_BOUND('',#3547,.F.);
#3547 = EDGE_LOOP('',(#3548,#3558,#3567,#3575,#3584,#3592,#3601,#3609));
#3548 = ORIENTED_EDGE('',*,*,#3549,.F.);
#3549 = EDGE_CURVE('',#3550,#3552,#3554,.T.);
#3550 = VERTEX_POINT('',#3551);
#3551 = CARTESIAN_POINT('',(-0.3,-0.15,1.5E-02));
#3552 = VERTEX_POINT('',#3553);
#3553 = CARTESIAN_POINT('',(-0.3,-0.15,0.285));
#3554 = LINE('',#3555,#3556);
#3555 = CARTESIAN_POINT('',(-0.3,-0.15,0.));
#3556 = VECTOR('',#3557,1.);
#3557 = DIRECTION('',(0.,0.,1.));
#3558 = ORIENTED_EDGE('',*,*,#3559,.T.);
#3559 = EDGE_CURVE('',#3550,#3560,#3562,.T.);
#3560 = VERTEX_POINT('',#3561);
#3561 = CARTESIAN_POINT('',(-0.3,-0.135,-2.775557561563E-17));
#3562 = CIRCLE('',#3563,1.5E-02);
#3563 = AXIS2_PLACEMENT_3D('',#3564,#3565,#3566);
#3564 = CARTESIAN_POINT('',(-0.3,-0.135,1.5E-02));
#3565 = DIRECTION('',(1.,0.,-0.));
#3566 = DIRECTION('',(0.,0.,1.));
#3567 = ORIENTED_EDGE('',*,*,#3568,.T.);
#3568 = EDGE_CURVE('',#3560,#3569,#3571,.T.);
#3569 = VERTEX_POINT('',#3570);
#3570 = CARTESIAN_POINT('',(-0.3,0.135,-2.775557561563E-17));
#3571 = LINE('',#3572,#3573);
#3572 = CARTESIAN_POINT('',(-0.3,-0.15,0.));
#3573 = VECTOR('',#3574,1.);
#3574 = DIRECTION('',(0.,1.,0.));
#3575 = ORIENTED_EDGE('',*,*,#3576,.F.);
#3576 = EDGE_CURVE('',#3577,#3569,#3579,.T.);
#3577 = VERTEX_POINT('',#3578);
#3578 = CARTESIAN_POINT('',(-0.3,0.15,1.5E-02));
#3579 = CIRCLE('',#3580,1.5E-02);
#3580 = AXIS2_PLACEMENT_3D('',#3581,#3582,#3583);
#3581 = CARTESIAN_POINT('',(-0.3,0.135,1.5E-02));
#3582 = DIRECTION('',(-1.,0.,0.));
#3583 = DIRECTION('',(0.,0.,1.));
#3584 = ORIENTED_EDGE('',*,*,#3585,.T.);
#3585 = EDGE_CURVE('',#3577,#3586,#3588,.T.);
#3586 = VERTEX_POINT('',#3587);
#3587 = CARTESIAN_POINT('',(-0.3,0.15,0.285));
#3588 = LINE('',#3589,#3590);
#3589 = CARTESIAN_POINT('',(-0.3,0.15,0.));
#3590 = VECTOR('',#3591,1.);
#3591 = DIRECTION('',(0.,0.,1.));
#3592 = ORIENTED_EDGE('',*,*,#3593,.T.);
#3593 = EDGE_CURVE('',#3586,#3594,#3596,.T.);
#3594 = VERTEX_POINT('',#3595);
#3595 = CARTESIAN_POINT('',(-0.3,0.135,0.3));
#3596 = CIRCLE('',#3597,1.5E-02);
#3597 = AXIS2_PLACEMENT_3D('',#3598,#3599,#3600);
#3598 = CARTESIAN_POINT('',(-0.3,0.135,0.285));
#3599 = DIRECTION('',(1.,0.,-0.));
#3600 = DIRECTION('',(0.,0.,1.));
#3601 = ORIENTED_EDGE('',*,*,#3602,.F.);
#3602 = EDGE_CURVE('',#3603,#3594,#3605,.T.);
#3603 = VERTEX_POINT('',#3604);
#3604 = CARTESIAN_POINT('',(-0.3,-0.135,0.3));
#3605 = LINE('',#3606,#3607);
#3606 = CARTESIAN_POINT('',(-0.3,-0.15,0.3));
#3607 = VECTOR('',#3608,1.);
#3608 = DIRECTION('',(0.,1.,0.));
#3609 = ORIENTED_EDGE('',*,*,#3610,.F.);
#3610 = EDGE_CURVE('',#3552,#3603,#3611,.T.);
#3611 = CIRCLE('',#3612,1.5E-02);
#3612 = AXIS2_PLACEMENT_3D('',#3613,#3614,#3615);
#3613 = CARTESIAN_POINT('',(-0.3,-0.135,0.285));
#3614 = DIRECTION('',(-1.,0.,0.));
#3615 = DIRECTION('',(0.,0.,1.));
#3616 = PLANE('',#3617);
#3617 = AXIS2_PLACEMENT_3D('',#3618,#3619,#3620);
#3618 = CARTESIAN_POINT('',(-0.3,-0.15,0.));
#3619 = DIRECTION('',(1.,0.,0.));
#3620 = DIRECTION('',(0.,0.,1.));
#3621 = ADVANCED_FACE('',(#3622),#3647,.F.);
#3622 = FACE_BOUND('',#3623,.F.);
#3623 = EDGE_LOOP('',(#3624,#3634,#3640,#3641));
#3624 = ORIENTED_EDGE('',*,*,#3625,.F.);
#3625 = EDGE_CURVE('',#3626,#3628,#3630,.T.);
#3626 = VERTEX_POINT('',#3627);
#3627 = CARTESIAN_POINT('',(-0.15,-0.15,1.5E-02));
#3628 = VERTEX_POINT('',#3629);
#3629 = CARTESIAN_POINT('',(-0.15,-0.15,0.285));
#3630 = LINE('',#3631,#3632);
#3631 = CARTESIAN_POINT('',(-0.15,-0.15,0.));
#3632 = VECTOR('',#3633,1.);
#3633 = DIRECTION('',(0.,0.,1.));
#3634 = ORIENTED_EDGE('',*,*,#3635,.F.);
#3635 = EDGE_CURVE('',#3550,#3626,#3636,.T.);
#3636 = LINE('',#3637,#3638);
#3637 = CARTESIAN_POINT('',(-0.3,-0.15,1.5E-02));
#3638 = VECTOR('',#3639,1.);
#3639 = DIRECTION('',(1.,0.,0.));
#3640 = ORIENTED_EDGE('',*,*,#3549,.T.);
#3641 = ORIENTED_EDGE('',*,*,#3642,.T.);
#3642 = EDGE_CURVE('',#3552,#3628,#3643,.T.);
#3643 = LINE('',#3644,#3645);
#3644 = CARTESIAN_POINT('',(-0.3,-0.15,0.285));
#3645 = VECTOR('',#3646,1.);
#3646 = DIRECTION('',(1.,0.,0.));
#3647 = PLANE('',#3648);
#3648 = AXIS2_PLACEMENT_3D('',#3649,#3650,#3651);
#3649 = CARTESIAN_POINT('',(-0.3,-0.15,0.));
#3650 = DIRECTION('',(0.,1.,0.));
#3651 = DIRECTION('',(0.,-0.,1.));
#3652 = ADVANCED_FACE('',(#3653),#3672,.T.);
#3653 = FACE_BOUND('',#3654,.T.);
#3654 = EDGE_LOOP('',(#3655,#3656,#3664,#3671));
#3655 = ORIENTED_EDGE('',*,*,#3559,.T.);
#3656 = ORIENTED_EDGE('',*,*,#3657,.T.);
#3657 = EDGE_CURVE('',#3560,#3658,#3660,.T.);
#3658 = VERTEX_POINT('',#3659);
#3659 = CARTESIAN_POINT('',(-0.15,-0.135,-2.775557561563E-17));
#3660 = LINE('',#3661,#3662);
#3661 = CARTESIAN_POINT('',(-0.3,-0.135,-2.775557561563E-17));
#3662 = VECTOR('',#3663,1.);
#3663 = DIRECTION('',(1.,0.,0.));
#3664 = ORIENTED_EDGE('',*,*,#3665,.F.);
#3665 = EDGE_CURVE('',#3626,#3658,#3666,.T.);
#3666 = CIRCLE('',#3667,1.5E-02);
#3667 = AXIS2_PLACEMENT_3D('',#3668,#3669,#3670);
#3668 = CARTESIAN_POINT('',(-0.15,-0.135,1.5E-02));
#3669 = DIRECTION('',(1.,0.,-0.));
#3670 = DIRECTION('',(0.,0.,1.));
#3671 = ORIENTED_EDGE('',*,*,#3635,.F.);
#3672 = CYLINDRICAL_SURFACE('',#3673,1.5E-02);
#3673 = AXIS2_PLACEMENT_3D('',#3674,#3675,#3676);
#3674 = CARTESIAN_POINT('',(-0.3,-0.135,1.5E-02));
#3675 = DIRECTION('',(1.,0.,0.));
#3676 = DIRECTION('',(0.,-1.,0.));
#3677 = ADVANCED_FACE('',(#3678),#3697,.T.);
#3678 = FACE_BOUND('',#3679,.T.);
#3679 = EDGE_LOOP('',(#3680,#3681,#3690,#3696));
#3680 = ORIENTED_EDGE('',*,*,#3642,.T.);
#3681 = ORIENTED_EDGE('',*,*,#3682,.T.);
#3682 = EDGE_CURVE('',#3628,#3683,#3685,.T.);
#3683 = VERTEX_POINT('',#3684);
#3684 = CARTESIAN_POINT('',(-0.15,-0.135,0.3));
#3685 = CIRCLE('',#3686,1.5E-02);
#3686 = AXIS2_PLACEMENT_3D('',#3687,#3688,#3689);
#3687 = CARTESIAN_POINT('',(-0.15,-0.135,0.285));
#3688 = DIRECTION('',(-1.,0.,0.));
#3689 = DIRECTION('',(0.,0.,1.));
#3690 = ORIENTED_EDGE('',*,*,#3691,.F.);
#3691 = EDGE_CURVE('',#3603,#3683,#3692,.T.);
#3692 = LINE('',#3693,#3694);
#3693 = CARTESIAN_POINT('',(-0.3,-0.135,0.3));
#3694 = VECTOR('',#3695,1.);
#3695 = DIRECTION('',(1.,0.,0.));
#3696 = ORIENTED_EDGE('',*,*,#3610,.F.);
#3697 = CYLINDRICAL_SURFACE('',#3698,1.5E-02);
#3698 = AXIS2_PLACEMENT_3D('',#3699,#3700,#3701);
#3699 = CARTESIAN_POINT('',(-0.3,-0.135,0.285));
#3700 = DIRECTION('',(1.,0.,0.));
#3701 = DIRECTION('',(0.,-1.,0.));
#3702 = ADVANCED_FACE('',(#3703),#3721,.F.);
#3703 = FACE_BOUND('',#3704,.F.);
#3704 = EDGE_LOOP('',(#3705,#3706,#3707,#3715));
#3705 = ORIENTED_EDGE('',*,*,#3568,.F.);
#3706 = ORIENTED_EDGE('',*,*,#3657,.T.);
#3707 = ORIENTED_EDGE('',*,*,#3708,.T.);
#3708 = EDGE_CURVE('',#3658,#3709,#3711,.T.);
#3709 = VERTEX_POINT('',#3710);
#3710 = CARTESIAN_POINT('',(-0.15,0.135,-2.775557561563E-17));
#3711 = LINE('',#3712,#3713);
#3712 = CARTESIAN_POINT('',(-0.15,-0.15,0.));
#3713 = VECTOR('',#3714,1.);
#3714 = DIRECTION('',(0.,1.,0.));
#3715 = ORIENTED_EDGE('',*,*,#3716,.F.);
#3716 = EDGE_CURVE('',#3569,#3709,#3717,.T.);
#3717 = LINE('',#3718,#3719);
#3718 = CARTESIAN_POINT('',(-0.3,0.135,-2.775557561563E-17));
#3719 = VECTOR('',#3720,1.);
#3720 = DIRECTION('',(1.,0.,0.));
#3721 = PLANE('',#3722);
#3722 = AXIS2_PLACEMENT_3D('',#3723,#3724,#3725);
#3723 = CARTESIAN_POINT('',(-0.3,-0.15,0.));
#3724 = DIRECTION('',(0.,0.,1.));
#3725 = DIRECTION('',(1.,0.,-0.));
#3726 = ADVANCED_FACE('',(#3727),#3745,.T.);
#3727 = FACE_BOUND('',#3728,.T.);
#3728 = EDGE_LOOP('',(#3729,#3730,#3731,#3739));
#3729 = ORIENTED_EDGE('',*,*,#3602,.F.);
#3730 = ORIENTED_EDGE('',*,*,#3691,.T.);
#3731 = ORIENTED_EDGE('',*,*,#3732,.T.);
#3732 = EDGE_CURVE('',#3683,#3733,#3735,.T.);
#3733 = VERTEX_POINT('',#3734);
#3734 = CARTESIAN_POINT('',(-0.15,0.135,0.3));
#3735 = LINE('',#3736,#3737);
#3736 = CARTESIAN_POINT('',(-0.15,-0.15,0.3));
#3737 = VECTOR('',#3738,1.);
#3738 = DIRECTION('',(0.,1.,0.));
#3739 = ORIENTED_EDGE('',*,*,#3740,.F.);
#3740 = EDGE_CURVE('',#3594,#3733,#3741,.T.);
#3741 = LINE('',#3742,#3743);
#3742 = CARTESIAN_POINT('',(-0.3,0.135,0.3));
#3743 = VECTOR('',#3744,1.);
#3744 = DIRECTION('',(1.,0.,0.));
#3745 = PLANE('',#3746);
#3746 = AXIS2_PLACEMENT_3D('',#3747,#3748,#3749);
#3747 = CARTESIAN_POINT('',(-0.3,-0.15,0.3));
#3748 = DIRECTION('',(0.,0.,1.));
#3749 = DIRECTION('',(1.,0.,-0.));
#3750 = ADVANCED_FACE('',(#3751),#3770,.T.);
#3751 = FACE_BOUND('',#3752,.T.);
#3752 = EDGE_LOOP('',(#3753,#3761,#3768,#3769));
#3753 = ORIENTED_EDGE('',*,*,#3754,.T.);
#3754 = EDGE_CURVE('',#3577,#3755,#3757,.T.);
#3755 = VERTEX_POINT('',#3756);
#3756 = CARTESIAN_POINT('',(-0.15,0.15,1.5E-02));
#3757 = LINE('',#3758,#3759);
#3758 = CARTESIAN_POINT('',(-0.3,0.15,1.5E-02));
#3759 = VECTOR('',#3760,1.);
#3760 = DIRECTION('',(1.,0.,0.));
#3761 = ORIENTED_EDGE('',*,*,#3762,.T.);
#3762 = EDGE_CURVE('',#3755,#3709,#3763,.T.);
#3763 = CIRCLE('',#3764,1.5E-02);
#3764 = AXIS2_PLACEMENT_3D('',#3765,#3766,#3767);
#3765 = CARTESIAN_POINT('',(-0.15,0.135,1.5E-02));
#3766 = DIRECTION('',(-1.,0.,0.));
#3767 = DIRECTION('',(0.,0.,1.));
#3768 = ORIENTED_EDGE('',*,*,#3716,.F.);
#3769 = ORIENTED_EDGE('',*,*,#3576,.F.);
#3770 = CYLINDRICAL_SURFACE('',#3771,1.5E-02);
#3771 = AXIS2_PLACEMENT_3D('',#3772,#3773,#3774);
#3772 = CARTESIAN_POINT('',(-0.3,0.135,1.5E-02));
#3773 = DIRECTION('',(1.,0.,0.));
#3774 = DIRECTION('',(-0.,1.,0.));
#3775 = ADVANCED_FACE('',(#3776),#3795,.T.);
#3776 = FACE_BOUND('',#3777,.T.);
#3777 = EDGE_LOOP('',(#3778,#3779,#3780,#3789));
#3778 = ORIENTED_EDGE('',*,*,#3593,.T.);
#3779 = ORIENTED_EDGE('',*,*,#3740,.T.);
#3780 = ORIENTED_EDGE('',*,*,#3781,.F.);
#3781 = EDGE_CURVE('',#3782,#3733,#3784,.T.);
#3782 = VERTEX_POINT('',#3783);
#3783 = CARTESIAN_POINT('',(-0.15,0.15,0.285));
#3784 = CIRCLE('',#3785,1.5E-02);
#3785 = AXIS2_PLACEMENT_3D('',#3786,#3787,#3788);
#3786 = CARTESIAN_POINT('',(-0.15,0.135,0.285));
#3787 = DIRECTION('',(1.,0.,-0.));
#3788 = DIRECTION('',(0.,0.,1.));
#3789 = ORIENTED_EDGE('',*,*,#3790,.F.);
#3790 = EDGE_CURVE('',#3586,#3782,#3791,.T.);
#3791 = LINE('',#3792,#3793);
#3792 = CARTESIAN_POINT('',(-0.3,0.15,0.285));
#3793 = VECTOR('',#3794,1.);
#3794 = DIRECTION('',(1.,0.,0.));
#3795 = CYLINDRICAL_SURFACE('',#3796,1.5E-02);
#3796 = AXIS2_PLACEMENT_3D('',#3797,#3798,#3799);
#3797 = CARTESIAN_POINT('',(-0.3,0.135,0.285));
#3798 = DIRECTION('',(1.,0.,0.));
#3799 = DIRECTION('',(-0.,1.,0.));
#3800 = ADVANCED_FACE('',(#3801),#3812,.T.);
#3801 = FACE_BOUND('',#3802,.T.);
#3802 = EDGE_LOOP('',(#3803,#3809,#3810,#3811));
#3803 = ORIENTED_EDGE('',*,*,#3804,.F.);
#3804 = EDGE_CURVE('',#3755,#3782,#3805,.T.);
#3805 = LINE('',#3806,#3807);
#3806 = CARTESIAN_POINT('',(-0.15,0.15,0.));
#3807 = VECTOR('',#3808,1.);
#3808 = DIRECTION('',(0.,0.,1.));
#3809 = ORIENTED_EDGE('',*,*,#3754,.F.);
#3810 = ORIENTED_EDGE('',*,*,#3585,.T.);
#3811 = ORIENTED_EDGE('',*,*,#3790,.T.);
#3812 = PLANE('',#3813);
#3813 = AXIS2_PLACEMENT_3D('',#3814,#3815,#3816);
#3814 = CARTESIAN_POINT('',(-0.3,0.15,0.));
#3815 = DIRECTION('',(0.,1.,0.));
#3816 = DIRECTION('',(0.,-0.,1.));
#3817 = ADVANCED_FACE('',(#3818,#3828),#3898,.T.);
#3818 = FACE_BOUND('',#3819,.T.);
#3819 = EDGE_LOOP('',(#3820,#3821,#3822,#3823,#3824,#3825,#3826,#3827));
#3820 = ORIENTED_EDGE('',*,*,#3625,.F.);
#3821 = ORIENTED_EDGE('',*,*,#3665,.T.);
#3822 = ORIENTED_EDGE('',*,*,#3708,.T.);
#3823 = ORIENTED_EDGE('',*,*,#3762,.F.);
#3824 = ORIENTED_EDGE('',*,*,#3804,.T.);
#3825 = ORIENTED_EDGE('',*,*,#3781,.T.);
#3826 = ORIENTED_EDGE('',*,*,#3732,.F.);
#3827 = ORIENTED_EDGE('',*,*,#3682,.F.);
#3828 = FACE_BOUND('',#3829,.T.);
#3829 = EDGE_LOOP('',(#3830,#3841,#3849,#3858,#3866,#3875,#3883,#3892));
#3830 = ORIENTED_EDGE('',*,*,#3831,.F.);
#3831 = EDGE_CURVE('',#3832,#3834,#3836,.T.);
#3832 = VERTEX_POINT('',#3833);
#3833 = CARTESIAN_POINT('',(-0.15,-0.135,3.E-02));
#3834 = VERTEX_POINT('',#3835);
#3835 = CARTESIAN_POINT('',(-0.15,-0.12,1.5E-02));
#3836 = CIRCLE('',#3837,1.5E-02);
#3837 = AXIS2_PLACEMENT_3D('',#3838,#3839,#3840);
#3838 = CARTESIAN_POINT('',(-0.15,-0.12,3.E-02));
#3839 = DIRECTION('',(1.,0.,-0.));
#3840 = DIRECTION('',(0.,0.,1.));
#3841 = ORIENTED_EDGE('',*,*,#3842,.T.);
#3842 = EDGE_CURVE('',#3832,#3843,#3845,.T.);
#3843 = VERTEX_POINT('',#3844);
#3844 = CARTESIAN_POINT('',(-0.15,-0.135,0.27));
#3845 = LINE('',#3846,#3847);
#3846 = CARTESIAN_POINT('',(-0.15,-0.135,1.5E-02));
#3847 = VECTOR('',#3848,1.);
#3848 = DIRECTION('',(0.,0.,1.));
#3849 = ORIENTED_EDGE('',*,*,#3850,.T.);
#3850 = EDGE_CURVE('',#3843,#3851,#3853,.T.);
#3851 = VERTEX_POINT('',#3852);
#3852 = CARTESIAN_POINT('',(-0.15,-0.12,0.285));
#3853 = CIRCLE('',#3854,1.5E-02);
#3854 = AXIS2_PLACEMENT_3D('',#3855,#3856,#3857);
#3855 = CARTESIAN_POINT('',(-0.15,-0.12,0.27));
#3856 = DIRECTION('',(-1.,0.,0.));
#3857 = DIRECTION('',(0.,0.,1.));
#3858 = ORIENTED_EDGE('',*,*,#3859,.T.);
#3859 = EDGE_CURVE('',#3851,#3860,#3862,.T.);
#3860 = VERTEX_POINT('',#3861);
#3861 = CARTESIAN_POINT('',(-0.15,0.12,0.285));
#3862 = LINE('',#3863,#3864);
#3863 = CARTESIAN_POINT('',(-0.15,-0.135,0.285));
#3864 = VECTOR('',#3865,1.);
#3865 = DIRECTION('',(0.,1.,0.));
#3866 = ORIENTED_EDGE('',*,*,#3867,.F.);
#3867 = EDGE_CURVE('',#3868,#3860,#3870,.T.);
#3868 = VERTEX_POINT('',#3869);
#3869 = CARTESIAN_POINT('',(-0.15,0.135,0.27));
#3870 = CIRCLE('',#3871,1.5E-02);
#3871 = AXIS2_PLACEMENT_3D('',#3872,#3873,#3874);
#3872 = CARTESIAN_POINT('',(-0.15,0.12,0.27));
#3873 = DIRECTION('',(1.,0.,-0.));
#3874 = DIRECTION('',(0.,0.,1.));
#3875 = ORIENTED_EDGE('',*,*,#3876,.F.);
#3876 = EDGE_CURVE('',#3877,#3868,#3879,.T.);
#3877 = VERTEX_POINT('',#3878);
#3878 = CARTESIAN_POINT('',(-0.15,0.135,3.E-02));
#3879 = LINE('',#3880,#3881);
#3880 = CARTESIAN_POINT('',(-0.15,0.135,1.5E-02));
#3881 = VECTOR('',#3882,1.);
#3882 = DIRECTION('',(0.,0.,1.));
#3883 = ORIENTED_EDGE('',*,*,#3884,.T.);
#3884 = EDGE_CURVE('',#3877,#3885,#3887,.T.);
#3885 = VERTEX_POINT('',#3886);
#3886 = CARTESIAN_POINT('',(-0.15,0.12,1.5E-02));
#3887 = CIRCLE('',#3888,1.5E-02);
#3888 = AXIS2_PLACEMENT_3D('',#3889,#3890,#3891);
#3889 = CARTESIAN_POINT('',(-0.15,0.12,3.E-02));
#3890 = DIRECTION('',(-1.,0.,0.));
#3891 = DIRECTION('',(0.,0.,1.));
#3892 = ORIENTED_EDGE('',*,*,#3893,.F.);
#3893 = EDGE_CURVE('',#3834,#3885,#3894,.T.);
#3894 = LINE('',#3895,#3896);
#3895 = CARTESIAN_POINT('',(-0.15,-0.135,1.5E-02));
#3896 = VECTOR('',#3897,1.);
#3897 = DIRECTION('',(0.,1.,0.));
#3898 = PLANE('',#3899);
#3899 = AXIS2_PLACEMENT_3D('',#3900,#3901,#3902);
#3900 = CARTESIAN_POINT('',(-0.15,-0.15,0.));
#3901 = DIRECTION('',(1.,0.,0.));
#3902 = DIRECTION('',(0.,0.,1.));
#3903 = ADVANCED_FACE('',(#3904),#3930,.T.);
#3904 = FACE_BOUND('',#3905,.T.);
#3905 = EDGE_LOOP('',(#3906,#3907,#3915,#3924));
#3906 = ORIENTED_EDGE('',*,*,#3831,.T.);
#3907 = ORIENTED_EDGE('',*,*,#3908,.T.);
#3908 = EDGE_CURVE('',#3834,#3909,#3911,.T.);
#3909 = VERTEX_POINT('',#3910);
#3910 = CARTESIAN_POINT('',(0.15,-0.12,1.5E-02));
#3911 = LINE('',#3912,#3913);
#3912 = CARTESIAN_POINT('',(-0.15,-0.12,1.5E-02));
#3913 = VECTOR('',#3914,1.);
#3914 = DIRECTION('',(1.,0.,0.));
#3915 = ORIENTED_EDGE('',*,*,#3916,.F.);
#3916 = EDGE_CURVE('',#3917,#3909,#3919,.T.);
#3917 = VERTEX_POINT('',#3918);
#3918 = CARTESIAN_POINT('',(0.15,-0.135,3.E-02));
#3919 = CIRCLE('',#3920,1.5E-02);
#3920 = AXIS2_PLACEMENT_3D('',#3921,#3922,#3923);
#3921 = CARTESIAN_POINT('',(0.15,-0.12,3.E-02));
#3922 = DIRECTION('',(1.,0.,-0.));
#3923 = DIRECTION('',(0.,0.,1.));
#3924 = ORIENTED_EDGE('',*,*,#3925,.F.);
#3925 = EDGE_CURVE('',#3832,#3917,#3926,.T.);
#3926 = LINE('',#3927,#3928);
#3927 = CARTESIAN_POINT('',(-0.15,-0.135,3.E-02));
#3928 = VECTOR('',#3929,1.);
#3929 = DIRECTION('',(1.,0.,0.));
#3930 = CYLINDRICAL_SURFACE('',#3931,1.5E-02);
#3931 = AXIS2_PLACEMENT_3D('',#3932,#3933,#3934);
#3932 = CARTESIAN_POINT('',(-0.15,-0.12,3.E-02));
#3933 = DIRECTION('',(1.,0.,0.));
#3934 = DIRECTION('',(0.,-1.,0.));
#3935 = ADVANCED_FACE('',(#3936),#3954,.F.);
#3936 = FACE_BOUND('',#3937,.F.);
#3937 = EDGE_LOOP('',(#3938,#3939,#3940,#3948));
#3938 = ORIENTED_EDGE('',*,*,#3893,.F.);
#3939 = ORIENTED_EDGE('',*,*,#3908,.T.);
#3940 = ORIENTED_EDGE('',*,*,#3941,.T.);
#3941 = EDGE_CURVE('',#3909,#3942,#3944,.T.);
#3942 = VERTEX_POINT('',#3943);
#3943 = CARTESIAN_POINT('',(0.15,0.12,1.5E-02));
#3944 = LINE('',#3945,#3946);
#3945 = CARTESIAN_POINT('',(0.15,-0.135,1.5E-02));
#3946 = VECTOR('',#3947,1.);
#3947 = DIRECTION('',(0.,1.,0.));
#3948 = ORIENTED_EDGE('',*,*,#3949,.F.);
#3949 = EDGE_CURVE('',#3885,#3942,#3950,.T.);
#3950 = LINE('',#3951,#3952);
#3951 = CARTESIAN_POINT('',(-0.15,0.12,1.5E-02));
#3952 = VECTOR('',#3953,1.);
#3953 = DIRECTION('',(1.,0.,0.));
#3954 = PLANE('',#3955);
#3955 = AXIS2_PLACEMENT_3D('',#3956,#3957,#3958);
#3956 = CARTESIAN_POINT('',(-0.15,-0.135,1.5E-02));
#3957 = DIRECTION('',(0.,0.,1.));
#3958 = DIRECTION('',(1.,0.,-0.));
#3959 = ADVANCED_FACE('',(#3960),#3979,.T.);
#3960 = FACE_BOUND('',#3961,.T.);
#3961 = EDGE_LOOP('',(#3962,#3970,#3977,#3978));
#3962 = ORIENTED_EDGE('',*,*,#3963,.T.);
#3963 = EDGE_CURVE('',#3877,#3964,#3966,.T.);
#3964 = VERTEX_POINT('',#3965);
#3965 = CARTESIAN_POINT('',(0.15,0.135,3.E-02));
#3966 = LINE('',#3967,#3968);
#3967 = CARTESIAN_POINT('',(-0.15,0.135,3.E-02));
#3968 = VECTOR('',#3969,1.);
#3969 = DIRECTION('',(1.,0.,0.));
#3970 = ORIENTED_EDGE('',*,*,#3971,.T.);
#3971 = EDGE_CURVE('',#3964,#3942,#3972,.T.);
#3972 = CIRCLE('',#3973,1.5E-02);
#3973 = AXIS2_PLACEMENT_3D('',#3974,#3975,#3976);
#3974 = CARTESIAN_POINT('',(0.15,0.12,3.E-02));
#3975 = DIRECTION('',(-1.,0.,0.));
#3976 = DIRECTION('',(0.,0.,1.));
#3977 = ORIENTED_EDGE('',*,*,#3949,.F.);
#3978 = ORIENTED_EDGE('',*,*,#3884,.F.);
#3979 = CYLINDRICAL_SURFACE('',#3980,1.5E-02);
#3980 = AXIS2_PLACEMENT_3D('',#3981,#3982,#3983);
#3981 = CARTESIAN_POINT('',(-0.15,0.12,3.E-02));
#3982 = DIRECTION('',(1.,0.,0.));
#3983 = DIRECTION('',(-0.,1.,0.));
#3984 = ADVANCED_FACE('',(#3985),#4003,.T.);
#3985 = FACE_BOUND('',#3986,.T.);
#3986 = EDGE_LOOP('',(#3987,#3995,#3996,#3997));
#3987 = ORIENTED_EDGE('',*,*,#3988,.F.);
#3988 = EDGE_CURVE('',#3964,#3989,#3991,.T.);
#3989 = VERTEX_POINT('',#3990);
#3990 = CARTESIAN_POINT('',(0.15,0.135,0.27));
#3991 = LINE('',#3992,#3993);
#3992 = CARTESIAN_POINT('',(0.15,0.135,1.5E-02));
#3993 = VECTOR('',#3994,1.);
#3994 = DIRECTION('',(0.,0.,1.));
#3995 = ORIENTED_EDGE('',*,*,#3963,.F.);
#3996 = ORIENTED_EDGE('',*,*,#3876,.T.);
#3997 = ORIENTED_EDGE('',*,*,#3998,.T.);
#3998 = EDGE_CURVE('',#3868,#3989,#3999,.T.);
#3999 = LINE('',#4000,#4001);
#4000 = CARTESIAN_POINT('',(-0.15,0.135,0.27));
#4001 = VECTOR('',#4002,1.);
#4002 = DIRECTION('',(1.,0.,0.));
#4003 = PLANE('',#4004);
#4004 = AXIS2_PLACEMENT_3D('',#4005,#4006,#4007);
#4005 = CARTESIAN_POINT('',(-0.15,0.135,1.5E-02));
#4006 = DIRECTION('',(0.,1.,0.));
#4007 = DIRECTION('',(0.,-0.,1.));
#4008 = ADVANCED_FACE('',(#4009),#4028,.T.);
#4009 = FACE_BOUND('',#4010,.T.);
#4010 = EDGE_LOOP('',(#4011,#4012,#4020,#4027));
#4011 = ORIENTED_EDGE('',*,*,#3867,.T.);
#4012 = ORIENTED_EDGE('',*,*,#4013,.T.);
#4013 = EDGE_CURVE('',#3860,#4014,#4016,.T.);
#4014 = VERTEX_POINT('',#4015);
#4015 = CARTESIAN_POINT('',(0.15,0.12,0.285));
#4016 = LINE('',#4017,#4018);
#4017 = CARTESIAN_POINT('',(-0.15,0.12,0.285));
#4018 = VECTOR('',#4019,1.);
#4019 = DIRECTION('',(1.,0.,0.));
#4020 = ORIENTED_EDGE('',*,*,#4021,.F.);
#4021 = EDGE_CURVE('',#3989,#4014,#4022,.T.);
#4022 = CIRCLE('',#4023,1.5E-02);
#4023 = AXIS2_PLACEMENT_3D('',#4024,#4025,#4026);
#4024 = CARTESIAN_POINT('',(0.15,0.12,0.27));
#4025 = DIRECTION('',(1.,0.,-0.));
#4026 = DIRECTION('',(0.,0.,1.));
#4027 = ORIENTED_EDGE('',*,*,#3998,.F.);
#4028 = CYLINDRICAL_SURFACE('',#4029,1.5E-02);
#4029 = AXIS2_PLACEMENT_3D('',#4030,#4031,#4032);
#4030 = CARTESIAN_POINT('',(-0.15,0.12,0.27));
#4031 = DIRECTION('',(1.,0.,0.));
#4032 = DIRECTION('',(-0.,1.,0.));
#4033 = ADVANCED_FACE('',(#4034),#4052,.T.);
#4034 = FACE_BOUND('',#4035,.T.);
#4035 = EDGE_LOOP('',(#4036,#4037,#4045,#4051));
#4036 = ORIENTED_EDGE('',*,*,#3859,.F.);
#4037 = ORIENTED_EDGE('',*,*,#4038,.T.);
#4038 = EDGE_CURVE('',#3851,#4039,#4041,.T.);
#4039 = VERTEX_POINT('',#4040);
#4040 = CARTESIAN_POINT('',(0.15,-0.12,0.285));
#4041 = LINE('',#4042,#4043);
#4042 = CARTESIAN_POINT('',(-0.15,-0.12,0.285));
#4043 = VECTOR('',#4044,1.);
#4044 = DIRECTION('',(1.,0.,0.));
#4045 = ORIENTED_EDGE('',*,*,#4046,.T.);
#4046 = EDGE_CURVE('',#4039,#4014,#4047,.T.);
#4047 = LINE('',#4048,#4049);
#4048 = CARTESIAN_POINT('',(0.15,-0.135,0.285));
#4049 = VECTOR('',#4050,1.);
#4050 = DIRECTION('',(0.,1.,0.));
#4051 = ORIENTED_EDGE('',*,*,#4013,.F.);
#4052 = PLANE('',#4053);
#4053 = AXIS2_PLACEMENT_3D('',#4054,#4055,#4056);
#4054 = CARTESIAN_POINT('',(-0.15,-0.135,0.285));
#4055 = DIRECTION('',(0.,0.,1.));
#4056 = DIRECTION('',(1.,0.,-0.));
#4057 = ADVANCED_FACE('',(#4058),#4077,.T.);
#4058 = FACE_BOUND('',#4059,.T.);
#4059 = EDGE_LOOP('',(#4060,#4068,#4075,#4076));
#4060 = ORIENTED_EDGE('',*,*,#4061,.T.);
#4061 = EDGE_CURVE('',#3843,#4062,#4064,.T.);
#4062 = VERTEX_POINT('',#4063);
#4063 = CARTESIAN_POINT('',(0.15,-0.135,0.27));
#4064 = LINE('',#4065,#4066);
#4065 = CARTESIAN_POINT('',(-0.15,-0.135,0.27));
#4066 = VECTOR('',#4067,1.);
#4067 = DIRECTION('',(1.,0.,0.));
#4068 = ORIENTED_EDGE('',*,*,#4069,.T.);
#4069 = EDGE_CURVE('',#4062,#4039,#4070,.T.);
#4070 = CIRCLE('',#4071,1.5E-02);
#4071 = AXIS2_PLACEMENT_3D('',#4072,#4073,#4074);
#4072 = CARTESIAN_POINT('',(0.15,-0.12,0.27));
#4073 = DIRECTION('',(-1.,0.,0.));
#4074 = DIRECTION('',(0.,0.,1.));
#4075 = ORIENTED_EDGE('',*,*,#4038,.F.);
#4076 = ORIENTED_EDGE('',*,*,#3850,.F.);
#4077 = CYLINDRICAL_SURFACE('',#4078,1.5E-02);
#4078 = AXIS2_PLACEMENT_3D('',#4079,#4080,#4081);
#4079 = CARTESIAN_POINT('',(-0.15,-0.12,0.27));
#4080 = DIRECTION('',(1.,0.,0.));
#4081 = DIRECTION('',(0.,-1.,0.));
#4082 = ADVANCED_FACE('',(#4083),#4094,.F.);
#4083 = FACE_BOUND('',#4084,.F.);
#4084 = EDGE_LOOP('',(#4085,#4091,#4092,#4093));
#4085 = ORIENTED_EDGE('',*,*,#4086,.F.);
#4086 = EDGE_CURVE('',#3917,#4062,#4087,.T.);
#4087 = LINE('',#4088,#4089);
#4088 = CARTESIAN_POINT('',(0.15,-0.135,1.5E-02));
#4089 = VECTOR('',#4090,1.);
#4090 = DIRECTION('',(0.,0.,1.));
#4091 = ORIENTED_EDGE('',*,*,#3925,.F.);
#4092 = ORIENTED_EDGE('',*,*,#3842,.T.);
#4093 = ORIENTED_EDGE('',*,*,#4061,.T.);
#4094 = PLANE('',#4095);
#4095 = AXIS2_PLACEMENT_3D('',#4096,#4097,#4098);
#4096 = CARTESIAN_POINT('',(-0.15,-0.135,1.5E-02));
#4097 = DIRECTION('',(0.,1.,0.));
#4098 = DIRECTION('',(0.,-0.,1.));
#4099 = ADVANCED_FACE('',(#4100,#4170),#4180,.F.);
#4100 = FACE_BOUND('',#4101,.F.);
#4101 = EDGE_LOOP('',(#4102,#4112,#4121,#4129,#4138,#4146,#4155,#4163));
#4102 = ORIENTED_EDGE('',*,*,#4103,.F.);
#4103 = EDGE_CURVE('',#4104,#4106,#4108,.T.);
#4104 = VERTEX_POINT('',#4105);
#4105 = CARTESIAN_POINT('',(0.15,-0.15,1.5E-02));
#4106 = VERTEX_POINT('',#4107);
#4107 = CARTESIAN_POINT('',(0.15,-0.15,0.285));
#4108 = LINE('',#4109,#4110);
#4109 = CARTESIAN_POINT('',(0.15,-0.15,0.));
#4110 = VECTOR('',#4111,1.);
#4111 = DIRECTION('',(0.,0.,1.));
#4112 = ORIENTED_EDGE('',*,*,#4113,.T.);
#4113 = EDGE_CURVE('',#4104,#4114,#4116,.T.);
#4114 = VERTEX_POINT('',#4115);
#4115 = CARTESIAN_POINT('',(0.15,-0.135,-2.775557561563E-17));
#4116 = CIRCLE('',#4117,1.5E-02);
#4117 = AXIS2_PLACEMENT_3D('',#4118,#4119,#4120);
#4118 = CARTESIAN_POINT('',(0.15,-0.135,1.5E-02));
#4119 = DIRECTION('',(1.,0.,-0.));
#4120 = DIRECTION('',(0.,0.,1.));
#4121 = ORIENTED_EDGE('',*,*,#4122,.T.);
#4122 = EDGE_CURVE('',#4114,#4123,#4125,.T.);
#4123 = VERTEX_POINT('',#4124);
#4124 = CARTESIAN_POINT('',(0.15,0.135,-2.775557561563E-17));
#4125 = LINE('',#4126,#4127);
#4126 = CARTESIAN_POINT('',(0.15,-0.15,0.));
#4127 = VECTOR('',#4128,1.);
#4128 = DIRECTION('',(0.,1.,0.));
#4129 = ORIENTED_EDGE('',*,*,#4130,.F.);
#4130 = EDGE_CURVE('',#4131,#4123,#4133,.T.);
#4131 = VERTEX_POINT('',#4132);
#4132 = CARTESIAN_POINT('',(0.15,0.15,1.5E-02));
#4133 = CIRCLE('',#4134,1.5E-02);
#4134 = AXIS2_PLACEMENT_3D('',#4135,#4136,#4137);
#4135 = CARTESIAN_POINT('',(0.15,0.135,1.5E-02));
#4136 = DIRECTION('',(-1.,0.,0.));
#4137 = DIRECTION('',(0.,0.,1.));
#4138 = ORIENTED_EDGE('',*,*,#4139,.T.);
#4139 = EDGE_CURVE('',#4131,#4140,#4142,.T.);
#4140 = VERTEX_POINT('',#4141);
#4141 = CARTESIAN_POINT('',(0.15,0.15,0.285));
#4142 = LINE('',#4143,#4144);
#4143 = CARTESIAN_POINT('',(0.15,0.15,0.));
#4144 = VECTOR('',#4145,1.);
#4145 = DIRECTION('',(0.,0.,1.));
#4146 = ORIENTED_EDGE('',*,*,#4147,.T.);
#4147 = EDGE_CURVE('',#4140,#4148,#4150,.T.);
#4148 = VERTEX_POINT('',#4149);
#4149 = CARTESIAN_POINT('',(0.15,0.135,0.3));
#4150 = CIRCLE('',#4151,1.5E-02);
#4151 = AXIS2_PLACEMENT_3D('',#4152,#4153,#4154);
#4152 = CARTESIAN_POINT('',(0.15,0.135,0.285));
#4153 = DIRECTION('',(1.,0.,-0.));
#4154 = DIRECTION('',(0.,0.,1.));
#4155 = ORIENTED_EDGE('',*,*,#4156,.F.);
#4156 = EDGE_CURVE('',#4157,#4148,#4159,.T.);
#4157 = VERTEX_POINT('',#4158);
#4158 = CARTESIAN_POINT('',(0.15,-0.135,0.3));
#4159 = LINE('',#4160,#4161);
#4160 = CARTESIAN_POINT('',(0.15,-0.15,0.3));
#4161 = VECTOR('',#4162,1.);
#4162 = DIRECTION('',(0.,1.,0.));
#4163 = ORIENTED_EDGE('',*,*,#4164,.F.);
#4164 = EDGE_CURVE('',#4106,#4157,#4165,.T.);
#4165 = CIRCLE('',#4166,1.5E-02);
#4166 = AXIS2_PLACEMENT_3D('',#4167,#4168,#4169);
#4167 = CARTESIAN_POINT('',(0.15,-0.135,0.285));
#4168 = DIRECTION('',(-1.,0.,0.));
#4169 = DIRECTION('',(0.,0.,1.));
#4170 = FACE_BOUND('',#4171,.F.);
#4171 = EDGE_LOOP('',(#4172,#4173,#4174,#4175,#4176,#4177,#4178,#4179));
#4172 = ORIENTED_EDGE('',*,*,#3916,.F.);
#4173 = ORIENTED_EDGE('',*,*,#4086,.T.);
#4174 = ORIENTED_EDGE('',*,*,#4069,.T.);
#4175 = ORIENTED_EDGE('',*,*,#4046,.T.);
#4176 = ORIENTED_EDGE('',*,*,#4021,.F.);
#4177 = ORIENTED_EDGE('',*,*,#3988,.F.);
#4178 = ORIENTED_EDGE('',*,*,#3971,.T.);
#4179 = ORIENTED_EDGE('',*,*,#3941,.F.);
#4180 = PLANE('',#4181);
#4181 = AXIS2_PLACEMENT_3D('',#4182,#4183,#4184);
#4182 = CARTESIAN_POINT('',(0.15,-0.15,0.));
#4183 = DIRECTION('',(1.,0.,0.));
#4184 = DIRECTION('',(0.,0.,1.));
#4185 = ADVANCED_FACE('',(#4186),#4211,.F.);
#4186 = FACE_BOUND('',#4187,.F.);
#4187 = EDGE_LOOP('',(#4188,#4198,#4204,#4205));
#4188 = ORIENTED_EDGE('',*,*,#4189,.F.);
#4189 = EDGE_CURVE('',#4190,#4192,#4194,.T.);
#4190 = VERTEX_POINT('',#4191);
#4191 = CARTESIAN_POINT('',(0.3,-0.15,1.5E-02));
#4192 = VERTEX_POINT('',#4193);
#4193 = CARTESIAN_POINT('',(0.3,-0.15,0.285));
#4194 = LINE('',#4195,#4196);
#4195 = CARTESIAN_POINT('',(0.3,-0.15,0.));
#4196 = VECTOR('',#4197,1.);
#4197 = DIRECTION('',(0.,0.,1.));
#4198 = ORIENTED_EDGE('',*,*,#4199,.F.);
#4199 = EDGE_CURVE('',#4104,#4190,#4200,.T.);
#4200 = LINE('',#4201,#4202);
#4201 = CARTESIAN_POINT('',(0.15,-0.15,1.5E-02));
#4202 = VECTOR('',#4203,1.);
#4203 = DIRECTION('',(1.,0.,0.));
#4204 = ORIENTED_EDGE('',*,*,#4103,.T.);
#4205 = ORIENTED_EDGE('',*,*,#4206,.T.);
#4206 = EDGE_CURVE('',#4106,#4192,#4207,.T.);
#4207 = LINE('',#4208,#4209);
#4208 = CARTESIAN_POINT('',(0.15,-0.15,0.285));
#4209 = VECTOR('',#4210,1.);
#4210 = DIRECTION('',(1.,0.,0.));
#4211 = PLANE('',#4212);
#4212 = AXIS2_PLACEMENT_3D('',#4213,#4214,#4215);
#4213 = CARTESIAN_POINT('',(0.15,-0.15,0.));
#4214 = DIRECTION('',(0.,1.,0.));
#4215 = DIRECTION('',(0.,-0.,1.));
#4216 = ADVANCED_FACE('',(#4217),#4236,.T.);
#4217 = FACE_BOUND('',#4218,.T.);
#4218 = EDGE_LOOP('',(#4219,#4220,#4228,#4235));
#4219 = ORIENTED_EDGE('',*,*,#4113,.T.);
#4220 = ORIENTED_EDGE('',*,*,#4221,.T.);
#4221 = EDGE_CURVE('',#4114,#4222,#4224,.T.);
#4222 = VERTEX_POINT('',#4223);
#4223 = CARTESIAN_POINT('',(0.3,-0.135,-2.775557561563E-17));
#4224 = LINE('',#4225,#4226);
#4225 = CARTESIAN_POINT('',(0.15,-0.135,-2.775557561563E-17));
#4226 = VECTOR('',#4227,1.);
#4227 = DIRECTION('',(1.,0.,0.));
#4228 = ORIENTED_EDGE('',*,*,#4229,.F.);
#4229 = EDGE_CURVE('',#4190,#4222,#4230,.T.);
#4230 = CIRCLE('',#4231,1.5E-02);
#4231 = AXIS2_PLACEMENT_3D('',#4232,#4233,#4234);
#4232 = CARTESIAN_POINT('',(0.3,-0.135,1.5E-02));
#4233 = DIRECTION('',(1.,0.,-0.));
#4234 = DIRECTION('',(0.,0.,1.));
#4235 = ORIENTED_EDGE('',*,*,#4199,.F.);
#4236 = CYLINDRICAL_SURFACE('',#4237,1.5E-02);
#4237 = AXIS2_PLACEMENT_3D('',#4238,#4239,#4240);
#4238 = CARTESIAN_POINT('',(0.15,-0.135,1.5E-02));
#4239 = DIRECTION('',(1.,0.,0.));
#4240 = DIRECTION('',(0.,-1.,0.));
#4241 = ADVANCED_FACE('',(#4242),#4261,.T.);
#4242 = FACE_BOUND('',#4243,.T.);
#4243 = EDGE_LOOP('',(#4244,#4245,#4254,#4260));
#4244 = ORIENTED_EDGE('',*,*,#4206,.T.);
#4245 = ORIENTED_EDGE('',*,*,#4246,.T.);
#4246 = EDGE_CURVE('',#4192,#4247,#4249,.T.);
#4247 = VERTEX_POINT('',#4248);
#4248 = CARTESIAN_POINT('',(0.3,-0.135,0.3));
#4249 = CIRCLE('',#4250,1.5E-02);
#4250 = AXIS2_PLACEMENT_3D('',#4251,#4252,#4253);
#4251 = CARTESIAN_POINT('',(0.3,-0.135,0.285));
#4252 = DIRECTION('',(-1.,0.,0.));
#4253 = DIRECTION('',(0.,0.,1.));
#4254 = ORIENTED_EDGE('',*,*,#4255,.F.);
#4255 = EDGE_CURVE('',#4157,#4247,#4256,.T.);
#4256 = LINE('',#4257,#4258);
#4257 = CARTESIAN_POINT('',(0.15,-0.135,0.3));
#4258 = VECTOR('',#4259,1.);
#4259 = DIRECTION('',(1.,0.,0.));
#4260 = ORIENTED_EDGE('',*,*,#4164,.F.);
#4261 = CYLINDRICAL_SURFACE('',#4262,1.5E-02);
#4262 = AXIS2_PLACEMENT_3D('',#4263,#4264,#4265);
#4263 = CARTESIAN_POINT('',(0.15,-0.135,0.285));
#4264 = DIRECTION('',(1.,0.,0.));
#4265 = DIRECTION('',(0.,-1.,0.));
#4266 = ADVANCED_FACE('',(#4267),#4285,.F.);
#4267 = FACE_BOUND('',#4268,.F.);
#4268 = EDGE_LOOP('',(#4269,#4270,#4271,#4279));
#4269 = ORIENTED_EDGE('',*,*,#4122,.F.);
#4270 = ORIENTED_EDGE('',*,*,#4221,.T.);
#4271 = ORIENTED_EDGE('',*,*,#4272,.T.);
#4272 = EDGE_CURVE('',#4222,#4273,#4275,.T.);
#4273 = VERTEX_POINT('',#4274);
#4274 = CARTESIAN_POINT('',(0.3,0.135,-2.775557561563E-17));
#4275 = LINE('',#4276,#4277);
#4276 = CARTESIAN_POINT('',(0.3,-0.15,0.));
#4277 = VECTOR('',#4278,1.);
#4278 = DIRECTION('',(0.,1.,0.));
#4279 = ORIENTED_EDGE('',*,*,#4280,.F.);
#4280 = EDGE_CURVE('',#4123,#4273,#4281,.T.);
#4281 = LINE('',#4282,#4283);
#4282 = CARTESIAN_POINT('',(0.15,0.135,-2.775557561563E-17));
#4283 = VECTOR('',#4284,1.);
#4284 = DIRECTION('',(1.,0.,0.));
#4285 = PLANE('',#4286);
#4286 = AXIS2_PLACEMENT_3D('',#4287,#4288,#4289);
#4287 = CARTESIAN_POINT('',(0.15,-0.15,0.));
#4288 = DIRECTION('',(0.,0.,1.));
#4289 = DIRECTION('',(1.,0.,-0.));
#4290 = ADVANCED_FACE('',(#4291),#4309,.T.);
#4291 = FACE_BOUND('',#4292,.T.);
#4292 = EDGE_LOOP('',(#4293,#4294,#4295,#4303));
#4293 = ORIENTED_EDGE('',*,*,#4156,.F.);
#4294 = ORIENTED_EDGE('',*,*,#4255,.T.);
#4295 = ORIENTED_EDGE('',*,*,#4296,.T.);
#4296 = EDGE_CURVE('',#4247,#4297,#4299,.T.);
#4297 = VERTEX_POINT('',#4298);
#4298 = CARTESIAN_POINT('',(0.3,0.135,0.3));
#4299 = LINE('',#4300,#4301);
#4300 = CARTESIAN_POINT('',(0.3,-0.15,0.3));
#4301 = VECTOR('',#4302,1.);
#4302 = DIRECTION('',(0.,1.,0.));
#4303 = ORIENTED_EDGE('',*,*,#4304,.F.);
#4304 = EDGE_CURVE('',#4148,#4297,#4305,.T.);
#4305 = LINE('',#4306,#4307);
#4306 = CARTESIAN_POINT('',(0.15,0.135,0.3));
#4307 = VECTOR('',#4308,1.);
#4308 = DIRECTION('',(1.,0.,0.));
#4309 = PLANE('',#4310);
#4310 = AXIS2_PLACEMENT_3D('',#4311,#4312,#4313);
#4311 = CARTESIAN_POINT('',(0.15,-0.15,0.3));
#4312 = DIRECTION('',(0.,0.,1.));
#4313 = DIRECTION('',(1.,0.,-0.));
#4314 = ADVANCED_FACE('',(#4315),#4334,.T.);
#4315 = FACE_BOUND('',#4316,.T.);
#4316 = EDGE_LOOP('',(#4317,#4325,#4332,#4333));
#4317 = ORIENTED_EDGE('',*,*,#4318,.T.);
#4318 = EDGE_CURVE('',#4131,#4319,#4321,.T.);
#4319 = VERTEX_POINT('',#4320);
#4320 = CARTESIAN_POINT('',(0.3,0.15,1.5E-02));
#4321 = LINE('',#4322,#4323);
#4322 = CARTESIAN_POINT('',(0.15,0.15,1.5E-02));
#4323 = VECTOR('',#4324,1.);
#4324 = DIRECTION('',(1.,0.,0.));
#4325 = ORIENTED_EDGE('',*,*,#4326,.T.);
#4326 = EDGE_CURVE('',#4319,#4273,#4327,.T.);
#4327 = CIRCLE('',#4328,1.5E-02);
#4328 = AXIS2_PLACEMENT_3D('',#4329,#4330,#4331);
#4329 = CARTESIAN_POINT('',(0.3,0.135,1.5E-02));
#4330 = DIRECTION('',(-1.,0.,0.));
#4331 = DIRECTION('',(0.,0.,1.));
#4332 = ORIENTED_EDGE('',*,*,#4280,.F.);
#4333 = ORIENTED_EDGE('',*,*,#4130,.F.);
#4334 = CYLINDRICAL_SURFACE('',#4335,1.5E-02);
#4335 = AXIS2_PLACEMENT_3D('',#4336,#4337,#4338);
#4336 = CARTESIAN_POINT('',(0.15,0.135,1.5E-02));
#4337 = DIRECTION('',(1.,0.,0.));
#4338 = DIRECTION('',(-0.,1.,0.));
#4339 = ADVANCED_FACE('',(#4340),#4359,.T.);
#4340 = FACE_BOUND('',#4341,.T.);
#4341 = EDGE_LOOP('',(#4342,#4343,#4344,#4353));
#4342 = ORIENTED_EDGE('',*,*,#4147,.T.);
#4343 = ORIENTED_EDGE('',*,*,#4304,.T.);
#4344 = ORIENTED_EDGE('',*,*,#4345,.F.);
#4345 = EDGE_CURVE('',#4346,#4297,#4348,.T.);
#4346 = VERTEX_POINT('',#4347);
#4347 = CARTESIAN_POINT('',(0.3,0.15,0.285));
#4348 = CIRCLE('',#4349,1.5E-02);
#4349 = AXIS2_PLACEMENT_3D('',#4350,#4351,#4352);
#4350 = CARTESIAN_POINT('',(0.3,0.135,0.285));
#4351 = DIRECTION('',(1.,0.,-0.));
#4352 = DIRECTION('',(0.,0.,1.));
#4353 = ORIENTED_EDGE('',*,*,#4354,.F.);
#4354 = EDGE_CURVE('',#4140,#4346,#4355,.T.);
#4355 = LINE('',#4356,#4357);
#4356 = CARTESIAN_POINT('',(0.15,0.15,0.285));
#4357 = VECTOR('',#4358,1.);
#4358 = DIRECTION('',(1.,0.,0.));
#4359 = CYLINDRICAL_SURFACE('',#4360,1.5E-02);
#4360 = AXIS2_PLACEMENT_3D('',#4361,#4362,#4363);
#4361 = CARTESIAN_POINT('',(0.15,0.135,0.285));
#4362 = DIRECTION('',(1.,0.,0.));
#4363 = DIRECTION('',(-0.,1.,0.));
#4364 = ADVANCED_FACE('',(#4365),#4376,.T.);
#4365 = FACE_BOUND('',#4366,.T.);
#4366 = EDGE_LOOP('',(#4367,#4373,#4374,#4375));
#4367 = ORIENTED_EDGE('',*,*,#4368,.F.);
#4368 = EDGE_CURVE('',#4319,#4346,#4369,.T.);
#4369 = LINE('',#4370,#4371);
#4370 = CARTESIAN_POINT('',(0.3,0.15,0.));
#4371 = VECTOR('',#4372,1.);
#4372 = DIRECTION('',(0.,0.,1.));
#4373 = ORIENTED_EDGE('',*,*,#4318,.F.);
#4374 = ORIENTED_EDGE('',*,*,#4139,.T.);
#4375 = ORIENTED_EDGE('',*,*,#4354,.T.);
#4376 = PLANE('',#4377);
#4377 = AXIS2_PLACEMENT_3D('',#4378,#4379,#4380);
#4378 = CARTESIAN_POINT('',(0.15,0.15,0.));
#4379 = DIRECTION('',(0.,1.,0.));
#4380 = DIRECTION('',(0.,-0.,1.));
#4381 = ADVANCED_FACE('',(#4382),#4392,.T.);
#4382 = FACE_BOUND('',#4383,.T.);
#4383 = EDGE_LOOP('',(#4384,#4385,#4386,#4387,#4388,#4389,#4390,#4391));
#4384 = ORIENTED_EDGE('',*,*,#4189,.F.);
#4385 = ORIENTED_EDGE('',*,*,#4229,.T.);
#4386 = ORIENTED_EDGE('',*,*,#4272,.T.);
#4387 = ORIENTED_EDGE('',*,*,#4326,.F.);
#4388 = ORIENTED_EDGE('',*,*,#4368,.T.);
#4389 = ORIENTED_EDGE('',*,*,#4345,.T.);
#4390 = ORIENTED_EDGE('',*,*,#4296,.F.);
#4391 = ORIENTED_EDGE('',*,*,#4246,.F.);
#4392 = PLANE('',#4393);
#4393 = AXIS2_PLACEMENT_3D('',#4394,#4395,#4396);
#4394 = CARTESIAN_POINT('',(0.3,-0.15,0.));
#4395 = DIRECTION('',(1.,0.,0.));
#4396 = DIRECTION('',(0.,0.,1.));
#4397 = ( GEOMETRIC_REPRESENTATION_CONTEXT(3) 
GLOBAL_UNCERTAINTY_ASSIGNED_CONTEXT((#4401)) 
GLOBAL_UNIT_ASSIGNED_CONTEXT((#4398,#4399,#4400)) REPRESENTATION_CONTEXT
('Context #1','3D Context with UNIT and UNCERTAINTY') );
#4398 = ( LENGTH_UNIT() NAMED_UNIT(*) SI_UNIT(.MILLI.,.METRE.) );
#4399 = ( NAMED_UNIT(*) PLANE_ANGLE_UNIT() SI_UNIT($,.RADIAN.) );
#4400 = ( NAMED_UNIT(*) SI_UNIT($,.STERADIAN.) SOLID_ANGLE_UNIT() );
#4401 = UNCERTAINTY_MEASURE_WITH_UNIT(LENGTH_MEASURE(1.E-07),#4398,
  'distance_accuracy_value','confusion accuracy');
#4402 = CONTEXT_DEPENDENT_SHAPE_REPRESENTATION(#4403,#4405);
#4403 = ( REPRESENTATION_RELATIONSHIP('','',#3542,#10) 
REPRESENTATION_RELATIONSHIP_WITH_TRANSFORMATION(#4404) 
SHAPE_REPRESENTATION_RELATIONSHIP() );
#4404 = ITEM_DEFINED_TRANSFORMATION('','',#11,#55);
#4405 = PRODUCT_DEFINITION_SHAPE('Placement','Placement of an item',
  #4406);
#4406 = NEXT_ASSEMBLY_USAGE_OCCURRENCE('11','C4','',#5,#3537,$);
#4407 = PRODUCT_RELATED_PRODUCT_CATEGORY('part',$,(#3539));
#4408 = CONTEXT_DEPENDENT_SHAPE_REPRESENTATION(#4409,#4411);
#4409 = ( REPRESENTATION_RELATIONSHIP('','',#3542,#10) 
REPRESENTATION_RELATIONSHIP_WITH_TRANSFORMATION(#4410) 
SHAPE_REPRESENTATION_RELATIONSHIP() );
#4410 = ITEM_DEFINED_TRANSFORMATION('','',#11,#59);
#4411 = PRODUCT_DEFINITION_SHAPE('Placement','Placement of an item',
  #4412);
#4412 = NEXT_ASSEMBLY_USAGE_OCCURRENCE('12','C3','',#5,#3537,$);
#4413 = CONTEXT_DEPENDENT_SHAPE_REPRESENTATION(#4414,#4416);
#4414 = ( REPRESENTATION_RELATIONSHIP('','',#84,#10) 
REPRESENTATION_RELATIONSHIP_WITH_TRANSFORMATION(#4415) 
SHAPE_REPRESENTATION_RELATIONSHIP() );
#4415 = ITEM_DEFINED_TRANSFORMATION('','',#11,#63);
#4416 = PRODUCT_DEFINITION_SHAPE('Placement','Placement of an item',
  #4417);
#4417 = NEXT_ASSEMBLY_USAGE_OCCURRENCE('13','R4','',#5,#79,$);
#4418 = SHAPE_DEFINITION_REPRESENTATION(#4419,#4425);
#4419 = PRODUCT_DEFINITION_SHAPE('','',#4420);
#4420 = PRODUCT_DEFINITION('design','',#4421,#4424);
#4421 = PRODUCT_DEFINITION_FORMATION('','',#4422);
#4422 = PRODUCT('uq_phone_cellular_PCB','uq_phone_cellular_PCB','',(
    #4423));
#4423 = PRODUCT_CONTEXT('',#2,'mechanical');
#4424 = PRODUCT_DEFINITION_CONTEXT('part definition',#2,'design');
#4425 = ADVANCED_BREP_SHAPE_REPRESENTATION('',(#11,#4426),#5097);
#4426 = MANIFOLD_SOLID_BREP('',#4427);
#4427 = CLOSED_SHELL('',(#4428,#4470,#4501,#4532,#4681,#4830,#4847,#4864
    ,#4881,#4898,#4915,#4932,#4949,#4966,#4983,#5000,#5017,#5034,#5051,
    #5063,#5080));
#4428 = ADVANCED_FACE('',(#4429),#4465,.T.);
#4429 = FACE_BOUND('',#4430,.T.);
#4430 = EDGE_LOOP('',(#4431,#4441,#4450,#4458));
#4431 = ORIENTED_EDGE('',*,*,#4432,.T.);
#4432 = EDGE_CURVE('',#4433,#4435,#4437,.T.);
#4433 = VERTEX_POINT('',#4434);
#4434 = CARTESIAN_POINT('',(20.500002,15.1,0.));
#4435 = VERTEX_POINT('',#4436);
#4436 = CARTESIAN_POINT('',(20.500002,15.1,0.5132));
#4437 = LINE('',#4438,#4439);
#4438 = CARTESIAN_POINT('',(20.500002,15.1,0.));
#4439 = VECTOR('',#4440,1.);
#4440 = DIRECTION('',(0.,0.,1.));
#4441 = ORIENTED_EDGE('',*,*,#4442,.T.);
#4442 = EDGE_CURVE('',#4435,#4443,#4445,.T.);
#4443 = VERTEX_POINT('',#4444);
#4444 = CARTESIAN_POINT('',(22.5,13.100002,0.5132));
#4445 = CIRCLE('',#4446,2.000001920075);
#4446 = AXIS2_PLACEMENT_3D('',#4447,#4448,#4449);
#4447 = CARTESIAN_POINT('',(20.499998079929,13.099998079929,0.5132));
#4448 = DIRECTION('',(0.,0.,-1.));
#4449 = DIRECTION('',(1.960033679704E-06,0.999999999998,0.));
#4450 = ORIENTED_EDGE('',*,*,#4451,.F.);
#4451 = EDGE_CURVE('',#4452,#4443,#4454,.T.);
#4452 = VERTEX_POINT('',#4453);
#4453 = CARTESIAN_POINT('',(22.5,13.100002,0.));
#4454 = LINE('',#4455,#4456);
#4455 = CARTESIAN_POINT('',(22.5,13.100002,0.));
#4456 = VECTOR('',#4457,1.);
#4457 = DIRECTION('',(0.,0.,1.));
#4458 = ORIENTED_EDGE('',*,*,#4459,.F.);
#4459 = EDGE_CURVE('',#4433,#4452,#4460,.T.);
#4460 = CIRCLE('',#4461,2.000001920075);
#4461 = AXIS2_PLACEMENT_3D('',#4462,#4463,#4464);
#4462 = CARTESIAN_POINT('',(20.499998079929,13.099998079929,0.));
#4463 = DIRECTION('',(0.,0.,-1.));
#4464 = DIRECTION('',(1.960033679704E-06,0.999999999998,0.));
#4465 = CYLINDRICAL_SURFACE('',#4466,2.000001920075);
#4466 = AXIS2_PLACEMENT_3D('',#4467,#4468,#4469);
#4467 = CARTESIAN_POINT('',(20.499998079929,13.099998079929,0.));
#4468 = DIRECTION('',(0.,0.,-1.));
#4469 = DIRECTION('',(1.960033679704E-06,0.999999999998,0.));
#4470 = ADVANCED_FACE('',(#4471),#4496,.T.);
#4471 = FACE_BOUND('',#4472,.T.);
#4472 = EDGE_LOOP('',(#4473,#4483,#4489,#4490));
#4473 = ORIENTED_EDGE('',*,*,#4474,.T.);
#4474 = EDGE_CURVE('',#4475,#4477,#4479,.T.);
#4475 = VERTEX_POINT('',#4476);
#4476 = CARTESIAN_POINT('',(-20.5,15.1,0.));
#4477 = VERTEX_POINT('',#4478);
#4478 = CARTESIAN_POINT('',(-20.5,15.1,0.5132));
#4479 = LINE('',#4480,#4481);
#4480 = CARTESIAN_POINT('',(-20.5,15.1,0.));
#4481 = VECTOR('',#4482,1.);
#4482 = DIRECTION('',(0.,0.,1.));
#4483 = ORIENTED_EDGE('',*,*,#4484,.T.);
#4484 = EDGE_CURVE('',#4477,#4435,#4485,.T.);
#4485 = LINE('',#4486,#4487);
#4486 = CARTESIAN_POINT('',(-20.5,15.1,0.5132));
#4487 = VECTOR('',#4488,1.);
#4488 = DIRECTION('',(1.,0.,0.));
#4489 = ORIENTED_EDGE('',*,*,#4432,.F.);
#4490 = ORIENTED_EDGE('',*,*,#4491,.F.);
#4491 = EDGE_CURVE('',#4475,#4433,#4492,.T.);
#4492 = LINE('',#4493,#4494);
#4493 = CARTESIAN_POINT('',(-20.5,15.1,0.));
#4494 = VECTOR('',#4495,1.);
#4495 = DIRECTION('',(1.,0.,0.));
#4496 = PLANE('',#4497);
#4497 = AXIS2_PLACEMENT_3D('',#4498,#4499,#4500);
#4498 = CARTESIAN_POINT('',(-20.5,15.1,0.));
#4499 = DIRECTION('',(0.,1.,0.));
#4500 = DIRECTION('',(1.,0.,0.));
#4501 = ADVANCED_FACE('',(#4502),#4527,.T.);
#4502 = FACE_BOUND('',#4503,.T.);
#4503 = EDGE_LOOP('',(#4504,#4505,#4513,#4521));
#4504 = ORIENTED_EDGE('',*,*,#4451,.T.);
#4505 = ORIENTED_EDGE('',*,*,#4506,.T.);
#4506 = EDGE_CURVE('',#4443,#4507,#4509,.T.);
#4507 = VERTEX_POINT('',#4508);
#4508 = CARTESIAN_POINT('',(22.5,2.599998,0.5132));
#4509 = LINE('',#4510,#4511);
#4510 = CARTESIAN_POINT('',(22.5,13.100002,0.5132));
#4511 = VECTOR('',#4512,1.);
#4512 = DIRECTION('',(0.,-1.,0.));
#4513 = ORIENTED_EDGE('',*,*,#4514,.F.);
#4514 = EDGE_CURVE('',#4515,#4507,#4517,.T.);
#4515 = VERTEX_POINT('',#4516);
#4516 = CARTESIAN_POINT('',(22.5,2.599998,0.));
#4517 = LINE('',#4518,#4519);
#4518 = CARTESIAN_POINT('',(22.5,2.599998,0.));
#4519 = VECTOR('',#4520,1.);
#4520 = DIRECTION('',(0.,0.,1.));
#4521 = ORIENTED_EDGE('',*,*,#4522,.F.);
#4522 = EDGE_CURVE('',#4452,#4515,#4523,.T.);
#4523 = LINE('',#4524,#4525);
#4524 = CARTESIAN_POINT('',(22.5,13.100002,0.));
#4525 = VECTOR('',#4526,1.);
#4526 = DIRECTION('',(0.,-1.,0.));
#4527 = PLANE('',#4528);
#4528 = AXIS2_PLACEMENT_3D('',#4529,#4530,#4531);
#4529 = CARTESIAN_POINT('',(22.5,13.100002,0.));
#4530 = DIRECTION('',(1.,0.,-0.));
#4531 = DIRECTION('',(0.,-1.,0.));
#4532 = ADVANCED_FACE('',(#4533,#4654,#4665),#4676,.F.);
#4533 = FACE_BOUND('',#4534,.F.);
#4534 = EDGE_LOOP('',(#4535,#4536,#4537,#4546,#4554,#4562,#4571,#4579,
    #4587,#4596,#4604,#4613,#4621,#4630,#4638,#4647,#4653));
#4535 = ORIENTED_EDGE('',*,*,#4459,.F.);
#4536 = ORIENTED_EDGE('',*,*,#4491,.F.);
#4537 = ORIENTED_EDGE('',*,*,#4538,.F.);
#4538 = EDGE_CURVE('',#4539,#4475,#4541,.T.);
#4539 = VERTEX_POINT('',#4540);
#4540 = CARTESIAN_POINT('',(-22.5,13.1,0.));
#4541 = CIRCLE('',#4542,2.000000212955);
#4542 = AXIS2_PLACEMENT_3D('',#4543,#4544,#4545);
#4543 = CARTESIAN_POINT('',(-20.49999978704,13.099999787045,0.));
#4544 = DIRECTION('',(0.,0.,-1.));
#4545 = DIRECTION('',(-1.,1.064773835637E-07,0.));
#4546 = ORIENTED_EDGE('',*,*,#4547,.F.);
#4547 = EDGE_CURVE('',#4548,#4539,#4550,.T.);
#4548 = VERTEX_POINT('',#4549);
#4549 = CARTESIAN_POINT('',(-22.5,-5.400002,0.));
#4550 = LINE('',#4551,#4552);
#4551 = CARTESIAN_POINT('',(-22.5,-5.400002,0.));
#4552 = VECTOR('',#4553,1.);
#4553 = DIRECTION('',(0.,1.,0.));
#4554 = ORIENTED_EDGE('',*,*,#4555,.F.);
#4555 = EDGE_CURVE('',#4556,#4548,#4558,.T.);
#4556 = VERTEX_POINT('',#4557);
#4557 = CARTESIAN_POINT('',(-22.,-5.400002,0.));
#4558 = LINE('',#4559,#4560);
#4559 = CARTESIAN_POINT('',(-22.,-5.400002,0.));
#4560 = VECTOR('',#4561,1.);
#4561 = DIRECTION('',(-1.,0.,0.));
#4562 = ORIENTED_EDGE('',*,*,#4563,.F.);
#4563 = EDGE_CURVE('',#4564,#4556,#4566,.T.);
#4564 = VERTEX_POINT('',#4565);
#4565 = CARTESIAN_POINT('',(-21.5,-5.900002,0.));
#4566 = CIRCLE('',#4567,0.500001333575);
#4567 = AXIS2_PLACEMENT_3D('',#4568,#4569,#4570);
#4568 = CARTESIAN_POINT('',(-22.00000133357,-5.900003333573,0.));
#4569 = DIRECTION('',(0.,0.,1.));
#4570 = DIRECTION('',(0.999999999996,2.667139173279E-06,-0.));
#4571 = ORIENTED_EDGE('',*,*,#4572,.F.);
#4572 = EDGE_CURVE('',#4573,#4564,#4575,.T.);
#4573 = VERTEX_POINT('',#4574);
#4574 = CARTESIAN_POINT('',(-21.5,-15.1,0.));
#4575 = LINE('',#4576,#4577);
#4576 = CARTESIAN_POINT('',(-21.5,-15.1,0.));
#4577 = VECTOR('',#4578,1.);
#4578 = DIRECTION('',(0.,1.,0.));
#4579 = ORIENTED_EDGE('',*,*,#4580,.F.);
#4580 = EDGE_CURVE('',#4581,#4573,#4583,.T.);
#4581 = VERTEX_POINT('',#4582);
#4582 = CARTESIAN_POINT('',(8.874998,-15.100001,0.));
#4583 = LINE('',#4584,#4585);
#4584 = CARTESIAN_POINT('',(8.874998,-15.100001,0.));
#4585 = VECTOR('',#4586,1.);
#4586 = DIRECTION('',(-1.,3.292181290112E-08,0.));
#4587 = ORIENTED_EDGE('',*,*,#4588,.F.);
#4588 = EDGE_CURVE('',#4589,#4581,#4591,.T.);
#4589 = VERTEX_POINT('',#4590);
#4590 = CARTESIAN_POINT('',(9.374999,-14.6,0.));
#4591 = CIRCLE('',#4592,0.500001333569);
#4592 = AXIS2_PLACEMENT_3D('',#4593,#4594,#4595);
#4593 = CARTESIAN_POINT('',(8.874997666431,-14.59999966643,0.));
#4594 = DIRECTION('',(0.,0.,-1.));
#4595 = DIRECTION('',(1.,-6.671364657465E-07,0.));
#4596 = ORIENTED_EDGE('',*,*,#4597,.F.);
#4597 = EDGE_CURVE('',#4598,#4589,#4600,.T.);
#4598 = VERTEX_POINT('',#4599);
#4599 = CARTESIAN_POINT('',(9.374999,-10.1,0.));
#4600 = LINE('',#4601,#4602);
#4601 = CARTESIAN_POINT('',(9.374999,-10.1,0.));
#4602 = VECTOR('',#4603,1.);
#4603 = DIRECTION('',(0.,-1.,0.));
#4604 = ORIENTED_EDGE('',*,*,#4605,.F.);
#4605 = EDGE_CURVE('',#4606,#4598,#4608,.T.);
#4606 = VERTEX_POINT('',#4607);
#4607 = CARTESIAN_POINT('',(9.875,-9.599999,0.));
#4608 = CIRCLE('',#4609,0.500001333569);
#4609 = AXIS2_PLACEMENT_3D('',#4610,#4611,#4612);
#4610 = CARTESIAN_POINT('',(9.875000333569,-10.10000033356,0.));
#4611 = DIRECTION('',(0.,0.,1.));
#4612 = DIRECTION('',(-6.671364586411E-07,1.,0.));
#4613 = ORIENTED_EDGE('',*,*,#4614,.F.);
#4614 = EDGE_CURVE('',#4615,#4606,#4617,.T.);
#4615 = VERTEX_POINT('',#4616);
#4616 = CARTESIAN_POINT('',(20.999999,-9.600001,0.));
#4617 = LINE('',#4618,#4619);
#4618 = CARTESIAN_POINT('',(20.999999,-9.600001,0.));
#4619 = VECTOR('',#4620,1.);
#4620 = DIRECTION('',(-1.,1.797752970836E-07,0.));
#4621 = ORIENTED_EDGE('',*,*,#4622,.F.);
#4622 = EDGE_CURVE('',#4623,#4615,#4625,.T.);
#4623 = VERTEX_POINT('',#4624);
#4624 = CARTESIAN_POINT('',(21.499999,-9.1,0.));
#4625 = CIRCLE('',#4626,0.500001333572);
#4626 = AXIS2_PLACEMENT_3D('',#4627,#4628,#4629);
#4627 = CARTESIAN_POINT('',(20.999997666428,-9.09999966643,0.));
#4628 = DIRECTION('',(0.,0.,-1.));
#4629 = DIRECTION('',(1.,-6.671388176328E-07,0.));
#4630 = ORIENTED_EDGE('',*,*,#4631,.F.);
#4631 = EDGE_CURVE('',#4632,#4623,#4634,.T.);
#4632 = VERTEX_POINT('',#4633);
#4633 = CARTESIAN_POINT('',(21.499998,2.099999,0.));
#4634 = LINE('',#4635,#4636);
#4635 = CARTESIAN_POINT('',(21.499998,2.099999,0.));
#4636 = VECTOR('',#4637,1.);
#4637 = DIRECTION('',(8.928572203223E-08,-1.,0.));
#4638 = ORIENTED_EDGE('',*,*,#4639,.F.);
#4639 = EDGE_CURVE('',#4640,#4632,#4642,.T.);
#4640 = VERTEX_POINT('',#4641);
#4641 = CARTESIAN_POINT('',(22.000001,2.599996,0.));
#4642 = CIRCLE('',#4643,0.50000398687);
#4643 = AXIS2_PLACEMENT_3D('',#4644,#4645,#4646);
#4644 = CARTESIAN_POINT('',(22.000001986821,2.099992013131,0.));
#4645 = DIRECTION('',(0.,0.,1.));
#4646 = DIRECTION('',(-1.973625779706E-06,0.999999999998,0.));
#4647 = ORIENTED_EDGE('',*,*,#4648,.F.);
#4648 = EDGE_CURVE('',#4515,#4640,#4649,.T.);
#4649 = LINE('',#4650,#4651);
#4650 = CARTESIAN_POINT('',(22.5,2.599998,0.));
#4651 = VECTOR('',#4652,1.);
#4652 = DIRECTION('',(-0.999999999992,-4.000007999655E-06,0.));
#4653 = ORIENTED_EDGE('',*,*,#4522,.F.);
#4654 = FACE_BOUND('',#4655,.F.);
#4655 = EDGE_LOOP('',(#4656));
#4656 = ORIENTED_EDGE('',*,*,#4657,.T.);
#4657 = EDGE_CURVE('',#4658,#4658,#4660,.T.);
#4658 = VERTEX_POINT('',#4659);
#4659 = CARTESIAN_POINT('',(-21.66,-5.035,0.));
#4660 = CIRCLE('',#4661,0.425);
#4661 = AXIS2_PLACEMENT_3D('',#4662,#4663,#4664);
#4662 = CARTESIAN_POINT('',(-21.66,-4.61,0.));
#4663 = DIRECTION('',(-0.,0.,-1.));
#4664 = DIRECTION('',(-0.,-1.,0.));
#4665 = FACE_BOUND('',#4666,.F.);
#4666 = EDGE_LOOP('',(#4667));
#4667 = ORIENTED_EDGE('',*,*,#4668,.T.);
#4668 = EDGE_CURVE('',#4669,#4669,#4671,.T.);
#4669 = VERTEX_POINT('',#4670);
#4670 = CARTESIAN_POINT('',(-21.65,11.085,0.));
#4671 = CIRCLE('',#4672,0.425);
#4672 = AXIS2_PLACEMENT_3D('',#4673,#4674,#4675);
#4673 = CARTESIAN_POINT('',(-21.65,11.51,0.));
#4674 = DIRECTION('',(-0.,0.,-1.));
#4675 = DIRECTION('',(-0.,-1.,0.));
#4676 = PLANE('',#4677);
#4677 = AXIS2_PLACEMENT_3D('',#4678,#4679,#4680);
#4678 = CARTESIAN_POINT('',(0.,0.,0.));
#4679 = DIRECTION('',(0.,0.,1.));
#4680 = DIRECTION('',(1.,0.,-0.));
#4681 = ADVANCED_FACE('',(#4682,#4803,#4814),#4825,.T.);
#4682 = FACE_BOUND('',#4683,.T.);
#4683 = EDGE_LOOP('',(#4684,#4685,#4686,#4695,#4703,#4711,#4720,#4728,
    #4736,#4745,#4753,#4762,#4770,#4779,#4787,#4796,#4802));
#4684 = ORIENTED_EDGE('',*,*,#4442,.F.);
#4685 = ORIENTED_EDGE('',*,*,#4484,.F.);
#4686 = ORIENTED_EDGE('',*,*,#4687,.F.);
#4687 = EDGE_CURVE('',#4688,#4477,#4690,.T.);
#4688 = VERTEX_POINT('',#4689);
#4689 = CARTESIAN_POINT('',(-22.5,13.1,0.5132));
#4690 = CIRCLE('',#4691,2.000000212955);
#4691 = AXIS2_PLACEMENT_3D('',#4692,#4693,#4694);
#4692 = CARTESIAN_POINT('',(-20.49999978704,13.099999787045,0.5132));
#4693 = DIRECTION('',(0.,0.,-1.));
#4694 = DIRECTION('',(-1.,1.064773835637E-07,0.));
#4695 = ORIENTED_EDGE('',*,*,#4696,.F.);
#4696 = EDGE_CURVE('',#4697,#4688,#4699,.T.);
#4697 = VERTEX_POINT('',#4698);
#4698 = CARTESIAN_POINT('',(-22.5,-5.400002,0.5132));
#4699 = LINE('',#4700,#4701);
#4700 = CARTESIAN_POINT('',(-22.5,-5.400002,0.5132));
#4701 = VECTOR('',#4702,1.);
#4702 = DIRECTION('',(0.,1.,0.));
#4703 = ORIENTED_EDGE('',*,*,#4704,.F.);
#4704 = EDGE_CURVE('',#4705,#4697,#4707,.T.);
#4705 = VERTEX_POINT('',#4706);
#4706 = CARTESIAN_POINT('',(-22.,-5.400002,0.5132));
#4707 = LINE('',#4708,#4709);
#4708 = CARTESIAN_POINT('',(-22.,-5.400002,0.5132));
#4709 = VECTOR('',#4710,1.);
#4710 = DIRECTION('',(-1.,0.,0.));
#4711 = ORIENTED_EDGE('',*,*,#4712,.F.);
#4712 = EDGE_CURVE('',#4713,#4705,#4715,.T.);
#4713 = VERTEX_POINT('',#4714);
#4714 = CARTESIAN_POINT('',(-21.5,-5.900002,0.5132));
#4715 = CIRCLE('',#4716,0.500001333575);
#4716 = AXIS2_PLACEMENT_3D('',#4717,#4718,#4719);
#4717 = CARTESIAN_POINT('',(-22.00000133357,-5.900003333573,0.5132));
#4718 = DIRECTION('',(0.,0.,1.));
#4719 = DIRECTION('',(0.999999999996,2.667139173279E-06,-0.));
#4720 = ORIENTED_EDGE('',*,*,#4721,.F.);
#4721 = EDGE_CURVE('',#4722,#4713,#4724,.T.);
#4722 = VERTEX_POINT('',#4723);
#4723 = CARTESIAN_POINT('',(-21.5,-15.1,0.5132));
#4724 = LINE('',#4725,#4726);
#4725 = CARTESIAN_POINT('',(-21.5,-15.1,0.5132));
#4726 = VECTOR('',#4727,1.);
#4727 = DIRECTION('',(0.,1.,0.));
#4728 = ORIENTED_EDGE('',*,*,#4729,.F.);
#4729 = EDGE_CURVE('',#4730,#4722,#4732,.T.);
#4730 = VERTEX_POINT('',#4731);
#4731 = CARTESIAN_POINT('',(8.874998,-15.100001,0.5132));
#4732 = LINE('',#4733,#4734);
#4733 = CARTESIAN_POINT('',(8.874998,-15.100001,0.5132));
#4734 = VECTOR('',#4735,1.);
#4735 = DIRECTION('',(-1.,3.292181290112E-08,0.));
#4736 = ORIENTED_EDGE('',*,*,#4737,.F.);
#4737 = EDGE_CURVE('',#4738,#4730,#4740,.T.);
#4738 = VERTEX_POINT('',#4739);
#4739 = CARTESIAN_POINT('',(9.374999,-14.6,0.5132));
#4740 = CIRCLE('',#4741,0.500001333569);
#4741 = AXIS2_PLACEMENT_3D('',#4742,#4743,#4744);
#4742 = CARTESIAN_POINT('',(8.874997666431,-14.59999966643,0.5132));
#4743 = DIRECTION('',(0.,0.,-1.));
#4744 = DIRECTION('',(1.,-6.671364657465E-07,0.));
#4745 = ORIENTED_EDGE('',*,*,#4746,.F.);
#4746 = EDGE_CURVE('',#4747,#4738,#4749,.T.);
#4747 = VERTEX_POINT('',#4748);
#4748 = CARTESIAN_POINT('',(9.374999,-10.1,0.5132));
#4749 = LINE('',#4750,#4751);
#4750 = CARTESIAN_POINT('',(9.374999,-10.1,0.5132));
#4751 = VECTOR('',#4752,1.);
#4752 = DIRECTION('',(0.,-1.,0.));
#4753 = ORIENTED_EDGE('',*,*,#4754,.F.);
#4754 = EDGE_CURVE('',#4755,#4747,#4757,.T.);
#4755 = VERTEX_POINT('',#4756);
#4756 = CARTESIAN_POINT('',(9.875,-9.599999,0.5132));
#4757 = CIRCLE('',#4758,0.500001333569);
#4758 = AXIS2_PLACEMENT_3D('',#4759,#4760,#4761);
#4759 = CARTESIAN_POINT('',(9.875000333569,-10.10000033356,0.5132));
#4760 = DIRECTION('',(0.,0.,1.));
#4761 = DIRECTION('',(-6.671364586411E-07,1.,0.));
#4762 = ORIENTED_EDGE('',*,*,#4763,.F.);
#4763 = EDGE_CURVE('',#4764,#4755,#4766,.T.);
#4764 = VERTEX_POINT('',#4765);
#4765 = CARTESIAN_POINT('',(20.999999,-9.600001,0.5132));
#4766 = LINE('',#4767,#4768);
#4767 = CARTESIAN_POINT('',(20.999999,-9.600001,0.5132));
#4768 = VECTOR('',#4769,1.);
#4769 = DIRECTION('',(-1.,1.797752970836E-07,0.));
#4770 = ORIENTED_EDGE('',*,*,#4771,.F.);
#4771 = EDGE_CURVE('',#4772,#4764,#4774,.T.);
#4772 = VERTEX_POINT('',#4773);
#4773 = CARTESIAN_POINT('',(21.499999,-9.1,0.5132));
#4774 = CIRCLE('',#4775,0.500001333572);
#4775 = AXIS2_PLACEMENT_3D('',#4776,#4777,#4778);
#4776 = CARTESIAN_POINT('',(20.999997666428,-9.09999966643,0.5132));
#4777 = DIRECTION('',(0.,0.,-1.));
#4778 = DIRECTION('',(1.,-6.671388176328E-07,0.));
#4779 = ORIENTED_EDGE('',*,*,#4780,.F.);
#4780 = EDGE_CURVE('',#4781,#4772,#4783,.T.);
#4781 = VERTEX_POINT('',#4782);
#4782 = CARTESIAN_POINT('',(21.499998,2.099999,0.5132));
#4783 = LINE('',#4784,#4785);
#4784 = CARTESIAN_POINT('',(21.499998,2.099999,0.5132));
#4785 = VECTOR('',#4786,1.);
#4786 = DIRECTION('',(8.928572203223E-08,-1.,0.));
#4787 = ORIENTED_EDGE('',*,*,#4788,.F.);
#4788 = EDGE_CURVE('',#4789,#4781,#4791,.T.);
#4789 = VERTEX_POINT('',#4790);
#4790 = CARTESIAN_POINT('',(22.000001,2.599996,0.5132));
#4791 = CIRCLE('',#4792,0.50000398687);
#4792 = AXIS2_PLACEMENT_3D('',#4793,#4794,#4795);
#4793 = CARTESIAN_POINT('',(22.000001986821,2.099992013131,0.5132));
#4794 = DIRECTION('',(0.,0.,1.));
#4795 = DIRECTION('',(-1.973625779706E-06,0.999999999998,0.));
#4796 = ORIENTED_EDGE('',*,*,#4797,.F.);
#4797 = EDGE_CURVE('',#4507,#4789,#4798,.T.);
#4798 = LINE('',#4799,#4800);
#4799 = CARTESIAN_POINT('',(22.5,2.599998,0.5132));
#4800 = VECTOR('',#4801,1.);
#4801 = DIRECTION('',(-0.999999999992,-4.000007999655E-06,0.));
#4802 = ORIENTED_EDGE('',*,*,#4506,.F.);
#4803 = FACE_BOUND('',#4804,.T.);
#4804 = EDGE_LOOP('',(#4805));
#4805 = ORIENTED_EDGE('',*,*,#4806,.T.);
#4806 = EDGE_CURVE('',#4807,#4807,#4809,.T.);
#4807 = VERTEX_POINT('',#4808);
#4808 = CARTESIAN_POINT('',(-21.66,-5.035,0.5132));
#4809 = CIRCLE('',#4810,0.425);
#4810 = AXIS2_PLACEMENT_3D('',#4811,#4812,#4813);
#4811 = CARTESIAN_POINT('',(-21.66,-4.61,0.5132));
#4812 = DIRECTION('',(-0.,0.,-1.));
#4813 = DIRECTION('',(-0.,-1.,0.));
#4814 = FACE_BOUND('',#4815,.T.);
#4815 = EDGE_LOOP('',(#4816));
#4816 = ORIENTED_EDGE('',*,*,#4817,.T.);
#4817 = EDGE_CURVE('',#4818,#4818,#4820,.T.);
#4818 = VERTEX_POINT('',#4819);
#4819 = CARTESIAN_POINT('',(-21.65,11.085,0.5132));
#4820 = CIRCLE('',#4821,0.425);
#4821 = AXIS2_PLACEMENT_3D('',#4822,#4823,#4824);
#4822 = CARTESIAN_POINT('',(-21.65,11.51,0.5132));
#4823 = DIRECTION('',(-0.,0.,-1.));
#4824 = DIRECTION('',(-0.,-1.,0.));
#4825 = PLANE('',#4826);
#4826 = AXIS2_PLACEMENT_3D('',#4827,#4828,#4829);
#4827 = CARTESIAN_POINT('',(0.,0.,0.5132));
#4828 = DIRECTION('',(0.,0.,1.));
#4829 = DIRECTION('',(1.,0.,-0.));
#4830 = ADVANCED_FACE('',(#4831),#4842,.T.);
#4831 = FACE_BOUND('',#4832,.T.);
#4832 = EDGE_LOOP('',(#4833,#4839,#4840,#4841));
#4833 = ORIENTED_EDGE('',*,*,#4834,.T.);
#4834 = EDGE_CURVE('',#4539,#4688,#4835,.T.);
#4835 = LINE('',#4836,#4837);
#4836 = CARTESIAN_POINT('',(-22.5,13.1,0.));
#4837 = VECTOR('',#4838,1.);
#4838 = DIRECTION('',(0.,0.,1.));
#4839 = ORIENTED_EDGE('',*,*,#4687,.T.);
#4840 = ORIENTED_EDGE('',*,*,#4474,.F.);
#4841 = ORIENTED_EDGE('',*,*,#4538,.F.);
#4842 = CYLINDRICAL_SURFACE('',#4843,2.000000212955);
#4843 = AXIS2_PLACEMENT_3D('',#4844,#4845,#4846);
#4844 = CARTESIAN_POINT('',(-20.49999978704,13.099999787045,0.));
#4845 = DIRECTION('',(0.,0.,-1.));
#4846 = DIRECTION('',(-1.,1.064773835637E-07,0.));
#4847 = ADVANCED_FACE('',(#4848),#4859,.T.);
#4848 = FACE_BOUND('',#4849,.T.);
#4849 = EDGE_LOOP('',(#4850,#4851,#4852,#4858));
#4850 = ORIENTED_EDGE('',*,*,#4514,.T.);
#4851 = ORIENTED_EDGE('',*,*,#4797,.T.);
#4852 = ORIENTED_EDGE('',*,*,#4853,.F.);
#4853 = EDGE_CURVE('',#4640,#4789,#4854,.T.);
#4854 = LINE('',#4855,#4856);
#4855 = CARTESIAN_POINT('',(22.000001,2.599996,0.));
#4856 = VECTOR('',#4857,1.);
#4857 = DIRECTION('',(0.,0.,1.));
#4858 = ORIENTED_EDGE('',*,*,#4648,.F.);
#4859 = PLANE('',#4860);
#4860 = AXIS2_PLACEMENT_3D('',#4861,#4862,#4863);
#4861 = CARTESIAN_POINT('',(22.5,2.599998,0.));
#4862 = DIRECTION('',(4.000007999655E-06,-0.999999999992,0.));
#4863 = DIRECTION('',(-0.999999999992,-4.000007999655E-06,0.));
#4864 = ADVANCED_FACE('',(#4865),#4876,.T.);
#4865 = FACE_BOUND('',#4866,.T.);
#4866 = EDGE_LOOP('',(#4867,#4873,#4874,#4875));
#4867 = ORIENTED_EDGE('',*,*,#4868,.T.);
#4868 = EDGE_CURVE('',#4548,#4697,#4869,.T.);
#4869 = LINE('',#4870,#4871);
#4870 = CARTESIAN_POINT('',(-22.5,-5.400002,0.));
#4871 = VECTOR('',#4872,1.);
#4872 = DIRECTION('',(0.,0.,1.));
#4873 = ORIENTED_EDGE('',*,*,#4696,.T.);
#4874 = ORIENTED_EDGE('',*,*,#4834,.F.);
#4875 = ORIENTED_EDGE('',*,*,#4547,.F.);
#4876 = PLANE('',#4877);
#4877 = AXIS2_PLACEMENT_3D('',#4878,#4879,#4880);
#4878 = CARTESIAN_POINT('',(-22.5,-5.400002,0.));
#4879 = DIRECTION('',(-1.,0.,0.));
#4880 = DIRECTION('',(0.,1.,0.));
#4881 = ADVANCED_FACE('',(#4882),#4893,.F.);
#4882 = FACE_BOUND('',#4883,.T.);
#4883 = EDGE_LOOP('',(#4884,#4885,#4886,#4892));
#4884 = ORIENTED_EDGE('',*,*,#4853,.T.);
#4885 = ORIENTED_EDGE('',*,*,#4788,.T.);
#4886 = ORIENTED_EDGE('',*,*,#4887,.F.);
#4887 = EDGE_CURVE('',#4632,#4781,#4888,.T.);
#4888 = LINE('',#4889,#4890);
#4889 = CARTESIAN_POINT('',(21.499998,2.099999,0.));
#4890 = VECTOR('',#4891,1.);
#4891 = DIRECTION('',(0.,0.,1.));
#4892 = ORIENTED_EDGE('',*,*,#4639,.F.);
#4893 = CYLINDRICAL_SURFACE('',#4894,0.50000398687);
#4894 = AXIS2_PLACEMENT_3D('',#4895,#4896,#4897);
#4895 = CARTESIAN_POINT('',(22.000001986821,2.099992013131,0.));
#4896 = DIRECTION('',(-0.,-0.,-1.));
#4897 = DIRECTION('',(-1.973625779706E-06,0.999999999998,0.));
#4898 = ADVANCED_FACE('',(#4899),#4910,.T.);
#4899 = FACE_BOUND('',#4900,.T.);
#4900 = EDGE_LOOP('',(#4901,#4907,#4908,#4909));
#4901 = ORIENTED_EDGE('',*,*,#4902,.T.);
#4902 = EDGE_CURVE('',#4556,#4705,#4903,.T.);
#4903 = LINE('',#4904,#4905);
#4904 = CARTESIAN_POINT('',(-22.,-5.400002,0.));
#4905 = VECTOR('',#4906,1.);
#4906 = DIRECTION('',(0.,0.,1.));
#4907 = ORIENTED_EDGE('',*,*,#4704,.T.);
#4908 = ORIENTED_EDGE('',*,*,#4868,.F.);
#4909 = ORIENTED_EDGE('',*,*,#4555,.F.);
#4910 = PLANE('',#4911);
#4911 = AXIS2_PLACEMENT_3D('',#4912,#4913,#4914);
#4912 = CARTESIAN_POINT('',(-22.,-5.400002,0.));
#4913 = DIRECTION('',(0.,-1.,0.));
#4914 = DIRECTION('',(-1.,0.,0.));
#4915 = ADVANCED_FACE('',(#4916),#4927,.T.);
#4916 = FACE_BOUND('',#4917,.T.);
#4917 = EDGE_LOOP('',(#4918,#4919,#4920,#4926));
#4918 = ORIENTED_EDGE('',*,*,#4887,.T.);
#4919 = ORIENTED_EDGE('',*,*,#4780,.T.);
#4920 = ORIENTED_EDGE('',*,*,#4921,.F.);
#4921 = EDGE_CURVE('',#4623,#4772,#4922,.T.);
#4922 = LINE('',#4923,#4924);
#4923 = CARTESIAN_POINT('',(21.499999,-9.1,0.));
#4924 = VECTOR('',#4925,1.);
#4925 = DIRECTION('',(0.,0.,1.));
#4926 = ORIENTED_EDGE('',*,*,#4631,.F.);
#4927 = PLANE('',#4928);
#4928 = AXIS2_PLACEMENT_3D('',#4929,#4930,#4931);
#4929 = CARTESIAN_POINT('',(21.499998,2.099999,0.));
#4930 = DIRECTION('',(1.,8.928572203223E-08,-0.));
#4931 = DIRECTION('',(8.928572203223E-08,-1.,0.));
#4932 = ADVANCED_FACE('',(#4933),#4944,.F.);
#4933 = FACE_BOUND('',#4934,.T.);
#4934 = EDGE_LOOP('',(#4935,#4941,#4942,#4943));
#4935 = ORIENTED_EDGE('',*,*,#4936,.T.);
#4936 = EDGE_CURVE('',#4564,#4713,#4937,.T.);
#4937 = LINE('',#4938,#4939);
#4938 = CARTESIAN_POINT('',(-21.5,-5.900002,0.));
#4939 = VECTOR('',#4940,1.);
#4940 = DIRECTION('',(0.,0.,1.));
#4941 = ORIENTED_EDGE('',*,*,#4712,.T.);
#4942 = ORIENTED_EDGE('',*,*,#4902,.F.);
#4943 = ORIENTED_EDGE('',*,*,#4563,.F.);
#4944 = CYLINDRICAL_SURFACE('',#4945,0.500001333575);
#4945 = AXIS2_PLACEMENT_3D('',#4946,#4947,#4948);
#4946 = CARTESIAN_POINT('',(-22.00000133357,-5.900003333573,0.));
#4947 = DIRECTION('',(-0.,-0.,-1.));
#4948 = DIRECTION('',(0.999999999996,2.667139173279E-06,-0.));
#4949 = ADVANCED_FACE('',(#4950),#4961,.T.);
#4950 = FACE_BOUND('',#4951,.T.);
#4951 = EDGE_LOOP('',(#4952,#4953,#4954,#4960));
#4952 = ORIENTED_EDGE('',*,*,#4921,.T.);
#4953 = ORIENTED_EDGE('',*,*,#4771,.T.);
#4954 = ORIENTED_EDGE('',*,*,#4955,.F.);
#4955 = EDGE_CURVE('',#4615,#4764,#4956,.T.);
#4956 = LINE('',#4957,#4958);
#4957 = CARTESIAN_POINT('',(20.999999,-9.600001,0.));
#4958 = VECTOR('',#4959,1.);
#4959 = DIRECTION('',(0.,0.,1.));
#4960 = ORIENTED_EDGE('',*,*,#4622,.F.);
#4961 = CYLINDRICAL_SURFACE('',#4962,0.500001333572);
#4962 = AXIS2_PLACEMENT_3D('',#4963,#4964,#4965);
#4963 = CARTESIAN_POINT('',(20.999997666428,-9.09999966643,0.));
#4964 = DIRECTION('',(0.,0.,-1.));
#4965 = DIRECTION('',(1.,-6.671388176328E-07,0.));
#4966 = ADVANCED_FACE('',(#4967),#4978,.T.);
#4967 = FACE_BOUND('',#4968,.T.);
#4968 = EDGE_LOOP('',(#4969,#4975,#4976,#4977));
#4969 = ORIENTED_EDGE('',*,*,#4970,.T.);
#4970 = EDGE_CURVE('',#4573,#4722,#4971,.T.);
#4971 = LINE('',#4972,#4973);
#4972 = CARTESIAN_POINT('',(-21.5,-15.1,0.));
#4973 = VECTOR('',#4974,1.);
#4974 = DIRECTION('',(0.,0.,1.));
#4975 = ORIENTED_EDGE('',*,*,#4721,.T.);
#4976 = ORIENTED_EDGE('',*,*,#4936,.F.);
#4977 = ORIENTED_EDGE('',*,*,#4572,.F.);
#4978 = PLANE('',#4979);
#4979 = AXIS2_PLACEMENT_3D('',#4980,#4981,#4982);
#4980 = CARTESIAN_POINT('',(-21.5,-15.1,0.));
#4981 = DIRECTION('',(-1.,0.,0.));
#4982 = DIRECTION('',(0.,1.,0.));
#4983 = ADVANCED_FACE('',(#4984),#4995,.T.);
#4984 = FACE_BOUND('',#4985,.T.);
#4985 = EDGE_LOOP('',(#4986,#4987,#4988,#4994));
#4986 = ORIENTED_EDGE('',*,*,#4955,.T.);
#4987 = ORIENTED_EDGE('',*,*,#4763,.T.);
#4988 = ORIENTED_EDGE('',*,*,#4989,.F.);
#4989 = EDGE_CURVE('',#4606,#4755,#4990,.T.);
#4990 = LINE('',#4991,#4992);
#4991 = CARTESIAN_POINT('',(9.875,-9.599999,0.));
#4992 = VECTOR('',#4993,1.);
#4993 = DIRECTION('',(0.,0.,1.));
#4994 = ORIENTED_EDGE('',*,*,#4614,.F.);
#4995 = PLANE('',#4996);
#4996 = AXIS2_PLACEMENT_3D('',#4997,#4998,#4999);
#4997 = CARTESIAN_POINT('',(20.999999,-9.600001,0.));
#4998 = DIRECTION('',(-1.797752970836E-07,-1.,0.));
#4999 = DIRECTION('',(-1.,1.797752970836E-07,0.));
#5000 = ADVANCED_FACE('',(#5001),#5012,.T.);
#5001 = FACE_BOUND('',#5002,.T.);
#5002 = EDGE_LOOP('',(#5003,#5009,#5010,#5011));
#5003 = ORIENTED_EDGE('',*,*,#5004,.T.);
#5004 = EDGE_CURVE('',#4581,#4730,#5005,.T.);
#5005 = LINE('',#5006,#5007);
#5006 = CARTESIAN_POINT('',(8.874998,-15.100001,0.));
#5007 = VECTOR('',#5008,1.);
#5008 = DIRECTION('',(0.,0.,1.));
#5009 = ORIENTED_EDGE('',*,*,#4729,.T.);
#5010 = ORIENTED_EDGE('',*,*,#4970,.F.);
#5011 = ORIENTED_EDGE('',*,*,#4580,.F.);
#5012 = PLANE('',#5013);
#5013 = AXIS2_PLACEMENT_3D('',#5014,#5015,#5016);
#5014 = CARTESIAN_POINT('',(8.874998,-15.100001,0.));
#5015 = DIRECTION('',(-3.292181290112E-08,-1.,0.));
#5016 = DIRECTION('',(-1.,3.292181290112E-08,0.));
#5017 = ADVANCED_FACE('',(#5018),#5029,.F.);
#5018 = FACE_BOUND('',#5019,.T.);
#5019 = EDGE_LOOP('',(#5020,#5021,#5022,#5028));
#5020 = ORIENTED_EDGE('',*,*,#4989,.T.);
#5021 = ORIENTED_EDGE('',*,*,#4754,.T.);
#5022 = ORIENTED_EDGE('',*,*,#5023,.F.);
#5023 = EDGE_CURVE('',#4598,#4747,#5024,.T.);
#5024 = LINE('',#5025,#5026);
#5025 = CARTESIAN_POINT('',(9.374999,-10.1,0.));
#5026 = VECTOR('',#5027,1.);
#5027 = DIRECTION('',(0.,0.,1.));
#5028 = ORIENTED_EDGE('',*,*,#4605,.F.);
#5029 = CYLINDRICAL_SURFACE('',#5030,0.500001333569);
#5030 = AXIS2_PLACEMENT_3D('',#5031,#5032,#5033);
#5031 = CARTESIAN_POINT('',(9.875000333569,-10.10000033356,0.));
#5032 = DIRECTION('',(-0.,-0.,-1.));
#5033 = DIRECTION('',(-6.671364586411E-07,1.,0.));
#5034 = ADVANCED_FACE('',(#5035),#5046,.T.);
#5035 = FACE_BOUND('',#5036,.T.);
#5036 = EDGE_LOOP('',(#5037,#5043,#5044,#5045));
#5037 = ORIENTED_EDGE('',*,*,#5038,.T.);
#5038 = EDGE_CURVE('',#4589,#4738,#5039,.T.);
#5039 = LINE('',#5040,#5041);
#5040 = CARTESIAN_POINT('',(9.374999,-14.6,0.));
#5041 = VECTOR('',#5042,1.);
#5042 = DIRECTION('',(0.,0.,1.));
#5043 = ORIENTED_EDGE('',*,*,#4737,.T.);
#5044 = ORIENTED_EDGE('',*,*,#5004,.F.);
#5045 = ORIENTED_EDGE('',*,*,#4588,.F.);
#5046 = CYLINDRICAL_SURFACE('',#5047,0.500001333569);
#5047 = AXIS2_PLACEMENT_3D('',#5048,#5049,#5050);
#5048 = CARTESIAN_POINT('',(8.874997666431,-14.59999966643,0.));
#5049 = DIRECTION('',(0.,0.,-1.));
#5050 = DIRECTION('',(1.,-6.671364657465E-07,0.));
#5051 = ADVANCED_FACE('',(#5052),#5058,.T.);
#5052 = FACE_BOUND('',#5053,.T.);
#5053 = EDGE_LOOP('',(#5054,#5055,#5056,#5057));
#5054 = ORIENTED_EDGE('',*,*,#5023,.T.);
#5055 = ORIENTED_EDGE('',*,*,#4746,.T.);
#5056 = ORIENTED_EDGE('',*,*,#5038,.F.);
#5057 = ORIENTED_EDGE('',*,*,#4597,.F.);
#5058 = PLANE('',#5059);
#5059 = AXIS2_PLACEMENT_3D('',#5060,#5061,#5062);
#5060 = CARTESIAN_POINT('',(9.374999,-10.1,0.));
#5061 = DIRECTION('',(1.,0.,-0.));
#5062 = DIRECTION('',(0.,-1.,0.));
#5063 = ADVANCED_FACE('',(#5064),#5075,.F.);
#5064 = FACE_BOUND('',#5065,.T.);
#5065 = EDGE_LOOP('',(#5066,#5067,#5073,#5074));
#5066 = ORIENTED_EDGE('',*,*,#4657,.T.);
#5067 = ORIENTED_EDGE('',*,*,#5068,.T.);
#5068 = EDGE_CURVE('',#4658,#4807,#5069,.T.);
#5069 = LINE('',#5070,#5071);
#5070 = CARTESIAN_POINT('',(-21.66,-5.035,-4.6E-02));
#5071 = VECTOR('',#5072,1.);
#5072 = DIRECTION('',(0.,0.,1.));
#5073 = ORIENTED_EDGE('',*,*,#4806,.F.);
#5074 = ORIENTED_EDGE('',*,*,#5068,.F.);
#5075 = CYLINDRICAL_SURFACE('',#5076,0.425);
#5076 = AXIS2_PLACEMENT_3D('',#5077,#5078,#5079);
#5077 = CARTESIAN_POINT('',(-21.66,-4.61,-4.6E-02));
#5078 = DIRECTION('',(-0.,-0.,-1.));
#5079 = DIRECTION('',(-0.,-1.,0.));
#5080 = ADVANCED_FACE('',(#5081),#5092,.F.);
#5081 = FACE_BOUND('',#5082,.T.);
#5082 = EDGE_LOOP('',(#5083,#5084,#5090,#5091));
#5083 = ORIENTED_EDGE('',*,*,#4668,.T.);
#5084 = ORIENTED_EDGE('',*,*,#5085,.T.);
#5085 = EDGE_CURVE('',#4669,#4818,#5086,.T.);
#5086 = LINE('',#5087,#5088);
#5087 = CARTESIAN_POINT('',(-21.65,11.085,-4.6E-02));
#5088 = VECTOR('',#5089,1.);
#5089 = DIRECTION('',(0.,0.,1.));
#5090 = ORIENTED_EDGE('',*,*,#4817,.F.);
#5091 = ORIENTED_EDGE('',*,*,#5085,.F.);
#5092 = CYLINDRICAL_SURFACE('',#5093,0.425);
#5093 = AXIS2_PLACEMENT_3D('',#5094,#5095,#5096);
#5094 = CARTESIAN_POINT('',(-21.65,11.51,-4.6E-02));
#5095 = DIRECTION('',(-0.,-0.,-1.));
#5096 = DIRECTION('',(-0.,-1.,0.));
#5097 = ( GEOMETRIC_REPRESENTATION_CONTEXT(3) 
GLOBAL_UNCERTAINTY_ASSIGNED_CONTEXT((#5101)) 
GLOBAL_UNIT_ASSIGNED_CONTEXT((#5098,#5099,#5100)) REPRESENTATION_CONTEXT
('Context #1','3D Context with UNIT and UNCERTAINTY') );
#5098 = ( LENGTH_UNIT() NAMED_UNIT(*) SI_UNIT(.MILLI.,.METRE.) );
#5099 = ( NAMED_UNIT(*) PLANE_ANGLE_UNIT() SI_UNIT($,.RADIAN.) );
#5100 = ( NAMED_UNIT(*) SI_UNIT($,.STERADIAN.) SOLID_ANGLE_UNIT() );
#5101 = UNCERTAINTY_MEASURE_WITH_UNIT(LENGTH_MEASURE(1.E-07),#5098,
  'distance_accuracy_value','confusion accuracy');
#5102 = CONTEXT_DEPENDENT_SHAPE_REPRESENTATION(#5103,#5105);
#5103 = ( REPRESENTATION_RELATIONSHIP('','',#4425,#10) 
REPRESENTATION_RELATIONSHIP_WITH_TRANSFORMATION(#5104) 
SHAPE_REPRESENTATION_RELATIONSHIP() );
#5104 = ITEM_DEFINED_TRANSFORMATION('','',#11,#67);
#5105 = PRODUCT_DEFINITION_SHAPE('Placement','Placement of an item',
  #5106);
#5106 = NEXT_ASSEMBLY_USAGE_OCCURRENCE('14','=>[0:1:1:7]','',#5,#4420,$
  );
#5107 = PRODUCT_RELATED_PRODUCT_CATEGORY('part',$,(#4422));
#5108 = MECHANICAL_DESIGN_GEOMETRIC_PRESENTATION_REPRESENTATION('',(
    #5109,#5117,#5124,#5131,#5138,#5145,#5152,#5159,#5166,#5173,#5180,
    #5188,#5195,#5202,#5209,#5216,#5223,#5230,#5237,#5244,#5251,#5258,
    #5265,#5272,#5279,#5286,#5293,#5300),#4397);
#5109 = STYLED_ITEM('color',(#5110),#3545);
#5110 = PRESENTATION_STYLE_ASSIGNMENT((#5111));
#5111 = SURFACE_STYLE_USAGE(.BOTH.,#5112);
#5112 = SURFACE_SIDE_STYLE('',(#5113));
#5113 = SURFACE_STYLE_FILL_AREA(#5114);
#5114 = FILL_AREA_STYLE('',(#5115));
#5115 = FILL_AREA_STYLE_COLOUR('',#5116);
#5116 = COLOUR_RGB('',0.823999987314,0.819999987296,0.781000009244);
#5117 = STYLED_ITEM('color',(#5118),#3621);
#5118 = PRESENTATION_STYLE_ASSIGNMENT((#5119));
#5119 = SURFACE_STYLE_USAGE(.BOTH.,#5120);
#5120 = SURFACE_SIDE_STYLE('',(#5121));
#5121 = SURFACE_STYLE_FILL_AREA(#5122);
#5122 = FILL_AREA_STYLE('',(#5123));
#5123 = FILL_AREA_STYLE_COLOUR('',#5116);
#5124 = STYLED_ITEM('color',(#5125),#3652);
#5125 = PRESENTATION_STYLE_ASSIGNMENT((#5126));
#5126 = SURFACE_STYLE_USAGE(.BOTH.,#5127);
#5127 = SURFACE_SIDE_STYLE('',(#5128));
#5128 = SURFACE_STYLE_FILL_AREA(#5129);
#5129 = FILL_AREA_STYLE('',(#5130));
#5130 = FILL_AREA_STYLE_COLOUR('',#5116);
#5131 = STYLED_ITEM('color',(#5132),#3677);
#5132 = PRESENTATION_STYLE_ASSIGNMENT((#5133));
#5133 = SURFACE_STYLE_USAGE(.BOTH.,#5134);
#5134 = SURFACE_SIDE_STYLE('',(#5135));
#5135 = SURFACE_STYLE_FILL_AREA(#5136);
#5136 = FILL_AREA_STYLE('',(#5137));
#5137 = FILL_AREA_STYLE_COLOUR('',#5116);
#5138 = STYLED_ITEM('color',(#5139),#3702);
#5139 = PRESENTATION_STYLE_ASSIGNMENT((#5140));
#5140 = SURFACE_STYLE_USAGE(.BOTH.,#5141);
#5141 = SURFACE_SIDE_STYLE('',(#5142));
#5142 = SURFACE_STYLE_FILL_AREA(#5143);
#5143 = FILL_AREA_STYLE('',(#5144));
#5144 = FILL_AREA_STYLE_COLOUR('',#5116);
#5145 = STYLED_ITEM('color',(#5146),#3726);
#5146 = PRESENTATION_STYLE_ASSIGNMENT((#5147));
#5147 = SURFACE_STYLE_USAGE(.BOTH.,#5148);
#5148 = SURFACE_SIDE_STYLE('',(#5149));
#5149 = SURFACE_STYLE_FILL_AREA(#5150);
#5150 = FILL_AREA_STYLE('',(#5151));
#5151 = FILL_AREA_STYLE_COLOUR('',#5116);
#5152 = STYLED_ITEM('color',(#5153),#3750);
#5153 = PRESENTATION_STYLE_ASSIGNMENT((#5154));
#5154 = SURFACE_STYLE_USAGE(.BOTH.,#5155);
#5155 = SURFACE_SIDE_STYLE('',(#5156));
#5156 = SURFACE_STYLE_FILL_AREA(#5157);
#5157 = FILL_AREA_STYLE('',(#5158));
#5158 = FILL_AREA_STYLE_COLOUR('',#5116);
#5159 = STYLED_ITEM('color',(#5160),#3775);
#5160 = PRESENTATION_STYLE_ASSIGNMENT((#5161));
#5161 = SURFACE_STYLE_USAGE(.BOTH.,#5162);
#5162 = SURFACE_SIDE_STYLE('',(#5163));
#5163 = SURFACE_STYLE_FILL_AREA(#5164);
#5164 = FILL_AREA_STYLE('',(#5165));
#5165 = FILL_AREA_STYLE_COLOUR('',#5116);
#5166 = STYLED_ITEM('color',(#5167),#3800);
#5167 = PRESENTATION_STYLE_ASSIGNMENT((#5168));
#5168 = SURFACE_STYLE_USAGE(.BOTH.,#5169);
#5169 = SURFACE_SIDE_STYLE('',(#5170));
#5170 = SURFACE_STYLE_FILL_AREA(#5171);
#5171 = FILL_AREA_STYLE('',(#5172));
#5172 = FILL_AREA_STYLE_COLOUR('',#5116);
#5173 = STYLED_ITEM('color',(#5174),#3817);
#5174 = PRESENTATION_STYLE_ASSIGNMENT((#5175));
#5175 = SURFACE_STYLE_USAGE(.BOTH.,#5176);
#5176 = SURFACE_SIDE_STYLE('',(#5177));
#5177 = SURFACE_STYLE_FILL_AREA(#5178);
#5178 = FILL_AREA_STYLE('',(#5179));
#5179 = FILL_AREA_STYLE_COLOUR('',#5116);
#5180 = STYLED_ITEM('color',(#5181),#3903);
#5181 = PRESENTATION_STYLE_ASSIGNMENT((#5182));
#5182 = SURFACE_STYLE_USAGE(.BOTH.,#5183);
#5183 = SURFACE_SIDE_STYLE('',(#5184));
#5184 = SURFACE_STYLE_FILL_AREA(#5185);
#5185 = FILL_AREA_STYLE('',(#5186));
#5186 = FILL_AREA_STYLE_COLOUR('',#5187);
#5187 = COLOUR_RGB('',0.379000005575,0.270000008848,0.214999999939);
#5188 = STYLED_ITEM('color',(#5189),#3935);
#5189 = PRESENTATION_STYLE_ASSIGNMENT((#5190));
#5190 = SURFACE_STYLE_USAGE(.BOTH.,#5191);
#5191 = SURFACE_SIDE_STYLE('',(#5192));
#5192 = SURFACE_STYLE_FILL_AREA(#5193);
#5193 = FILL_AREA_STYLE('',(#5194));
#5194 = FILL_AREA_STYLE_COLOUR('',#5187);
#5195 = STYLED_ITEM('color',(#5196),#3959);
#5196 = PRESENTATION_STYLE_ASSIGNMENT((#5197));
#5197 = SURFACE_STYLE_USAGE(.BOTH.,#5198);
#5198 = SURFACE_SIDE_STYLE('',(#5199));
#5199 = SURFACE_STYLE_FILL_AREA(#5200);
#5200 = FILL_AREA_STYLE('',(#5201));
#5201 = FILL_AREA_STYLE_COLOUR('',#5187);
#5202 = STYLED_ITEM('color',(#5203),#3984);
#5203 = PRESENTATION_STYLE_ASSIGNMENT((#5204));
#5204 = SURFACE_STYLE_USAGE(.BOTH.,#5205);
#5205 = SURFACE_SIDE_STYLE('',(#5206));
#5206 = SURFACE_STYLE_FILL_AREA(#5207);
#5207 = FILL_AREA_STYLE('',(#5208));
#5208 = FILL_AREA_STYLE_COLOUR('',#5187);
#5209 = STYLED_ITEM('color',(#5210),#4008);
#5210 = PRESENTATION_STYLE_ASSIGNMENT((#5211));
#5211 = SURFACE_STYLE_USAGE(.BOTH.,#5212);
#5212 = SURFACE_SIDE_STYLE('',(#5213));
#5213 = SURFACE_STYLE_FILL_AREA(#5214);
#5214 = FILL_AREA_STYLE('',(#5215));
#5215 = FILL_AREA_STYLE_COLOUR('',#5187);
#5216 = STYLED_ITEM('color',(#5217),#4033);
#5217 = PRESENTATION_STYLE_ASSIGNMENT((#5218));
#5218 = SURFACE_STYLE_USAGE(.BOTH.,#5219);
#5219 = SURFACE_SIDE_STYLE('',(#5220));
#5220 = SURFACE_STYLE_FILL_AREA(#5221);
#5221 = FILL_AREA_STYLE('',(#5222));
#5222 = FILL_AREA_STYLE_COLOUR('',#5187);
#5223 = STYLED_ITEM('color',(#5224),#4057);
#5224 = PRESENTATION_STYLE_ASSIGNMENT((#5225));
#5225 = SURFACE_STYLE_USAGE(.BOTH.,#5226);
#5226 = SURFACE_SIDE_STYLE('',(#5227));
#5227 = SURFACE_STYLE_FILL_AREA(#5228);
#5228 = FILL_AREA_STYLE('',(#5229));
#5229 = FILL_AREA_STYLE_COLOUR('',#5187);
#5230 = STYLED_ITEM('color',(#5231),#4082);
#5231 = PRESENTATION_STYLE_ASSIGNMENT((#5232));
#5232 = SURFACE_STYLE_USAGE(.BOTH.,#5233);
#5233 = SURFACE_SIDE_STYLE('',(#5234));
#5234 = SURFACE_STYLE_FILL_AREA(#5235);
#5235 = FILL_AREA_STYLE('',(#5236));
#5236 = FILL_AREA_STYLE_COLOUR('',#5187);
#5237 = STYLED_ITEM('color',(#5238),#4099);
#5238 = PRESENTATION_STYLE_ASSIGNMENT((#5239));
#5239 = SURFACE_STYLE_USAGE(.BOTH.,#5240);
#5240 = SURFACE_SIDE_STYLE('',(#5241));
#5241 = SURFACE_STYLE_FILL_AREA(#5242);
#5242 = FILL_AREA_STYLE('',(#5243));
#5243 = FILL_AREA_STYLE_COLOUR('',#5116);
#5244 = STYLED_ITEM('color',(#5245),#4185);
#5245 = PRESENTATION_STYLE_ASSIGNMENT((#5246));
#5246 = SURFACE_STYLE_USAGE(.BOTH.,#5247);
#5247 = SURFACE_SIDE_STYLE('',(#5248));
#5248 = SURFACE_STYLE_FILL_AREA(#5249);
#5249 = FILL_AREA_STYLE('',(#5250));
#5250 = FILL_AREA_STYLE_COLOUR('',#5116);
#5251 = STYLED_ITEM('color',(#5252),#4216);
#5252 = PRESENTATION_STYLE_ASSIGNMENT((#5253));
#5253 = SURFACE_STYLE_USAGE(.BOTH.,#5254);
#5254 = SURFACE_SIDE_STYLE('',(#5255));
#5255 = SURFACE_STYLE_FILL_AREA(#5256);
#5256 = FILL_AREA_STYLE('',(#5257));
#5257 = FILL_AREA_STYLE_COLOUR('',#5116);
#5258 = STYLED_ITEM('color',(#5259),#4241);
#5259 = PRESENTATION_STYLE_ASSIGNMENT((#5260));
#5260 = SURFACE_STYLE_USAGE(.BOTH.,#5261);
#5261 = SURFACE_SIDE_STYLE('',(#5262));
#5262 = SURFACE_STYLE_FILL_AREA(#5263);
#5263 = FILL_AREA_STYLE('',(#5264));
#5264 = FILL_AREA_STYLE_COLOUR('',#5116);
#5265 = STYLED_ITEM('color',(#5266),#4266);
#5266 = PRESENTATION_STYLE_ASSIGNMENT((#5267));
#5267 = SURFACE_STYLE_USAGE(.BOTH.,#5268);
#5268 = SURFACE_SIDE_STYLE('',(#5269));
#5269 = SURFACE_STYLE_FILL_AREA(#5270);
#5270 = FILL_AREA_STYLE('',(#5271));
#5271 = FILL_AREA_STYLE_COLOUR('',#5116);
#5272 = STYLED_ITEM('color',(#5273),#4290);
#5273 = PRESENTATION_STYLE_ASSIGNMENT((#5274));
#5274 = SURFACE_STYLE_USAGE(.BOTH.,#5275);
#5275 = SURFACE_SIDE_STYLE('',(#5276));
#5276 = SURFACE_STYLE_FILL_AREA(#5277);
#5277 = FILL_AREA_STYLE('',(#5278));
#5278 = FILL_AREA_STYLE_COLOUR('',#5116);
#5279 = STYLED_ITEM('color',(#5280),#4314);
#5280 = PRESENTATION_STYLE_ASSIGNMENT((#5281));
#5281 = SURFACE_STYLE_USAGE(.BOTH.,#5282);
#5282 = SURFACE_SIDE_STYLE('',(#5283));
#5283 = SURFACE_STYLE_FILL_AREA(#5284);
#5284 = FILL_AREA_STYLE('',(#5285));
#5285 = FILL_AREA_STYLE_COLOUR('',#5116);
#5286 = STYLED_ITEM('color',(#5287),#4339);
#5287 = PRESENTATION_STYLE_ASSIGNMENT((#5288));
#5288 = SURFACE_STYLE_USAGE(.BOTH.,#5289);
#5289 = SURFACE_SIDE_STYLE('',(#5290));
#5290 = SURFACE_STYLE_FILL_AREA(#5291);
#5291 = FILL_AREA_STYLE('',(#5292));
#5292 = FILL_AREA_STYLE_COLOUR('',#5116);
#5293 = STYLED_ITEM('color',(#5294),#4364);
#5294 = PRESENTATION_STYLE_ASSIGNMENT((#5295));
#5295 = SURFACE_STYLE_USAGE(.BOTH.,#5296);
#5296 = SURFACE_SIDE_STYLE('',(#5297));
#5297 = SURFACE_STYLE_FILL_AREA(#5298);
#5298 = FILL_AREA_STYLE('',(#5299));
#5299 = FILL_AREA_STYLE_COLOUR('',#5116);
#5300 = STYLED_ITEM('color',(#5301),#4381);
#5301 = PRESENTATION_STYLE_ASSIGNMENT((#5302));
#5302 = SURFACE_STYLE_USAGE(.BOTH.,#5303);
#5303 = SURFACE_SIDE_STYLE('',(#5304));
#5304 = SURFACE_STYLE_FILL_AREA(#5305);
#5305 = FILL_AREA_STYLE('',(#5306));
#5306 = FILL_AREA_STYLE_COLOUR('',#5116);
#5307 = MECHANICAL_DESIGN_GEOMETRIC_PRESENTATION_REPRESENTATION('',(
    #5308,#5315,#5322,#5329,#5336,#5343,#5350,#5357,#5364,#5371,#5378,
    #5385,#5392,#5399,#5406,#5413,#5420,#5427,#5434,#5441,#5448,#5455,
    #5462,#5469,#5476,#5483,#5490,#5497),#2621);
#5308 = STYLED_ITEM('color',(#5309),#1769);
#5309 = PRESENTATION_STYLE_ASSIGNMENT((#5310));
#5310 = SURFACE_STYLE_USAGE(.BOTH.,#5311);
#5311 = SURFACE_SIDE_STYLE('',(#5312));
#5312 = SURFACE_STYLE_FILL_AREA(#5313);
#5313 = FILL_AREA_STYLE('',(#5314));
#5314 = FILL_AREA_STYLE_COLOUR('',#5116);
#5315 = STYLED_ITEM('color',(#5316),#1845);
#5316 = PRESENTATION_STYLE_ASSIGNMENT((#5317));
#5317 = SURFACE_STYLE_USAGE(.BOTH.,#5318);
#5318 = SURFACE_SIDE_STYLE('',(#5319));
#5319 = SURFACE_STYLE_FILL_AREA(#5320);
#5320 = FILL_AREA_STYLE('',(#5321));
#5321 = FILL_AREA_STYLE_COLOUR('',#5116);
#5322 = STYLED_ITEM('color',(#5323),#1876);
#5323 = PRESENTATION_STYLE_ASSIGNMENT((#5324));
#5324 = SURFACE_STYLE_USAGE(.BOTH.,#5325);
#5325 = SURFACE_SIDE_STYLE('',(#5326));
#5326 = SURFACE_STYLE_FILL_AREA(#5327);
#5327 = FILL_AREA_STYLE('',(#5328));
#5328 = FILL_AREA_STYLE_COLOUR('',#5116);
#5329 = STYLED_ITEM('color',(#5330),#1901);
#5330 = PRESENTATION_STYLE_ASSIGNMENT((#5331));
#5331 = SURFACE_STYLE_USAGE(.BOTH.,#5332);
#5332 = SURFACE_SIDE_STYLE('',(#5333));
#5333 = SURFACE_STYLE_FILL_AREA(#5334);
#5334 = FILL_AREA_STYLE('',(#5335));
#5335 = FILL_AREA_STYLE_COLOUR('',#5116);
#5336 = STYLED_ITEM('color',(#5337),#1926);
#5337 = PRESENTATION_STYLE_ASSIGNMENT((#5338));
#5338 = SURFACE_STYLE_USAGE(.BOTH.,#5339);
#5339 = SURFACE_SIDE_STYLE('',(#5340));
#5340 = SURFACE_STYLE_FILL_AREA(#5341);
#5341 = FILL_AREA_STYLE('',(#5342));
#5342 = FILL_AREA_STYLE_COLOUR('',#5116);
#5343 = STYLED_ITEM('color',(#5344),#1950);
#5344 = PRESENTATION_STYLE_ASSIGNMENT((#5345));
#5345 = SURFACE_STYLE_USAGE(.BOTH.,#5346);
#5346 = SURFACE_SIDE_STYLE('',(#5347));
#5347 = SURFACE_STYLE_FILL_AREA(#5348);
#5348 = FILL_AREA_STYLE('',(#5349));
#5349 = FILL_AREA_STYLE_COLOUR('',#5116);
#5350 = STYLED_ITEM('color',(#5351),#1974);
#5351 = PRESENTATION_STYLE_ASSIGNMENT((#5352));
#5352 = SURFACE_STYLE_USAGE(.BOTH.,#5353);
#5353 = SURFACE_SIDE_STYLE('',(#5354));
#5354 = SURFACE_STYLE_FILL_AREA(#5355);
#5355 = FILL_AREA_STYLE('',(#5356));
#5356 = FILL_AREA_STYLE_COLOUR('',#5116);
#5357 = STYLED_ITEM('color',(#5358),#1999);
#5358 = PRESENTATION_STYLE_ASSIGNMENT((#5359));
#5359 = SURFACE_STYLE_USAGE(.BOTH.,#5360);
#5360 = SURFACE_SIDE_STYLE('',(#5361));
#5361 = SURFACE_STYLE_FILL_AREA(#5362);
#5362 = FILL_AREA_STYLE('',(#5363));
#5363 = FILL_AREA_STYLE_COLOUR('',#5116);
#5364 = STYLED_ITEM('color',(#5365),#2024);
#5365 = PRESENTATION_STYLE_ASSIGNMENT((#5366));
#5366 = SURFACE_STYLE_USAGE(.BOTH.,#5367);
#5367 = SURFACE_SIDE_STYLE('',(#5368));
#5368 = SURFACE_STYLE_FILL_AREA(#5369);
#5369 = FILL_AREA_STYLE('',(#5370));
#5370 = FILL_AREA_STYLE_COLOUR('',#5116);
#5371 = STYLED_ITEM('color',(#5372),#2041);
#5372 = PRESENTATION_STYLE_ASSIGNMENT((#5373));
#5373 = SURFACE_STYLE_USAGE(.BOTH.,#5374);
#5374 = SURFACE_SIDE_STYLE('',(#5375));
#5375 = SURFACE_STYLE_FILL_AREA(#5376);
#5376 = FILL_AREA_STYLE('',(#5377));
#5377 = FILL_AREA_STYLE_COLOUR('',#5116);
#5378 = STYLED_ITEM('color',(#5379),#2127);
#5379 = PRESENTATION_STYLE_ASSIGNMENT((#5380));
#5380 = SURFACE_STYLE_USAGE(.BOTH.,#5381);
#5381 = SURFACE_SIDE_STYLE('',(#5382));
#5382 = SURFACE_STYLE_FILL_AREA(#5383);
#5383 = FILL_AREA_STYLE('',(#5384));
#5384 = FILL_AREA_STYLE_COLOUR('',#5187);
#5385 = STYLED_ITEM('color',(#5386),#2159);
#5386 = PRESENTATION_STYLE_ASSIGNMENT((#5387));
#5387 = SURFACE_STYLE_USAGE(.BOTH.,#5388);
#5388 = SURFACE_SIDE_STYLE('',(#5389));
#5389 = SURFACE_STYLE_FILL_AREA(#5390);
#5390 = FILL_AREA_STYLE('',(#5391));
#5391 = FILL_AREA_STYLE_COLOUR('',#5187);
#5392 = STYLED_ITEM('color',(#5393),#2183);
#5393 = PRESENTATION_STYLE_ASSIGNMENT((#5394));
#5394 = SURFACE_STYLE_USAGE(.BOTH.,#5395);
#5395 = SURFACE_SIDE_STYLE('',(#5396));
#5396 = SURFACE_STYLE_FILL_AREA(#5397);
#5397 = FILL_AREA_STYLE('',(#5398));
#5398 = FILL_AREA_STYLE_COLOUR('',#5187);
#5399 = STYLED_ITEM('color',(#5400),#2208);
#5400 = PRESENTATION_STYLE_ASSIGNMENT((#5401));
#5401 = SURFACE_STYLE_USAGE(.BOTH.,#5402);
#5402 = SURFACE_SIDE_STYLE('',(#5403));
#5403 = SURFACE_STYLE_FILL_AREA(#5404);
#5404 = FILL_AREA_STYLE('',(#5405));
#5405 = FILL_AREA_STYLE_COLOUR('',#5187);
#5406 = STYLED_ITEM('color',(#5407),#2232);
#5407 = PRESENTATION_STYLE_ASSIGNMENT((#5408));
#5408 = SURFACE_STYLE_USAGE(.BOTH.,#5409);
#5409 = SURFACE_SIDE_STYLE('',(#5410));
#5410 = SURFACE_STYLE_FILL_AREA(#5411);
#5411 = FILL_AREA_STYLE('',(#5412));
#5412 = FILL_AREA_STYLE_COLOUR('',#5187);
#5413 = STYLED_ITEM('color',(#5414),#2257);
#5414 = PRESENTATION_STYLE_ASSIGNMENT((#5415));
#5415 = SURFACE_STYLE_USAGE(.BOTH.,#5416);
#5416 = SURFACE_SIDE_STYLE('',(#5417));
#5417 = SURFACE_STYLE_FILL_AREA(#5418);
#5418 = FILL_AREA_STYLE('',(#5419));
#5419 = FILL_AREA_STYLE_COLOUR('',#5187);
#5420 = STYLED_ITEM('color',(#5421),#2281);
#5421 = PRESENTATION_STYLE_ASSIGNMENT((#5422));
#5422 = SURFACE_STYLE_USAGE(.BOTH.,#5423);
#5423 = SURFACE_SIDE_STYLE('',(#5424));
#5424 = SURFACE_STYLE_FILL_AREA(#5425);
#5425 = FILL_AREA_STYLE('',(#5426));
#5426 = FILL_AREA_STYLE_COLOUR('',#5187);
#5427 = STYLED_ITEM('color',(#5428),#2306);
#5428 = PRESENTATION_STYLE_ASSIGNMENT((#5429));
#5429 = SURFACE_STYLE_USAGE(.BOTH.,#5430);
#5430 = SURFACE_SIDE_STYLE('',(#5431));
#5431 = SURFACE_STYLE_FILL_AREA(#5432);
#5432 = FILL_AREA_STYLE('',(#5433));
#5433 = FILL_AREA_STYLE_COLOUR('',#5187);
#5434 = STYLED_ITEM('color',(#5435),#2323);
#5435 = PRESENTATION_STYLE_ASSIGNMENT((#5436));
#5436 = SURFACE_STYLE_USAGE(.BOTH.,#5437);
#5437 = SURFACE_SIDE_STYLE('',(#5438));
#5438 = SURFACE_STYLE_FILL_AREA(#5439);
#5439 = FILL_AREA_STYLE('',(#5440));
#5440 = FILL_AREA_STYLE_COLOUR('',#5116);
#5441 = STYLED_ITEM('color',(#5442),#2409);
#5442 = PRESENTATION_STYLE_ASSIGNMENT((#5443));
#5443 = SURFACE_STYLE_USAGE(.BOTH.,#5444);
#5444 = SURFACE_SIDE_STYLE('',(#5445));
#5445 = SURFACE_STYLE_FILL_AREA(#5446);
#5446 = FILL_AREA_STYLE('',(#5447));
#5447 = FILL_AREA_STYLE_COLOUR('',#5116);
#5448 = STYLED_ITEM('color',(#5449),#2440);
#5449 = PRESENTATION_STYLE_ASSIGNMENT((#5450));
#5450 = SURFACE_STYLE_USAGE(.BOTH.,#5451);
#5451 = SURFACE_SIDE_STYLE('',(#5452));
#5452 = SURFACE_STYLE_FILL_AREA(#5453);
#5453 = FILL_AREA_STYLE('',(#5454));
#5454 = FILL_AREA_STYLE_COLOUR('',#5116);
#5455 = STYLED_ITEM('color',(#5456),#2465);
#5456 = PRESENTATION_STYLE_ASSIGNMENT((#5457));
#5457 = SURFACE_STYLE_USAGE(.BOTH.,#5458);
#5458 = SURFACE_SIDE_STYLE('',(#5459));
#5459 = SURFACE_STYLE_FILL_AREA(#5460);
#5460 = FILL_AREA_STYLE('',(#5461));
#5461 = FILL_AREA_STYLE_COLOUR('',#5116);
#5462 = STYLED_ITEM('color',(#5463),#2490);
#5463 = PRESENTATION_STYLE_ASSIGNMENT((#5464));
#5464 = SURFACE_STYLE_USAGE(.BOTH.,#5465);
#5465 = SURFACE_SIDE_STYLE('',(#5466));
#5466 = SURFACE_STYLE_FILL_AREA(#5467);
#5467 = FILL_AREA_STYLE('',(#5468));
#5468 = FILL_AREA_STYLE_COLOUR('',#5116);
#5469 = STYLED_ITEM('color',(#5470),#2514);
#5470 = PRESENTATION_STYLE_ASSIGNMENT((#5471));
#5471 = SURFACE_STYLE_USAGE(.BOTH.,#5472);
#5472 = SURFACE_SIDE_STYLE('',(#5473));
#5473 = SURFACE_STYLE_FILL_AREA(#5474);
#5474 = FILL_AREA_STYLE('',(#5475));
#5475 = FILL_AREA_STYLE_COLOUR('',#5116);
#5476 = STYLED_ITEM('color',(#5477),#2538);
#5477 = PRESENTATION_STYLE_ASSIGNMENT((#5478));
#5478 = SURFACE_STYLE_USAGE(.BOTH.,#5479);
#5479 = SURFACE_SIDE_STYLE('',(#5480));
#5480 = SURFACE_STYLE_FILL_AREA(#5481);
#5481 = FILL_AREA_STYLE('',(#5482));
#5482 = FILL_AREA_STYLE_COLOUR('',#5116);
#5483 = STYLED_ITEM('color',(#5484),#2563);
#5484 = PRESENTATION_STYLE_ASSIGNMENT((#5485));
#5485 = SURFACE_STYLE_USAGE(.BOTH.,#5486);
#5486 = SURFACE_SIDE_STYLE('',(#5487));
#5487 = SURFACE_STYLE_FILL_AREA(#5488);
#5488 = FILL_AREA_STYLE('',(#5489));
#5489 = FILL_AREA_STYLE_COLOUR('',#5116);
#5490 = STYLED_ITEM('color',(#5491),#2588);
#5491 = PRESENTATION_STYLE_ASSIGNMENT((#5492));
#5492 = SURFACE_STYLE_USAGE(.BOTH.,#5493);
#5493 = SURFACE_SIDE_STYLE('',(#5494));
#5494 = SURFACE_STYLE_FILL_AREA(#5495);
#5495 = FILL_AREA_STYLE('',(#5496));
#5496 = FILL_AREA_STYLE_COLOUR('',#5116);
#5497 = STYLED_ITEM('color',(#5498),#2605);
#5498 = PRESENTATION_STYLE_ASSIGNMENT((#5499));
#5499 = SURFACE_STYLE_USAGE(.BOTH.,#5500);
#5500 = SURFACE_SIDE_STYLE('',(#5501));
#5501 = SURFACE_STYLE_FILL_AREA(#5502);
#5502 = FILL_AREA_STYLE('',(#5503));
#5503 = FILL_AREA_STYLE_COLOUR('',#5116);
#5504 = MECHANICAL_DESIGN_GEOMETRIC_PRESENTATION_REPRESENTATION('',(
    #5505,#5512,#5519,#5526,#5533,#5540,#5547,#5554,#5562,#5569,#5576,
    #5583,#5590,#5597,#5605,#5612,#5619,#5626,#5633,#5640,#5647,#5654,
    #5661,#5668,#5675,#5682),#875);
#5505 = STYLED_ITEM('color',(#5506),#87);
#5506 = PRESENTATION_STYLE_ASSIGNMENT((#5507));
#5507 = SURFACE_STYLE_USAGE(.BOTH.,#5508);
#5508 = SURFACE_SIDE_STYLE('',(#5509));
#5509 = SURFACE_STYLE_FILL_AREA(#5510);
#5510 = FILL_AREA_STYLE('',(#5511));
#5511 = FILL_AREA_STYLE_COLOUR('',#5116);
#5512 = STYLED_ITEM('color',(#5513),#127);
#5513 = PRESENTATION_STYLE_ASSIGNMENT((#5514));
#5514 = SURFACE_STYLE_USAGE(.BOTH.,#5515);
#5515 = SURFACE_SIDE_STYLE('',(#5516));
#5516 = SURFACE_STYLE_FILL_AREA(#5517);
#5517 = FILL_AREA_STYLE('',(#5518));
#5518 = FILL_AREA_STYLE_COLOUR('',#5116);
#5519 = STYLED_ITEM('color',(#5520),#210);
#5520 = PRESENTATION_STYLE_ASSIGNMENT((#5521));
#5521 = SURFACE_STYLE_USAGE(.BOTH.,#5522);
#5522 = SURFACE_SIDE_STYLE('',(#5523));
#5523 = SURFACE_STYLE_FILL_AREA(#5524);
#5524 = FILL_AREA_STYLE('',(#5525));
#5525 = FILL_AREA_STYLE_COLOUR('',#5116);
#5526 = STYLED_ITEM('color',(#5527),#235);
#5527 = PRESENTATION_STYLE_ASSIGNMENT((#5528));
#5528 = SURFACE_STYLE_USAGE(.BOTH.,#5529);
#5529 = SURFACE_SIDE_STYLE('',(#5530));
#5530 = SURFACE_STYLE_FILL_AREA(#5531);
#5531 = FILL_AREA_STYLE('',(#5532));
#5532 = FILL_AREA_STYLE_COLOUR('',#5116);
#5533 = STYLED_ITEM('color',(#5534),#260);
#5534 = PRESENTATION_STYLE_ASSIGNMENT((#5535));
#5535 = SURFACE_STYLE_USAGE(.BOTH.,#5536);
#5536 = SURFACE_SIDE_STYLE('',(#5537));
#5537 = SURFACE_STYLE_FILL_AREA(#5538);
#5538 = FILL_AREA_STYLE('',(#5539));
#5539 = FILL_AREA_STYLE_COLOUR('',#5116);
#5540 = STYLED_ITEM('color',(#5541),#327);
#5541 = PRESENTATION_STYLE_ASSIGNMENT((#5542));
#5542 = SURFACE_STYLE_USAGE(.BOTH.,#5543);
#5543 = SURFACE_SIDE_STYLE('',(#5544));
#5544 = SURFACE_STYLE_FILL_AREA(#5545);
#5545 = FILL_AREA_STYLE('',(#5546));
#5546 = FILL_AREA_STYLE_COLOUR('',#5116);
#5547 = STYLED_ITEM('color',(#5548),#344);
#5548 = PRESENTATION_STYLE_ASSIGNMENT((#5549));
#5549 = SURFACE_STYLE_USAGE(.BOTH.,#5550);
#5550 = SURFACE_SIDE_STYLE('',(#5551));
#5551 = SURFACE_STYLE_FILL_AREA(#5552);
#5552 = FILL_AREA_STYLE('',(#5553));
#5553 = FILL_AREA_STYLE_COLOUR('',#5116);
#5554 = STYLED_ITEM('color',(#5555),#361);
#5555 = PRESENTATION_STYLE_ASSIGNMENT((#5556));
#5556 = SURFACE_STYLE_USAGE(.BOTH.,#5557);
#5557 = SURFACE_SIDE_STYLE('',(#5558));
#5558 = SURFACE_STYLE_FILL_AREA(#5559);
#5559 = FILL_AREA_STYLE('',(#5560));
#5560 = FILL_AREA_STYLE_COLOUR('',#5561);
#5561 = COLOUR_RGB('',0.894999966383,0.890999961016,0.813000030345);
#5562 = STYLED_ITEM('color',(#5563),#410);
#5563 = PRESENTATION_STYLE_ASSIGNMENT((#5564));
#5564 = SURFACE_STYLE_USAGE(.BOTH.,#5565);
#5565 = SURFACE_SIDE_STYLE('',(#5566));
#5566 = SURFACE_STYLE_FILL_AREA(#5567);
#5567 = FILL_AREA_STYLE('',(#5568));
#5568 = FILL_AREA_STYLE_COLOUR('',#5116);
#5569 = STYLED_ITEM('color',(#5570),#427);
#5570 = PRESENTATION_STYLE_ASSIGNMENT((#5571));
#5571 = SURFACE_STYLE_USAGE(.BOTH.,#5572);
#5572 = SURFACE_SIDE_STYLE('',(#5573));
#5573 = SURFACE_STYLE_FILL_AREA(#5574);
#5574 = FILL_AREA_STYLE('',(#5575));
#5575 = FILL_AREA_STYLE_COLOUR('',#5116);
#5576 = STYLED_ITEM('color',(#5577),#444);
#5577 = PRESENTATION_STYLE_ASSIGNMENT((#5578));
#5578 = SURFACE_STYLE_USAGE(.BOTH.,#5579);
#5579 = SURFACE_SIDE_STYLE('',(#5580));
#5580 = SURFACE_STYLE_FILL_AREA(#5581);
#5581 = FILL_AREA_STYLE('',(#5582));
#5582 = FILL_AREA_STYLE_COLOUR('',#5561);
#5583 = STYLED_ITEM('color',(#5584),#493);
#5584 = PRESENTATION_STYLE_ASSIGNMENT((#5585));
#5585 = SURFACE_STYLE_USAGE(.BOTH.,#5586);
#5586 = SURFACE_SIDE_STYLE('',(#5587));
#5587 = SURFACE_STYLE_FILL_AREA(#5588);
#5588 = FILL_AREA_STYLE('',(#5589));
#5589 = FILL_AREA_STYLE_COLOUR('',#5561);
#5590 = STYLED_ITEM('color',(#5591),#510);
#5591 = PRESENTATION_STYLE_ASSIGNMENT((#5592));
#5592 = SURFACE_STYLE_USAGE(.BOTH.,#5593);
#5593 = SURFACE_SIDE_STYLE('',(#5594));
#5594 = SURFACE_STYLE_FILL_AREA(#5595);
#5595 = FILL_AREA_STYLE('',(#5596));
#5596 = FILL_AREA_STYLE_COLOUR('',#5116);
#5597 = STYLED_ITEM('color',(#5598),#579);
#5598 = PRESENTATION_STYLE_ASSIGNMENT((#5599));
#5599 = SURFACE_STYLE_USAGE(.BOTH.,#5600);
#5600 = SURFACE_SIDE_STYLE('',(#5601));
#5601 = SURFACE_STYLE_FILL_AREA(#5602);
#5602 = FILL_AREA_STYLE('',(#5603));
#5603 = FILL_AREA_STYLE_COLOUR('',#5604);
#5604 = COLOUR_RGB('',8.200000279077E-02,8.600000121357E-02,
  9.399999706163E-02);
#5605 = STYLED_ITEM('color',(#5606),#610);
#5606 = PRESENTATION_STYLE_ASSIGNMENT((#5607));
#5607 = SURFACE_STYLE_USAGE(.BOTH.,#5608);
#5608 = SURFACE_SIDE_STYLE('',(#5609));
#5609 = SURFACE_STYLE_FILL_AREA(#5610);
#5610 = FILL_AREA_STYLE('',(#5611));
#5611 = FILL_AREA_STYLE_COLOUR('',#5604);
#5612 = STYLED_ITEM('color',(#5613),#634);
#5613 = PRESENTATION_STYLE_ASSIGNMENT((#5614));
#5614 = SURFACE_STYLE_USAGE(.BOTH.,#5615);
#5615 = SURFACE_SIDE_STYLE('',(#5616));
#5616 = SURFACE_STYLE_FILL_AREA(#5617);
#5617 = FILL_AREA_STYLE('',(#5618));
#5618 = FILL_AREA_STYLE_COLOUR('',#5116);
#5619 = STYLED_ITEM('color',(#5620),#703);
#5620 = PRESENTATION_STYLE_ASSIGNMENT((#5621));
#5621 = SURFACE_STYLE_USAGE(.BOTH.,#5622);
#5622 = SURFACE_SIDE_STYLE('',(#5623));
#5623 = SURFACE_STYLE_FILL_AREA(#5624);
#5624 = FILL_AREA_STYLE('',(#5625));
#5625 = FILL_AREA_STYLE_COLOUR('',#5604);
#5626 = STYLED_ITEM('color',(#5627),#727);
#5627 = PRESENTATION_STYLE_ASSIGNMENT((#5628));
#5628 = SURFACE_STYLE_USAGE(.BOTH.,#5629);
#5629 = SURFACE_SIDE_STYLE('',(#5630));
#5630 = SURFACE_STYLE_FILL_AREA(#5631);
#5631 = FILL_AREA_STYLE('',(#5632));
#5632 = FILL_AREA_STYLE_COLOUR('',#5116);
#5633 = STYLED_ITEM('color',(#5634),#744);
#5634 = PRESENTATION_STYLE_ASSIGNMENT((#5635));
#5635 = SURFACE_STYLE_USAGE(.BOTH.,#5636);
#5636 = SURFACE_SIDE_STYLE('',(#5637));
#5637 = SURFACE_STYLE_FILL_AREA(#5638);
#5638 = FILL_AREA_STYLE('',(#5639));
#5639 = FILL_AREA_STYLE_COLOUR('',#5116);
#5640 = STYLED_ITEM('color',(#5641),#761);
#5641 = PRESENTATION_STYLE_ASSIGNMENT((#5642));
#5642 = SURFACE_STYLE_USAGE(.BOTH.,#5643);
#5643 = SURFACE_SIDE_STYLE('',(#5644));
#5644 = SURFACE_STYLE_FILL_AREA(#5645);
#5645 = FILL_AREA_STYLE('',(#5646));
#5646 = FILL_AREA_STYLE_COLOUR('',#5116);
#5647 = STYLED_ITEM('color',(#5648),#778);
#5648 = PRESENTATION_STYLE_ASSIGNMENT((#5649));
#5649 = SURFACE_STYLE_USAGE(.BOTH.,#5650);
#5650 = SURFACE_SIDE_STYLE('',(#5651));
#5651 = SURFACE_STYLE_FILL_AREA(#5652);
#5652 = FILL_AREA_STYLE('',(#5653));
#5653 = FILL_AREA_STYLE_COLOUR('',#5116);
#5654 = STYLED_ITEM('color',(#5655),#795);
#5655 = PRESENTATION_STYLE_ASSIGNMENT((#5656));
#5656 = SURFACE_STYLE_USAGE(.BOTH.,#5657);
#5657 = SURFACE_SIDE_STYLE('',(#5658));
#5658 = SURFACE_STYLE_FILL_AREA(#5659);
#5659 = FILL_AREA_STYLE('',(#5660));
#5660 = FILL_AREA_STYLE_COLOUR('',#5116);
#5661 = STYLED_ITEM('color',(#5662),#812);
#5662 = PRESENTATION_STYLE_ASSIGNMENT((#5663));
#5663 = SURFACE_STYLE_USAGE(.BOTH.,#5664);
#5664 = SURFACE_SIDE_STYLE('',(#5665));
#5665 = SURFACE_STYLE_FILL_AREA(#5666);
#5666 = FILL_AREA_STYLE('',(#5667));
#5667 = FILL_AREA_STYLE_COLOUR('',#5116);
#5668 = STYLED_ITEM('color',(#5669),#829);
#5669 = PRESENTATION_STYLE_ASSIGNMENT((#5670));
#5670 = SURFACE_STYLE_USAGE(.BOTH.,#5671);
#5671 = SURFACE_SIDE_STYLE('',(#5672));
#5672 = SURFACE_STYLE_FILL_AREA(#5673);
#5673 = FILL_AREA_STYLE('',(#5674));
#5674 = FILL_AREA_STYLE_COLOUR('',#5116);
#5675 = STYLED_ITEM('color',(#5676),#846);
#5676 = PRESENTATION_STYLE_ASSIGNMENT((#5677));
#5677 = SURFACE_STYLE_USAGE(.BOTH.,#5678);
#5678 = SURFACE_SIDE_STYLE('',(#5679));
#5679 = SURFACE_STYLE_FILL_AREA(#5680);
#5680 = FILL_AREA_STYLE('',(#5681));
#5681 = FILL_AREA_STYLE_COLOUR('',#5604);
#5682 = STYLED_ITEM('color',(#5683),#863);
#5683 = PRESENTATION_STYLE_ASSIGNMENT((#5684));
#5684 = SURFACE_STYLE_USAGE(.BOTH.,#5685);
#5685 = SURFACE_SIDE_STYLE('',(#5686));
#5686 = SURFACE_STYLE_FILL_AREA(#5687);
#5687 = FILL_AREA_STYLE('',(#5688));
#5688 = FILL_AREA_STYLE_COLOUR('',#5604);
#5689 = MECHANICAL_DESIGN_GEOMETRIC_PRESENTATION_REPRESENTATION('',(
    #5690,#5697,#5704,#5711,#5718,#5725,#5732,#5739,#5746,#5753,#5760,
    #5767,#5774,#5781,#5788,#5795,#5802,#5809,#5816,#5823,#5830,#5837,
    #5844,#5851,#5858,#5865,#5872,#5879),#3504);
#5690 = STYLED_ITEM('color',(#5691),#2652);
#5691 = PRESENTATION_STYLE_ASSIGNMENT((#5692));
#5692 = SURFACE_STYLE_USAGE(.BOTH.,#5693);
#5693 = SURFACE_SIDE_STYLE('',(#5694));
#5694 = SURFACE_STYLE_FILL_AREA(#5695);
#5695 = FILL_AREA_STYLE('',(#5696));
#5696 = FILL_AREA_STYLE_COLOUR('',#5116);
#5697 = STYLED_ITEM('color',(#5698),#2728);
#5698 = PRESENTATION_STYLE_ASSIGNMENT((#5699));
#5699 = SURFACE_STYLE_USAGE(.BOTH.,#5700);
#5700 = SURFACE_SIDE_STYLE('',(#5701));
#5701 = SURFACE_STYLE_FILL_AREA(#5702);
#5702 = FILL_AREA_STYLE('',(#5703));
#5703 = FILL_AREA_STYLE_COLOUR('',#5116);
#5704 = STYLED_ITEM('color',(#5705),#2759);
#5705 = PRESENTATION_STYLE_ASSIGNMENT((#5706));
#5706 = SURFACE_STYLE_USAGE(.BOTH.,#5707);
#5707 = SURFACE_SIDE_STYLE('',(#5708));
#5708 = SURFACE_STYLE_FILL_AREA(#5709);
#5709 = FILL_AREA_STYLE('',(#5710));
#5710 = FILL_AREA_STYLE_COLOUR('',#5116);
#5711 = STYLED_ITEM('color',(#5712),#2784);
#5712 = PRESENTATION_STYLE_ASSIGNMENT((#5713));
#5713 = SURFACE_STYLE_USAGE(.BOTH.,#5714);
#5714 = SURFACE_SIDE_STYLE('',(#5715));
#5715 = SURFACE_STYLE_FILL_AREA(#5716);
#5716 = FILL_AREA_STYLE('',(#5717));
#5717 = FILL_AREA_STYLE_COLOUR('',#5116);
#5718 = STYLED_ITEM('color',(#5719),#2809);
#5719 = PRESENTATION_STYLE_ASSIGNMENT((#5720));
#5720 = SURFACE_STYLE_USAGE(.BOTH.,#5721);
#5721 = SURFACE_SIDE_STYLE('',(#5722));
#5722 = SURFACE_STYLE_FILL_AREA(#5723);
#5723 = FILL_AREA_STYLE('',(#5724));
#5724 = FILL_AREA_STYLE_COLOUR('',#5116);
#5725 = STYLED_ITEM('color',(#5726),#2833);
#5726 = PRESENTATION_STYLE_ASSIGNMENT((#5727));
#5727 = SURFACE_STYLE_USAGE(.BOTH.,#5728);
#5728 = SURFACE_SIDE_STYLE('',(#5729));
#5729 = SURFACE_STYLE_FILL_AREA(#5730);
#5730 = FILL_AREA_STYLE('',(#5731));
#5731 = FILL_AREA_STYLE_COLOUR('',#5116);
#5732 = STYLED_ITEM('color',(#5733),#2857);
#5733 = PRESENTATION_STYLE_ASSIGNMENT((#5734));
#5734 = SURFACE_STYLE_USAGE(.BOTH.,#5735);
#5735 = SURFACE_SIDE_STYLE('',(#5736));
#5736 = SURFACE_STYLE_FILL_AREA(#5737);
#5737 = FILL_AREA_STYLE('',(#5738));
#5738 = FILL_AREA_STYLE_COLOUR('',#5116);
#5739 = STYLED_ITEM('color',(#5740),#2882);
#5740 = PRESENTATION_STYLE_ASSIGNMENT((#5741));
#5741 = SURFACE_STYLE_USAGE(.BOTH.,#5742);
#5742 = SURFACE_SIDE_STYLE('',(#5743));
#5743 = SURFACE_STYLE_FILL_AREA(#5744);
#5744 = FILL_AREA_STYLE('',(#5745));
#5745 = FILL_AREA_STYLE_COLOUR('',#5116);
#5746 = STYLED_ITEM('color',(#5747),#2907);
#5747 = PRESENTATION_STYLE_ASSIGNMENT((#5748));
#5748 = SURFACE_STYLE_USAGE(.BOTH.,#5749);
#5749 = SURFACE_SIDE_STYLE('',(#5750));
#5750 = SURFACE_STYLE_FILL_AREA(#5751);
#5751 = FILL_AREA_STYLE('',(#5752));
#5752 = FILL_AREA_STYLE_COLOUR('',#5116);
#5753 = STYLED_ITEM('color',(#5754),#2924);
#5754 = PRESENTATION_STYLE_ASSIGNMENT((#5755));
#5755 = SURFACE_STYLE_USAGE(.BOTH.,#5756);
#5756 = SURFACE_SIDE_STYLE('',(#5757));
#5757 = SURFACE_STYLE_FILL_AREA(#5758);
#5758 = FILL_AREA_STYLE('',(#5759));
#5759 = FILL_AREA_STYLE_COLOUR('',#5116);
#5760 = STYLED_ITEM('color',(#5761),#3010);
#5761 = PRESENTATION_STYLE_ASSIGNMENT((#5762));
#5762 = SURFACE_STYLE_USAGE(.BOTH.,#5763);
#5763 = SURFACE_SIDE_STYLE('',(#5764));
#5764 = SURFACE_STYLE_FILL_AREA(#5765);
#5765 = FILL_AREA_STYLE('',(#5766));
#5766 = FILL_AREA_STYLE_COLOUR('',#5187);
#5767 = STYLED_ITEM('color',(#5768),#3042);
#5768 = PRESENTATION_STYLE_ASSIGNMENT((#5769));
#5769 = SURFACE_STYLE_USAGE(.BOTH.,#5770);
#5770 = SURFACE_SIDE_STYLE('',(#5771));
#5771 = SURFACE_STYLE_FILL_AREA(#5772);
#5772 = FILL_AREA_STYLE('',(#5773));
#5773 = FILL_AREA_STYLE_COLOUR('',#5187);
#5774 = STYLED_ITEM('color',(#5775),#3066);
#5775 = PRESENTATION_STYLE_ASSIGNMENT((#5776));
#5776 = SURFACE_STYLE_USAGE(.BOTH.,#5777);
#5777 = SURFACE_SIDE_STYLE('',(#5778));
#5778 = SURFACE_STYLE_FILL_AREA(#5779);
#5779 = FILL_AREA_STYLE('',(#5780));
#5780 = FILL_AREA_STYLE_COLOUR('',#5187);
#5781 = STYLED_ITEM('color',(#5782),#3091);
#5782 = PRESENTATION_STYLE_ASSIGNMENT((#5783));
#5783 = SURFACE_STYLE_USAGE(.BOTH.,#5784);
#5784 = SURFACE_SIDE_STYLE('',(#5785));
#5785 = SURFACE_STYLE_FILL_AREA(#5786);
#5786 = FILL_AREA_STYLE('',(#5787));
#5787 = FILL_AREA_STYLE_COLOUR('',#5187);
#5788 = STYLED_ITEM('color',(#5789),#3115);
#5789 = PRESENTATION_STYLE_ASSIGNMENT((#5790));
#5790 = SURFACE_STYLE_USAGE(.BOTH.,#5791);
#5791 = SURFACE_SIDE_STYLE('',(#5792));
#5792 = SURFACE_STYLE_FILL_AREA(#5793);
#5793 = FILL_AREA_STYLE('',(#5794));
#5794 = FILL_AREA_STYLE_COLOUR('',#5187);
#5795 = STYLED_ITEM('color',(#5796),#3140);
#5796 = PRESENTATION_STYLE_ASSIGNMENT((#5797));
#5797 = SURFACE_STYLE_USAGE(.BOTH.,#5798);
#5798 = SURFACE_SIDE_STYLE('',(#5799));
#5799 = SURFACE_STYLE_FILL_AREA(#5800);
#5800 = FILL_AREA_STYLE('',(#5801));
#5801 = FILL_AREA_STYLE_COLOUR('',#5187);
#5802 = STYLED_ITEM('color',(#5803),#3164);
#5803 = PRESENTATION_STYLE_ASSIGNMENT((#5804));
#5804 = SURFACE_STYLE_USAGE(.BOTH.,#5805);
#5805 = SURFACE_SIDE_STYLE('',(#5806));
#5806 = SURFACE_STYLE_FILL_AREA(#5807);
#5807 = FILL_AREA_STYLE('',(#5808));
#5808 = FILL_AREA_STYLE_COLOUR('',#5187);
#5809 = STYLED_ITEM('color',(#5810),#3189);
#5810 = PRESENTATION_STYLE_ASSIGNMENT((#5811));
#5811 = SURFACE_STYLE_USAGE(.BOTH.,#5812);
#5812 = SURFACE_SIDE_STYLE('',(#5813));
#5813 = SURFACE_STYLE_FILL_AREA(#5814);
#5814 = FILL_AREA_STYLE('',(#5815));
#5815 = FILL_AREA_STYLE_COLOUR('',#5187);
#5816 = STYLED_ITEM('color',(#5817),#3206);
#5817 = PRESENTATION_STYLE_ASSIGNMENT((#5818));
#5818 = SURFACE_STYLE_USAGE(.BOTH.,#5819);
#5819 = SURFACE_SIDE_STYLE('',(#5820));
#5820 = SURFACE_STYLE_FILL_AREA(#5821);
#5821 = FILL_AREA_STYLE('',(#5822));
#5822 = FILL_AREA_STYLE_COLOUR('',#5116);
#5823 = STYLED_ITEM('color',(#5824),#3292);
#5824 = PRESENTATION_STYLE_ASSIGNMENT((#5825));
#5825 = SURFACE_STYLE_USAGE(.BOTH.,#5826);
#5826 = SURFACE_SIDE_STYLE('',(#5827));
#5827 = SURFACE_STYLE_FILL_AREA(#5828);
#5828 = FILL_AREA_STYLE('',(#5829));
#5829 = FILL_AREA_STYLE_COLOUR('',#5116);
#5830 = STYLED_ITEM('color',(#5831),#3323);
#5831 = PRESENTATION_STYLE_ASSIGNMENT((#5832));
#5832 = SURFACE_STYLE_USAGE(.BOTH.,#5833);
#5833 = SURFACE_SIDE_STYLE('',(#5834));
#5834 = SURFACE_STYLE_FILL_AREA(#5835);
#5835 = FILL_AREA_STYLE('',(#5836));
#5836 = FILL_AREA_STYLE_COLOUR('',#5116);
#5837 = STYLED_ITEM('color',(#5838),#3348);
#5838 = PRESENTATION_STYLE_ASSIGNMENT((#5839));
#5839 = SURFACE_STYLE_USAGE(.BOTH.,#5840);
#5840 = SURFACE_SIDE_STYLE('',(#5841));
#5841 = SURFACE_STYLE_FILL_AREA(#5842);
#5842 = FILL_AREA_STYLE('',(#5843));
#5843 = FILL_AREA_STYLE_COLOUR('',#5116);
#5844 = STYLED_ITEM('color',(#5845),#3373);
#5845 = PRESENTATION_STYLE_ASSIGNMENT((#5846));
#5846 = SURFACE_STYLE_USAGE(.BOTH.,#5847);
#5847 = SURFACE_SIDE_STYLE('',(#5848));
#5848 = SURFACE_STYLE_FILL_AREA(#5849);
#5849 = FILL_AREA_STYLE('',(#5850));
#5850 = FILL_AREA_STYLE_COLOUR('',#5116);
#5851 = STYLED_ITEM('color',(#5852),#3397);
#5852 = PRESENTATION_STYLE_ASSIGNMENT((#5853));
#5853 = SURFACE_STYLE_USAGE(.BOTH.,#5854);
#5854 = SURFACE_SIDE_STYLE('',(#5855));
#5855 = SURFACE_STYLE_FILL_AREA(#5856);
#5856 = FILL_AREA_STYLE('',(#5857));
#5857 = FILL_AREA_STYLE_COLOUR('',#5116);
#5858 = STYLED_ITEM('color',(#5859),#3421);
#5859 = PRESENTATION_STYLE_ASSIGNMENT((#5860));
#5860 = SURFACE_STYLE_USAGE(.BOTH.,#5861);
#5861 = SURFACE_SIDE_STYLE('',(#5862));
#5862 = SURFACE_STYLE_FILL_AREA(#5863);
#5863 = FILL_AREA_STYLE('',(#5864));
#5864 = FILL_AREA_STYLE_COLOUR('',#5116);
#5865 = STYLED_ITEM('color',(#5866),#3446);
#5866 = PRESENTATION_STYLE_ASSIGNMENT((#5867));
#5867 = SURFACE_STYLE_USAGE(.BOTH.,#5868);
#5868 = SURFACE_SIDE_STYLE('',(#5869));
#5869 = SURFACE_STYLE_FILL_AREA(#5870);
#5870 = FILL_AREA_STYLE('',(#5871));
#5871 = FILL_AREA_STYLE_COLOUR('',#5116);
#5872 = STYLED_ITEM('color',(#5873),#3471);
#5873 = PRESENTATION_STYLE_ASSIGNMENT((#5874));
#5874 = SURFACE_STYLE_USAGE(.BOTH.,#5875);
#5875 = SURFACE_SIDE_STYLE('',(#5876));
#5876 = SURFACE_STYLE_FILL_AREA(#5877);
#5877 = FILL_AREA_STYLE('',(#5878));
#5878 = FILL_AREA_STYLE_COLOUR('',#5116);
#5879 = STYLED_ITEM('color',(#5880),#3488);
#5880 = PRESENTATION_STYLE_ASSIGNMENT((#5881));
#5881 = SURFACE_STYLE_USAGE(.BOTH.,#5882);
#5882 = SURFACE_SIDE_STYLE('',(#5883));
#5883 = SURFACE_STYLE_FILL_AREA(#5884);
#5884 = FILL_AREA_STYLE('',(#5885));
#5885 = FILL_AREA_STYLE_COLOUR('',#5116);
#5886 = MECHANICAL_DESIGN_GEOMETRIC_PRESENTATION_REPRESENTATION('',(
    #5887),#5097);
#5887 = STYLED_ITEM('color',(#5888),#4426);
#5888 = PRESENTATION_STYLE_ASSIGNMENT((#5889));
#5889 = SURFACE_STYLE_USAGE(.BOTH.,#5890);
#5890 = SURFACE_SIDE_STYLE('',(#5891));
#5891 = SURFACE_STYLE_FILL_AREA(#5892);
#5892 = FILL_AREA_STYLE('',(#5893));
#5893 = FILL_AREA_STYLE_COLOUR('',#5894);
#5894 = COLOUR_RGB('',0.313304153717,0.484529207832,0.410020903123);
#5895 = MECHANICAL_DESIGN_GEOMETRIC_PRESENTATION_REPRESENTATION('',(
    #5896,#5903,#5910,#5917,#5924,#5931,#5938,#5945,#5952,#5959,#5966,
    #5973,#5980,#5987,#5994,#6001,#6008,#6015,#6022,#6029,#6036,#6043,
    #6050,#6057,#6064,#6071,#6078,#6085),#1748);
#5896 = STYLED_ITEM('color',(#5897),#896);
#5897 = PRESENTATION_STYLE_ASSIGNMENT((#5898));
#5898 = SURFACE_STYLE_USAGE(.BOTH.,#5899);
#5899 = SURFACE_SIDE_STYLE('',(#5900));
#5900 = SURFACE_STYLE_FILL_AREA(#5901);
#5901 = FILL_AREA_STYLE('',(#5902));
#5902 = FILL_AREA_STYLE_COLOUR('',#5116);
#5903 = STYLED_ITEM('color',(#5904),#972);
#5904 = PRESENTATION_STYLE_ASSIGNMENT((#5905));
#5905 = SURFACE_STYLE_USAGE(.BOTH.,#5906);
#5906 = SURFACE_SIDE_STYLE('',(#5907));
#5907 = SURFACE_STYLE_FILL_AREA(#5908);
#5908 = FILL_AREA_STYLE('',(#5909));
#5909 = FILL_AREA_STYLE_COLOUR('',#5116);
#5910 = STYLED_ITEM('color',(#5911),#1003);
#5911 = PRESENTATION_STYLE_ASSIGNMENT((#5912));
#5912 = SURFACE_STYLE_USAGE(.BOTH.,#5913);
#5913 = SURFACE_SIDE_STYLE('',(#5914));
#5914 = SURFACE_STYLE_FILL_AREA(#5915);
#5915 = FILL_AREA_STYLE('',(#5916));
#5916 = FILL_AREA_STYLE_COLOUR('',#5116);
#5917 = STYLED_ITEM('color',(#5918),#1028);
#5918 = PRESENTATION_STYLE_ASSIGNMENT((#5919));
#5919 = SURFACE_STYLE_USAGE(.BOTH.,#5920);
#5920 = SURFACE_SIDE_STYLE('',(#5921));
#5921 = SURFACE_STYLE_FILL_AREA(#5922);
#5922 = FILL_AREA_STYLE('',(#5923));
#5923 = FILL_AREA_STYLE_COLOUR('',#5116);
#5924 = STYLED_ITEM('color',(#5925),#1053);
#5925 = PRESENTATION_STYLE_ASSIGNMENT((#5926));
#5926 = SURFACE_STYLE_USAGE(.BOTH.,#5927);
#5927 = SURFACE_SIDE_STYLE('',(#5928));
#5928 = SURFACE_STYLE_FILL_AREA(#5929);
#5929 = FILL_AREA_STYLE('',(#5930));
#5930 = FILL_AREA_STYLE_COLOUR('',#5116);
#5931 = STYLED_ITEM('color',(#5932),#1077);
#5932 = PRESENTATION_STYLE_ASSIGNMENT((#5933));
#5933 = SURFACE_STYLE_USAGE(.BOTH.,#5934);
#5934 = SURFACE_SIDE_STYLE('',(#5935));
#5935 = SURFACE_STYLE_FILL_AREA(#5936);
#5936 = FILL_AREA_STYLE('',(#5937));
#5937 = FILL_AREA_STYLE_COLOUR('',#5116);
#5938 = STYLED_ITEM('color',(#5939),#1101);
#5939 = PRESENTATION_STYLE_ASSIGNMENT((#5940));
#5940 = SURFACE_STYLE_USAGE(.BOTH.,#5941);
#5941 = SURFACE_SIDE_STYLE('',(#5942));
#5942 = SURFACE_STYLE_FILL_AREA(#5943);
#5943 = FILL_AREA_STYLE('',(#5944));
#5944 = FILL_AREA_STYLE_COLOUR('',#5116);
#5945 = STYLED_ITEM('color',(#5946),#1126);
#5946 = PRESENTATION_STYLE_ASSIGNMENT((#5947));
#5947 = SURFACE_STYLE_USAGE(.BOTH.,#5948);
#5948 = SURFACE_SIDE_STYLE('',(#5949));
#5949 = SURFACE_STYLE_FILL_AREA(#5950);
#5950 = FILL_AREA_STYLE('',(#5951));
#5951 = FILL_AREA_STYLE_COLOUR('',#5116);
#5952 = STYLED_ITEM('color',(#5953),#1151);
#5953 = PRESENTATION_STYLE_ASSIGNMENT((#5954));
#5954 = SURFACE_STYLE_USAGE(.BOTH.,#5955);
#5955 = SURFACE_SIDE_STYLE('',(#5956));
#5956 = SURFACE_STYLE_FILL_AREA(#5957);
#5957 = FILL_AREA_STYLE('',(#5958));
#5958 = FILL_AREA_STYLE_COLOUR('',#5116);
#5959 = STYLED_ITEM('color',(#5960),#1168);
#5960 = PRESENTATION_STYLE_ASSIGNMENT((#5961));
#5961 = SURFACE_STYLE_USAGE(.BOTH.,#5962);
#5962 = SURFACE_SIDE_STYLE('',(#5963));
#5963 = SURFACE_STYLE_FILL_AREA(#5964);
#5964 = FILL_AREA_STYLE('',(#5965));
#5965 = FILL_AREA_STYLE_COLOUR('',#5116);
#5966 = STYLED_ITEM('color',(#5967),#1254);
#5967 = PRESENTATION_STYLE_ASSIGNMENT((#5968));
#5968 = SURFACE_STYLE_USAGE(.BOTH.,#5969);
#5969 = SURFACE_SIDE_STYLE('',(#5970));
#5970 = SURFACE_STYLE_FILL_AREA(#5971);
#5971 = FILL_AREA_STYLE('',(#5972));
#5972 = FILL_AREA_STYLE_COLOUR('',#5187);
#5973 = STYLED_ITEM('color',(#5974),#1286);
#5974 = PRESENTATION_STYLE_ASSIGNMENT((#5975));
#5975 = SURFACE_STYLE_USAGE(.BOTH.,#5976);
#5976 = SURFACE_SIDE_STYLE('',(#5977));
#5977 = SURFACE_STYLE_FILL_AREA(#5978);
#5978 = FILL_AREA_STYLE('',(#5979));
#5979 = FILL_AREA_STYLE_COLOUR('',#5187);
#5980 = STYLED_ITEM('color',(#5981),#1310);
#5981 = PRESENTATION_STYLE_ASSIGNMENT((#5982));
#5982 = SURFACE_STYLE_USAGE(.BOTH.,#5983);
#5983 = SURFACE_SIDE_STYLE('',(#5984));
#5984 = SURFACE_STYLE_FILL_AREA(#5985);
#5985 = FILL_AREA_STYLE('',(#5986));
#5986 = FILL_AREA_STYLE_COLOUR('',#5187);
#5987 = STYLED_ITEM('color',(#5988),#1335);
#5988 = PRESENTATION_STYLE_ASSIGNMENT((#5989));
#5989 = SURFACE_STYLE_USAGE(.BOTH.,#5990);
#5990 = SURFACE_SIDE_STYLE('',(#5991));
#5991 = SURFACE_STYLE_FILL_AREA(#5992);
#5992 = FILL_AREA_STYLE('',(#5993));
#5993 = FILL_AREA_STYLE_COLOUR('',#5187);
#5994 = STYLED_ITEM('color',(#5995),#1359);
#5995 = PRESENTATION_STYLE_ASSIGNMENT((#5996));
#5996 = SURFACE_STYLE_USAGE(.BOTH.,#5997);
#5997 = SURFACE_SIDE_STYLE('',(#5998));
#5998 = SURFACE_STYLE_FILL_AREA(#5999);
#5999 = FILL_AREA_STYLE('',(#6000));
#6000 = FILL_AREA_STYLE_COLOUR('',#5187);
#6001 = STYLED_ITEM('color',(#6002),#1384);
#6002 = PRESENTATION_STYLE_ASSIGNMENT((#6003));
#6003 = SURFACE_STYLE_USAGE(.BOTH.,#6004);
#6004 = SURFACE_SIDE_STYLE('',(#6005));
#6005 = SURFACE_STYLE_FILL_AREA(#6006);
#6006 = FILL_AREA_STYLE('',(#6007));
#6007 = FILL_AREA_STYLE_COLOUR('',#5187);
#6008 = STYLED_ITEM('color',(#6009),#1408);
#6009 = PRESENTATION_STYLE_ASSIGNMENT((#6010));
#6010 = SURFACE_STYLE_USAGE(.BOTH.,#6011);
#6011 = SURFACE_SIDE_STYLE('',(#6012));
#6012 = SURFACE_STYLE_FILL_AREA(#6013);
#6013 = FILL_AREA_STYLE('',(#6014));
#6014 = FILL_AREA_STYLE_COLOUR('',#5187);
#6015 = STYLED_ITEM('color',(#6016),#1433);
#6016 = PRESENTATION_STYLE_ASSIGNMENT((#6017));
#6017 = SURFACE_STYLE_USAGE(.BOTH.,#6018);
#6018 = SURFACE_SIDE_STYLE('',(#6019));
#6019 = SURFACE_STYLE_FILL_AREA(#6020);
#6020 = FILL_AREA_STYLE('',(#6021));
#6021 = FILL_AREA_STYLE_COLOUR('',#5187);
#6022 = STYLED_ITEM('color',(#6023),#1450);
#6023 = PRESENTATION_STYLE_ASSIGNMENT((#6024));
#6024 = SURFACE_STYLE_USAGE(.BOTH.,#6025);
#6025 = SURFACE_SIDE_STYLE('',(#6026));
#6026 = SURFACE_STYLE_FILL_AREA(#6027);
#6027 = FILL_AREA_STYLE('',(#6028));
#6028 = FILL_AREA_STYLE_COLOUR('',#5116);
#6029 = STYLED_ITEM('color',(#6030),#1536);
#6030 = PRESENTATION_STYLE_ASSIGNMENT((#6031));
#6031 = SURFACE_STYLE_USAGE(.BOTH.,#6032);
#6032 = SURFACE_SIDE_STYLE('',(#6033));
#6033 = SURFACE_STYLE_FILL_AREA(#6034);
#6034 = FILL_AREA_STYLE('',(#6035));
#6035 = FILL_AREA_STYLE_COLOUR('',#5116);
#6036 = STYLED_ITEM('color',(#6037),#1567);
#6037 = PRESENTATION_STYLE_ASSIGNMENT((#6038));
#6038 = SURFACE_STYLE_USAGE(.BOTH.,#6039);
#6039 = SURFACE_SIDE_STYLE('',(#6040));
#6040 = SURFACE_STYLE_FILL_AREA(#6041);
#6041 = FILL_AREA_STYLE('',(#6042));
#6042 = FILL_AREA_STYLE_COLOUR('',#5116);
#6043 = STYLED_ITEM('color',(#6044),#1592);
#6044 = PRESENTATION_STYLE_ASSIGNMENT((#6045));
#6045 = SURFACE_STYLE_USAGE(.BOTH.,#6046);
#6046 = SURFACE_SIDE_STYLE('',(#6047));
#6047 = SURFACE_STYLE_FILL_AREA(#6048);
#6048 = FILL_AREA_STYLE('',(#6049));
#6049 = FILL_AREA_STYLE_COLOUR('',#5116);
#6050 = STYLED_ITEM('color',(#6051),#1617);
#6051 = PRESENTATION_STYLE_ASSIGNMENT((#6052));
#6052 = SURFACE_STYLE_USAGE(.BOTH.,#6053);
#6053 = SURFACE_SIDE_STYLE('',(#6054));
#6054 = SURFACE_STYLE_FILL_AREA(#6055);
#6055 = FILL_AREA_STYLE('',(#6056));
#6056 = FILL_AREA_STYLE_COLOUR('',#5116);
#6057 = STYLED_ITEM('color',(#6058),#1641);
#6058 = PRESENTATION_STYLE_ASSIGNMENT((#6059));
#6059 = SURFACE_STYLE_USAGE(.BOTH.,#6060);
#6060 = SURFACE_SIDE_STYLE('',(#6061));
#6061 = SURFACE_STYLE_FILL_AREA(#6062);
#6062 = FILL_AREA_STYLE('',(#6063));
#6063 = FILL_AREA_STYLE_COLOUR('',#5116);
#6064 = STYLED_ITEM('color',(#6065),#1665);
#6065 = PRESENTATION_STYLE_ASSIGNMENT((#6066));
#6066 = SURFACE_STYLE_USAGE(.BOTH.,#6067);
#6067 = SURFACE_SIDE_STYLE('',(#6068));
#6068 = SURFACE_STYLE_FILL_AREA(#6069);
#6069 = FILL_AREA_STYLE('',(#6070));
#6070 = FILL_AREA_STYLE_COLOUR('',#5116);
#6071 = STYLED_ITEM('color',(#6072),#1690);
#6072 = PRESENTATION_STYLE_ASSIGNMENT((#6073));
#6073 = SURFACE_STYLE_USAGE(.BOTH.,#6074);
#6074 = SURFACE_SIDE_STYLE('',(#6075));
#6075 = SURFACE_STYLE_FILL_AREA(#6076);
#6076 = FILL_AREA_STYLE('',(#6077));
#6077 = FILL_AREA_STYLE_COLOUR('',#5116);
#6078 = STYLED_ITEM('color',(#6079),#1715);
#6079 = PRESENTATION_STYLE_ASSIGNMENT((#6080));
#6080 = SURFACE_STYLE_USAGE(.BOTH.,#6081);
#6081 = SURFACE_SIDE_STYLE('',(#6082));
#6082 = SURFACE_STYLE_FILL_AREA(#6083);
#6083 = FILL_AREA_STYLE('',(#6084));
#6084 = FILL_AREA_STYLE_COLOUR('',#5116);
#6085 = STYLED_ITEM('color',(#6086),#1732);
#6086 = PRESENTATION_STYLE_ASSIGNMENT((#6087));
#6087 = SURFACE_STYLE_USAGE(.BOTH.,#6088);
#6088 = SURFACE_SIDE_STYLE('',(#6089));
#6089 = SURFACE_STYLE_FILL_AREA(#6090);
#6090 = FILL_AREA_STYLE('',(#6091));
#6091 = FILL_AREA_STYLE_COLOUR('',#5116);
ENDSEC;
END-ISO-10303-21;
