ISO-10303-21;
HEADER;
FILE_DESCRIPTION(('KiCad electronic assembly'),'2;1');
FILE_NAME('uq_phone.step','2026-07-17T12:43:52',('Pcbnew'),('Kicad'),
  'Open CASCADE STEP processor 7.9','KiCad to STEP converter','Unknown'
  );
FILE_SCHEMA(('AUTOMOTIVE_DESIGN { 1 0 10303 214 1 1 1 1 }'));
ENDSEC;
DATA;
#1 = APPLICATION_PROTOCOL_DEFINITION('international standard',
  'automotive_design',2000,#2);
#2 = APPLICATION_CONTEXT(
  'core data for automotive mechanical design processes');
#3 = SHAPE_DEFINITION_REPRESENTATION(#4,#10);
#4 = PRODUCT_DEFINITION_SHAPE('','',#5);
#5 = PRODUCT_DEFINITION('design','',#6,#9);
#6 = PRODUCT_DEFINITION_FORMATION('','',#7);
#7 = PRODUCT('uq_phone 1','uq_phone 1','',(#8));
#8 = PRODUCT_CONTEXT('',#2,'mechanical');
#9 = PRODUCT_DEFINITION_CONTEXT('part definition',#2,'design');
#10 = SHAPE_REPRESENTATION('',(#11,#15,#19,#23,#27,#31,#35,#39,#43,#47,
    #51,#55,#59,#63,#67,#71,#75,#79,#83,#87,#91,#95,#99,#103,#107,#111,
    #115,#119,#123,#127,#131,#135,#139,#143,#147,#151,#155,#159,#163,
    #167,#171,#175,#179,#183,#187,#191,#195,#199,#203,#207,#211,#215,
    #219,#223,#227,#231,#235,#239,#243,#247,#251,#255,#259,#263,#267,
    #271,#275,#279,#283,#287,#291,#295,#299,#303,#307,#311,#315,#319,
    #323),#327);
#11 = AXIS2_PLACEMENT_3D('',#12,#13,#14);
#12 = CARTESIAN_POINT('',(0.,0.,0.));
#13 = DIRECTION('',(0.,0.,1.));
#14 = DIRECTION('',(1.,0.,-0.));
#15 = AXIS2_PLACEMENT_3D('',#16,#17,#18);
#16 = CARTESIAN_POINT('',(58.,-32.8,0.8414));
#17 = DIRECTION('',(-0.,0.,1.));
#18 = DIRECTION('',(1.110223024625E-16,-1.,0.));
#19 = AXIS2_PLACEMENT_3D('',#20,#21,#22);
#20 = CARTESIAN_POINT('',(58.669999,-38.249999,0.8414));
#21 = DIRECTION('',(0.,-0.,1.));
#22 = DIRECTION('',(1.110223024625E-16,1.,0.));
#23 = AXIS2_PLACEMENT_3D('',#24,#25,#26);
#24 = CARTESIAN_POINT('',(46.07,-43.765,0.8414));
#25 = DIRECTION('',(0.,0.,1.));
#26 = DIRECTION('',(1.,0.,0.));
#27 = AXIS2_PLACEMENT_3D('',#28,#29,#30);
#28 = CARTESIAN_POINT('',(55.48,-33.24,0.8414));
#29 = DIRECTION('',(0.,0.,1.));
#30 = DIRECTION('',(1.,0.,0.));
#31 = AXIS2_PLACEMENT_3D('',#32,#33,#34);
#32 = CARTESIAN_POINT('',(34.35,-50.65,0.8414));
#33 = DIRECTION('',(-0.,0.,1.));
#34 = DIRECTION('',(1.110223024625E-16,-1.,0.));
#35 = AXIS2_PLACEMENT_3D('',#36,#37,#38);
#36 = CARTESIAN_POINT('',(36.2,-45.52,0.8414));
#37 = DIRECTION('',(0.,-0.,1.));
#38 = DIRECTION('',(1.110223024625E-16,1.,0.));
#39 = AXIS2_PLACEMENT_3D('',#40,#41,#42);
#40 = CARTESIAN_POINT('',(53.48,-34.87,0.8414));
#41 = DIRECTION('',(0.,-0.,1.));
#42 = DIRECTION('',(1.110223024625E-16,1.,0.));
#43 = AXIS2_PLACEMENT_3D('',#44,#45,#46);
#44 = CARTESIAN_POINT('',(58.9,-116.4,0.8414));
#45 = DIRECTION('',(-0.,0.,1.));
#46 = DIRECTION('',(1.110223024625E-16,-1.,0.));
#47 = AXIS2_PLACEMENT_3D('',#48,#49,#50);
#48 = CARTESIAN_POINT('',(48.2,-119.3,0.8414));
#49 = DIRECTION('',(0.,0.,1.));
#50 = DIRECTION('',(1.,0.,0.));
#51 = AXIS2_PLACEMENT_3D('',#52,#53,#54);
#52 = CARTESIAN_POINT('',(37.4,-44.765,0.8414));
#53 = DIRECTION('',(0.,-0.,1.));
#54 = DIRECTION('',(1.110223024625E-16,1.,0.));
#55 = AXIS2_PLACEMENT_3D('',#56,#57,#58);
#56 = CARTESIAN_POINT('',(33.6,-50.67,0.8414));
#57 = DIRECTION('',(-0.,0.,1.));
#58 = DIRECTION('',(1.110223024625E-16,-1.,0.));
#59 = AXIS2_PLACEMENT_3D('',#60,#61,#62);
#60 = CARTESIAN_POINT('',(49.86,-23.74,0.8414));
#61 = DIRECTION('',(0.,0.,1.));
#62 = DIRECTION('',(-1.,1.224646799147E-16,0.));
#63 = AXIS2_PLACEMENT_3D('',#64,#65,#66);
#64 = CARTESIAN_POINT('',(51.15,-35.6,0.8414));
#65 = DIRECTION('',(0.,0.,1.));
#66 = DIRECTION('',(1.,0.,0.));
#67 = AXIS2_PLACEMENT_3D('',#68,#69,#70);
#68 = CARTESIAN_POINT('',(31.65,-50.48,0.8414));
#69 = DIRECTION('',(0.,0.,1.));
#70 = DIRECTION('',(1.,0.,0.));
#71 = AXIS2_PLACEMENT_3D('',#72,#73,#74);
#72 = CARTESIAN_POINT('',(41.,-48.465,0.8414));
#73 = DIRECTION('',(0.,0.,1.));
#74 = DIRECTION('',(1.,0.,0.));
#75 = AXIS2_PLACEMENT_3D('',#76,#77,#78);
#76 = CARTESIAN_POINT('',(44.9,-118.25,0.8414));
#77 = DIRECTION('',(0.,0.,1.));
#78 = DIRECTION('',(-1.,1.224646799147E-16,0.));
#79 = AXIS2_PLACEMENT_3D('',#80,#81,#82);
#80 = CARTESIAN_POINT('',(33.55,-46.315,0.8414));
#81 = DIRECTION('',(0.,-0.,1.));
#82 = DIRECTION('',(1.110223024625E-16,1.,0.));
#83 = AXIS2_PLACEMENT_3D('',#84,#85,#86);
#84 = CARTESIAN_POINT('',(59.08,-122.68,0.8414));
#85 = DIRECTION('',(-0.,0.,1.));
#86 = DIRECTION('',(1.110223024625E-16,-1.,0.));
#87 = AXIS2_PLACEMENT_3D('',#88,#89,#90);
#88 = CARTESIAN_POINT('',(50.79,-39.3,0.8414));
#89 = DIRECTION('',(0.,0.,1.));
#90 = DIRECTION('',(-1.,1.224646799147E-16,0.));
#91 = AXIS2_PLACEMENT_3D('',#92,#93,#94);
#92 = CARTESIAN_POINT('',(36.2,-118.25,0.8414));
#93 = DIRECTION('',(0.,0.,1.));
#94 = DIRECTION('',(1.,0.,0.));
#95 = AXIS2_PLACEMENT_3D('',#96,#97,#98);
#96 = CARTESIAN_POINT('',(57.25,-32.8,0.8414));
#97 = DIRECTION('',(-0.,0.,1.));
#98 = DIRECTION('',(1.110223024625E-16,-1.,0.));
#99 = AXIS2_PLACEMENT_3D('',#100,#101,#102);
#100 = CARTESIAN_POINT('',(29.,-44.365,0.8414));
#101 = DIRECTION('',(0.,0.,1.));
#102 = DIRECTION('',(1.,0.,0.));
#103 = AXIS2_PLACEMENT_3D('',#104,#105,#106);
#104 = CARTESIAN_POINT('',(41.,-49.165,0.8414));
#105 = DIRECTION('',(0.,0.,1.));
#106 = DIRECTION('',(1.,0.,0.));
#107 = AXIS2_PLACEMENT_3D('',#108,#109,#110);
#108 = CARTESIAN_POINT('',(57.89,-35.8323,0.8414));
#109 = DIRECTION('',(0.,0.,1.));
#110 = DIRECTION('',(1.,0.,0.));
#111 = AXIS2_PLACEMENT_3D('',#112,#113,#114);
#112 = CARTESIAN_POINT('',(30.15,-45.465,0.8414));
#113 = DIRECTION('',(0.,-0.,1.));
#114 = DIRECTION('',(1.110223024625E-16,1.,0.));
#115 = AXIS2_PLACEMENT_3D('',#116,#117,#118);
#116 = CARTESIAN_POINT('',(50.695,-40.15,0.8414));
#117 = DIRECTION('',(0.,0.,1.));
#118 = DIRECTION('',(-1.,1.224646799147E-16,0.));
#119 = AXIS2_PLACEMENT_3D('',#120,#121,#122);
#120 = CARTESIAN_POINT('',(56.45,-27.1,0.8414));
#121 = DIRECTION('',(0.,0.,1.));
#122 = DIRECTION('',(-1.,1.224646799147E-16,0.));
#123 = AXIS2_PLACEMENT_3D('',#124,#125,#126);
#124 = CARTESIAN_POINT('',(39.1,-44.765,0.8414));
#125 = DIRECTION('',(0.,0.,1.));
#126 = DIRECTION('',(-1.,1.224646799147E-16,0.));
#127 = AXIS2_PLACEMENT_3D('',#128,#129,#130);
#128 = CARTESIAN_POINT('',(34.7,-48.85,0.8414));
#129 = DIRECTION('',(-0.,0.,1.));
#130 = DIRECTION('',(1.110223024625E-16,-1.,0.));
#131 = AXIS2_PLACEMENT_3D('',#132,#133,#134);
#132 = CARTESIAN_POINT('',(58.36,-35.08,0.8414));
#133 = DIRECTION('',(0.,0.,1.));
#134 = DIRECTION('',(-1.,1.224646799147E-16,0.));
#135 = AXIS2_PLACEMENT_3D('',#136,#137,#138);
#136 = CARTESIAN_POINT('',(39.3,-45.665,0.8414));
#137 = DIRECTION('',(0.,0.,1.));
#138 = DIRECTION('',(-1.,1.224646799147E-16,0.));
#139 = AXIS2_PLACEMENT_3D('',#140,#141,#142);
#140 = CARTESIAN_POINT('',(56.55,-32.8,0.8414));
#141 = DIRECTION('',(0.,-0.,1.));
#142 = DIRECTION('',(1.110223024625E-16,1.,0.));
#143 = AXIS2_PLACEMENT_3D('',#144,#145,#146);
#144 = CARTESIAN_POINT('',(46.1,-44.515,0.8414));
#145 = DIRECTION('',(0.,0.,1.));
#146 = DIRECTION('',(-1.,1.224646799147E-16,0.));
#147 = AXIS2_PLACEMENT_3D('',#148,#149,#150);
#148 = CARTESIAN_POINT('',(59.43,-123.76,0.8414));
#149 = DIRECTION('',(0.,0.,1.));
#150 = DIRECTION('',(1.,0.,0.));
#151 = AXIS2_PLACEMENT_3D('',#152,#153,#154);
#152 = CARTESIAN_POINT('',(34.,-48.85,0.8414));
#153 = DIRECTION('',(0.,-0.,1.));
#154 = DIRECTION('',(1.110223024625E-16,1.,0.));
#155 = AXIS2_PLACEMENT_3D('',#156,#157,#158);
#156 = CARTESIAN_POINT('',(53.38,-35.93,0.8414));
#157 = DIRECTION('',(0.,0.,1.));
#158 = DIRECTION('',(-1.,1.224646799147E-16,0.));
#159 = AXIS2_PLACEMENT_3D('',#160,#161,#162);
#160 = CARTESIAN_POINT('',(34.985,-44.685,0.8414));
#161 = DIRECTION('',(-0.,0.,1.));
#162 = DIRECTION('',(1.110223024625E-16,-1.,0.));
#163 = AXIS2_PLACEMENT_3D('',#164,#165,#166);
#164 = CARTESIAN_POINT('',(41.005,-49.9,0.8414));
#165 = DIRECTION('',(0.,0.,1.));
#166 = DIRECTION('',(-1.,1.224646799147E-16,0.));
#167 = AXIS2_PLACEMENT_3D('',#168,#169,#170);
#168 = CARTESIAN_POINT('',(55.6,-38.9,0.8414));
#169 = DIRECTION('',(0.,0.,1.));
#170 = DIRECTION('',(1.,0.,0.));
#171 = AXIS2_PLACEMENT_3D('',#172,#173,#174);
#172 = CARTESIAN_POINT('',(47.75,-116.,0.8414));
#173 = DIRECTION('',(0.,0.,1.));
#174 = DIRECTION('',(1.,0.,0.));
#175 = AXIS2_PLACEMENT_3D('',#176,#177,#178);
#176 = CARTESIAN_POINT('',(55.5,-32.49,0.8414));
#177 = DIRECTION('',(0.,0.,1.));
#178 = DIRECTION('',(1.,0.,0.));
#179 = AXIS2_PLACEMENT_3D('',#180,#181,#182);
#180 = CARTESIAN_POINT('',(60.55,-116.4,0.8414));
#181 = DIRECTION('',(0.,-0.,1.));
#182 = DIRECTION('',(1.110223024625E-16,1.,0.));
#183 = AXIS2_PLACEMENT_3D('',#184,#185,#186);
#184 = CARTESIAN_POINT('',(57.58,-38.45,0.8414));
#185 = DIRECTION('',(0.,0.,1.));
#186 = DIRECTION('',(-1.,1.224646799147E-16,0.));
#187 = AXIS2_PLACEMENT_3D('',#188,#189,#190);
#188 = CARTESIAN_POINT('',(54.249999,-36.849998,0.8414));
#189 = DIRECTION('',(0.,0.,1.));
#190 = DIRECTION('',(1.,0.,0.));
#191 = AXIS2_PLACEMENT_3D('',#192,#193,#194);
#192 = CARTESIAN_POINT('',(44.0875,-47.465,0.8414));
#193 = DIRECTION('',(0.,0.,1.));
#194 = DIRECTION('',(-1.,1.224646799147E-16,0.));
#195 = AXIS2_PLACEMENT_3D('',#196,#197,#198);
#196 = CARTESIAN_POINT('',(57.89,-36.6323,0.8414));
#197 = DIRECTION('',(0.,0.,1.));
#198 = DIRECTION('',(-1.,1.224646799147E-16,0.));
#199 = AXIS2_PLACEMENT_3D('',#200,#201,#202);
#200 = CARTESIAN_POINT('',(59.7,-116.4,0.8414));
#201 = DIRECTION('',(0.,-0.,1.));
#202 = DIRECTION('',(1.110223024625E-16,1.,0.));
#203 = AXIS2_PLACEMENT_3D('',#204,#205,#206);
#204 = CARTESIAN_POINT('',(58.36,-34.28,0.8414));
#205 = DIRECTION('',(0.,0.,1.));
#206 = DIRECTION('',(1.,0.,0.));
#207 = AXIS2_PLACEMENT_3D('',#208,#209,#210);
#208 = CARTESIAN_POINT('',(25.,-23.95,-8.5E-02));
#209 = DIRECTION('',(1.499759782662E-32,1.224646799147E-16,-1.));
#210 = DIRECTION('',(-1.,1.224646799147E-16,0.));
#211 = AXIS2_PLACEMENT_3D('',#212,#213,#214);
#212 = CARTESIAN_POINT('',(57.28,-80.63,-8.5E-02));
#213 = DIRECTION('',(1.499759782662E-32,1.224646799147E-16,-1.));
#214 = DIRECTION('',(-1.,1.224646799147E-16,0.));
#215 = AXIS2_PLACEMENT_3D('',#216,#217,#218);
#216 = CARTESIAN_POINT('',(25.,-23.25,-8.5E-02));
#217 = DIRECTION('',(1.499759782662E-32,1.224646799147E-16,-1.));
#218 = DIRECTION('',(-1.,1.224646799147E-16,0.));
#219 = AXIS2_PLACEMENT_3D('',#220,#221,#222);
#220 = CARTESIAN_POINT('',(60.4325,-79.0975,-8.5E-02));
#221 = DIRECTION('',(1.224646799147E-16,-1.359631073447E-32,-1.));
#222 = DIRECTION('',(1.110223024625E-16,1.,0.));
#223 = AXIS2_PLACEMENT_3D('',#224,#225,#226);
#224 = CARTESIAN_POINT('',(59.68,-27.5,-8.5E-02));
#225 = DIRECTION('',(0.,-1.224646799147E-16,-1.));
#226 = DIRECTION('',(1.,0.,0.));
#227 = AXIS2_PLACEMENT_3D('',#228,#229,#230);
#228 = CARTESIAN_POINT('',(57.65,-27.1,-8.5E-02));
#229 = DIRECTION('',(1.224646799147E-16,-1.359631073447E-32,-1.));
#230 = DIRECTION('',(1.110223024625E-16,1.,0.));
#231 = AXIS2_PLACEMENT_3D('',#232,#233,#234);
#232 = CARTESIAN_POINT('',(31.299999,-126.8771,-8.5E-02));
#233 = DIRECTION('',(1.499759782662E-32,1.224646799147E-16,-1.));
#234 = DIRECTION('',(-1.,1.224646799147E-16,0.));
#235 = AXIS2_PLACEMENT_3D('',#236,#237,#238);
#236 = CARTESIAN_POINT('',(59.25,-29.5,-8.5E-02));
#237 = DIRECTION('',(-1.224646799147E-16,-1.359631073447E-32,-1.));
#238 = DIRECTION('',(1.110223024625E-16,-1.,0.));
#239 = AXIS2_PLACEMENT_3D('',#240,#241,#242);
#240 = CARTESIAN_POINT('',(32.45,-25.305,-8.5E-02));
#241 = DIRECTION('',(1.224646799147E-16,-1.359631073447E-32,-1.));
#242 = DIRECTION('',(1.110223024625E-16,1.,0.));
#243 = AXIS2_PLACEMENT_3D('',#244,#245,#246);
#244 = CARTESIAN_POINT('',(56.85,-27.1,-8.5E-02));
#245 = DIRECTION('',(1.224646799147E-16,-1.359631073447E-32,-1.));
#246 = DIRECTION('',(1.110223024625E-16,1.,0.));
#247 = AXIS2_PLACEMENT_3D('',#248,#249,#250);
#248 = CARTESIAN_POINT('',(47.75,-26.65,-8.5E-02));
#249 = DIRECTION('',(1.499759782662E-32,1.224646799147E-16,-1.));
#250 = DIRECTION('',(-1.,1.224646799147E-16,0.));
#251 = AXIS2_PLACEMENT_3D('',#252,#253,#254);
#252 = CARTESIAN_POINT('',(60.05,-25.5,-8.5E-02));
#253 = DIRECTION('',(1.224646799147E-16,-1.359631073447E-32,-1.));
#254 = DIRECTION('',(1.110223024625E-16,1.,0.));
#255 = AXIS2_PLACEMENT_3D('',#256,#257,#258);
#256 = CARTESIAN_POINT('',(24.05,-124.275,-8.5E-02));
#257 = DIRECTION('',(1.224646799147E-16,-1.359631073447E-32,-1.));
#258 = DIRECTION('',(1.110223024625E-16,1.,0.));
#259 = AXIS2_PLACEMENT_3D('',#260,#261,#262);
#260 = CARTESIAN_POINT('',(55.575,-26.55,-8.5E-02));
#261 = DIRECTION('',(0.,-1.224646799147E-16,-1.));
#262 = DIRECTION('',(1.,0.,0.));
#263 = AXIS2_PLACEMENT_3D('',#264,#265,#266);
#264 = CARTESIAN_POINT('',(47.75,-27.35,-8.5E-02));
#265 = DIRECTION('',(0.,-1.224646799147E-16,-1.));
#266 = DIRECTION('',(1.,0.,0.));
#267 = AXIS2_PLACEMENT_3D('',#268,#269,#270);
#268 = CARTESIAN_POINT('',(60.05,-23.9,-8.5E-02));
#269 = DIRECTION('',(1.224646799147E-16,-1.359631073447E-32,-1.));
#270 = DIRECTION('',(1.110223024625E-16,1.,0.));
#271 = AXIS2_PLACEMENT_3D('',#272,#273,#274);
#272 = CARTESIAN_POINT('',(32.295,-22.3175,-8.5E-02));
#273 = DIRECTION('',(1.224646799147E-16,-1.359631073447E-32,-1.));
#274 = DIRECTION('',(1.110223024625E-16,1.,0.));
#275 = AXIS2_PLACEMENT_3D('',#276,#277,#278);
#276 = CARTESIAN_POINT('',(32.65,-23.4,-8.5E-02));
#277 = DIRECTION('',(0.,-1.224646799147E-16,-1.));
#278 = DIRECTION('',(1.,0.,0.));
#279 = AXIS2_PLACEMENT_3D('',#280,#281,#282);
#280 = CARTESIAN_POINT('',(48.430001,-23.82,-8.5E-02));
#281 = DIRECTION('',(1.499759782662E-32,1.224646799147E-16,-1.));
#282 = DIRECTION('',(-1.,1.224646799147E-16,0.));
#283 = AXIS2_PLACEMENT_3D('',#284,#285,#286);
#284 = CARTESIAN_POINT('',(56.85,-25.65,-8.5E-02));
#285 = DIRECTION('',(1.224646799147E-16,-1.359631073447E-32,-1.));
#286 = DIRECTION('',(1.110223024625E-16,1.,0.));
#287 = AXIS2_PLACEMENT_3D('',#288,#289,#290);
#288 = CARTESIAN_POINT('',(23.,-26.7,-8.5E-02));
#289 = DIRECTION('',(1.224646799147E-16,-1.359631073447E-32,-1.));
#290 = DIRECTION('',(1.110223024625E-16,1.,0.));
#291 = AXIS2_PLACEMENT_3D('',#292,#293,#294);
#292 = CARTESIAN_POINT('',(59.5725,-79.0675,-8.5E-02));
#293 = DIRECTION('',(1.224646799147E-16,-1.359631073447E-32,-1.));
#294 = DIRECTION('',(1.110223024625E-16,1.,0.));
#295 = AXIS2_PLACEMENT_3D('',#296,#297,#298);
#296 = CARTESIAN_POINT('',(48.430001,-23.09,-8.5E-02));
#297 = DIRECTION('',(1.499759782662E-32,1.224646799147E-16,-1.));
#298 = DIRECTION('',(-1.,1.224646799147E-16,0.));
#299 = AXIS2_PLACEMENT_3D('',#300,#301,#302);
#300 = CARTESIAN_POINT('',(55.575,-27.5,-8.5E-02));
#301 = DIRECTION('',(0.,-1.224646799147E-16,-1.));
#302 = DIRECTION('',(1.,0.,0.));
#303 = AXIS2_PLACEMENT_3D('',#304,#305,#306);
#304 = CARTESIAN_POINT('',(59.13,-81.7475,-8.5E-02));
#305 = DIRECTION('',(1.499759782662E-32,1.224646799147E-16,-1.));
#306 = DIRECTION('',(-1.,1.224646799147E-16,0.));
#307 = AXIS2_PLACEMENT_3D('',#308,#309,#310);
#308 = CARTESIAN_POINT('',(32.45,-26.75,-8.5E-02));
#309 = DIRECTION('',(-1.224646799147E-16,-1.359631073447E-32,-1.));
#310 = DIRECTION('',(1.110223024625E-16,-1.,0.));
#311 = AXIS2_PLACEMENT_3D('',#312,#313,#314);
#312 = CARTESIAN_POINT('',(28.849999,-126.0271,-8.5E-02));
#313 = DIRECTION('',(-1.224646799147E-16,-1.359631073447E-32,-1.));
#314 = DIRECTION('',(1.110223024625E-16,-1.,0.));
#315 = AXIS2_PLACEMENT_3D('',#316,#317,#318);
#316 = CARTESIAN_POINT('',(21.95,-80.15,-8.5E-02));
#317 = DIRECTION('',(1.224646799147E-16,-1.359631073447E-32,-1.));
#318 = DIRECTION('',(1.110223024625E-16,1.,0.));
#319 = AXIS2_PLACEMENT_3D('',#320,#321,#322);
#320 = CARTESIAN_POINT('',(59.595,-28.3,-8.5E-02));
#321 = DIRECTION('',(1.499759782662E-32,1.224646799147E-16,-1.));
#322 = DIRECTION('',(-1.,1.224646799147E-16,0.));
#323 = AXIS2_PLACEMENT_3D('',#324,#325,#326);
#324 = CARTESIAN_POINT('',(0.,0.,0.));
#325 = DIRECTION('',(0.,0.,1.));
#326 = DIRECTION('',(1.,0.,-0.));
#327 = ( GEOMETRIC_REPRESENTATION_CONTEXT(3) 
GLOBAL_UNCERTAINTY_ASSIGNED_CONTEXT((#331)) GLOBAL_UNIT_ASSIGNED_CONTEXT
((#328,#329,#330)) REPRESENTATION_CONTEXT('Context #1',
  '3D Context with UNIT and UNCERTAINTY') );
#328 = ( LENGTH_UNIT() NAMED_UNIT(*) SI_UNIT(.MILLI.,.METRE.) );
#329 = ( NAMED_UNIT(*) PLANE_ANGLE_UNIT() SI_UNIT($,.RADIAN.) );
#330 = ( NAMED_UNIT(*) SI_UNIT($,.STERADIAN.) SOLID_ANGLE_UNIT() );
#331 = UNCERTAINTY_MEASURE_WITH_UNIT(LENGTH_MEASURE(1.E-07),#328,
  'distance_accuracy_value','confusion accuracy');
#332 = PRODUCT_RELATED_PRODUCT_CATEGORY('part',$,(#7));
#333 = SHAPE_DEFINITION_REPRESENTATION(#334,#340);
#334 = PRODUCT_DEFINITION_SHAPE('','',#335);
#335 = PRODUCT_DEFINITION('design','',#336,#339);
#336 = PRODUCT_DEFINITION_FORMATION('','',#337);
#337 = PRODUCT('R_0201_0603Metric','R_0201_0603Metric','',(#338));
#338 = PRODUCT_CONTEXT('',#2,'mechanical');
#339 = PRODUCT_DEFINITION_CONTEXT('part definition',#2,'design');
#340 = ADVANCED_BREP_SHAPE_REPRESENTATION('',(#11,#341),#1131);
#341 = MANIFOLD_SOLID_BREP('',#342);
#342 = CLOSED_SHELL('',(#343,#383,#466,#491,#516,#583,#600,#617,#666,
    #683,#700,#749,#766,#835,#866,#890,#959,#983,#1000,#1017,#1034,#1051
    ,#1068,#1085,#1102,#1119));
#343 = ADVANCED_FACE('',(#344),#378,.F.);
#344 = FACE_BOUND('',#345,.F.);
#345 = EDGE_LOOP('',(#346,#356,#364,#372));
#346 = ORIENTED_EDGE('',*,*,#347,.F.);
#347 = EDGE_CURVE('',#348,#350,#352,.T.);
#348 = VERTEX_POINT('',#349);
#349 = CARTESIAN_POINT('',(-0.3,-0.15,2.3E-02));
#350 = VERTEX_POINT('',#351);
#351 = CARTESIAN_POINT('',(-0.3,-0.15,0.207));
#352 = LINE('',#353,#354);
#353 = CARTESIAN_POINT('',(-0.3,-0.15,0.));
#354 = VECTOR('',#355,1.);
#355 = DIRECTION('',(0.,0.,1.));
#356 = ORIENTED_EDGE('',*,*,#357,.T.);
#357 = EDGE_CURVE('',#348,#358,#360,.T.);
#358 = VERTEX_POINT('',#359);
#359 = CARTESIAN_POINT('',(-0.3,0.15,2.3E-02));
#360 = LINE('',#361,#362);
#361 = CARTESIAN_POINT('',(-0.3,-0.15,2.3E-02));
#362 = VECTOR('',#363,1.);
#363 = DIRECTION('',(0.,1.,0.));
#364 = ORIENTED_EDGE('',*,*,#365,.T.);
#365 = EDGE_CURVE('',#358,#366,#368,.T.);
#366 = VERTEX_POINT('',#367);
#367 = CARTESIAN_POINT('',(-0.3,0.15,0.207));
#368 = LINE('',#369,#370);
#369 = CARTESIAN_POINT('',(-0.3,0.15,0.));
#370 = VECTOR('',#371,1.);
#371 = DIRECTION('',(0.,0.,1.));
#372 = ORIENTED_EDGE('',*,*,#373,.F.);
#373 = EDGE_CURVE('',#350,#366,#374,.T.);
#374 = LINE('',#375,#376);
#375 = CARTESIAN_POINT('',(-0.3,-0.15,0.207));
#376 = VECTOR('',#377,1.);
#377 = DIRECTION('',(0.,1.,0.));
#378 = PLANE('',#379);
#379 = AXIS2_PLACEMENT_3D('',#380,#381,#382);
#380 = CARTESIAN_POINT('',(-0.3,-0.15,0.));
#381 = DIRECTION('',(1.,0.,0.));
#382 = DIRECTION('',(0.,0.,1.));
#383 = ADVANCED_FACE('',(#384),#461,.F.);
#384 = FACE_BOUND('',#385,.F.);
#385 = EDGE_LOOP('',(#386,#396,#403,#404,#413,#421,#430,#438,#446,#454)
  );
#386 = ORIENTED_EDGE('',*,*,#387,.F.);
#387 = EDGE_CURVE('',#388,#390,#392,.T.);
#388 = VERTEX_POINT('',#389);
#389 = CARTESIAN_POINT('',(-0.277,-0.15,-1.387778780781E-17));
#390 = VERTEX_POINT('',#391);
#391 = CARTESIAN_POINT('',(-0.223,-0.15,-1.387778780781E-17));
#392 = LINE('',#393,#394);
#393 = CARTESIAN_POINT('',(-0.3,-0.15,0.));
#394 = VECTOR('',#395,1.);
#395 = DIRECTION('',(1.,0.,0.));
#396 = ORIENTED_EDGE('',*,*,#397,.F.);
#397 = EDGE_CURVE('',#348,#388,#398,.T.);
#398 = CIRCLE('',#399,2.3E-02);
#399 = AXIS2_PLACEMENT_3D('',#400,#401,#402);
#400 = CARTESIAN_POINT('',(-0.277,-0.15,2.3E-02));
#401 = DIRECTION('',(0.,-1.,0.));
#402 = DIRECTION('',(0.,0.,1.));
#403 = ORIENTED_EDGE('',*,*,#347,.T.);
#404 = ORIENTED_EDGE('',*,*,#405,.T.);
#405 = EDGE_CURVE('',#350,#406,#408,.T.);
#406 = VERTEX_POINT('',#407);
#407 = CARTESIAN_POINT('',(-0.277,-0.15,0.23));
#408 = CIRCLE('',#409,2.3E-02);
#409 = AXIS2_PLACEMENT_3D('',#410,#411,#412);
#410 = CARTESIAN_POINT('',(-0.277,-0.15,0.207));
#411 = DIRECTION('',(0.,1.,0.));
#412 = DIRECTION('',(0.,-0.,1.));
#413 = ORIENTED_EDGE('',*,*,#414,.T.);
#414 = EDGE_CURVE('',#406,#415,#417,.T.);
#415 = VERTEX_POINT('',#416);
#416 = CARTESIAN_POINT('',(-0.223,-0.15,0.23));
#417 = LINE('',#418,#419);
#418 = CARTESIAN_POINT('',(-0.3,-0.15,0.23));
#419 = VECTOR('',#420,1.);
#420 = DIRECTION('',(1.,0.,0.));
#421 = ORIENTED_EDGE('',*,*,#422,.F.);
#422 = EDGE_CURVE('',#423,#415,#425,.T.);
#423 = VERTEX_POINT('',#424);
#424 = CARTESIAN_POINT('',(-0.2,-0.15,0.207));
#425 = CIRCLE('',#426,2.3E-02);
#426 = AXIS2_PLACEMENT_3D('',#427,#428,#429);
#427 = CARTESIAN_POINT('',(-0.223,-0.15,0.207));
#428 = DIRECTION('',(0.,-1.,0.));
#429 = DIRECTION('',(0.,0.,1.));
#430 = ORIENTED_EDGE('',*,*,#431,.F.);
#431 = EDGE_CURVE('',#432,#423,#434,.T.);
#432 = VERTEX_POINT('',#433);
#433 = CARTESIAN_POINT('',(-0.277,-0.15,0.207));
#434 = LINE('',#435,#436);
#435 = CARTESIAN_POINT('',(-0.277,-0.15,0.207));
#436 = VECTOR('',#437,1.);
#437 = DIRECTION('',(1.,0.,0.));
#438 = ORIENTED_EDGE('',*,*,#439,.F.);
#439 = EDGE_CURVE('',#440,#432,#442,.T.);
#440 = VERTEX_POINT('',#441);
#441 = CARTESIAN_POINT('',(-0.277,-0.15,2.3E-02));
#442 = LINE('',#443,#444);
#443 = CARTESIAN_POINT('',(-0.277,-0.15,2.3E-02));
#444 = VECTOR('',#445,1.);
#445 = DIRECTION('',(0.,0.,1.));
#446 = ORIENTED_EDGE('',*,*,#447,.T.);
#447 = EDGE_CURVE('',#440,#448,#450,.T.);
#448 = VERTEX_POINT('',#449);
#449 = CARTESIAN_POINT('',(-0.2,-0.15,2.3E-02));
#450 = LINE('',#451,#452);
#451 = CARTESIAN_POINT('',(-0.277,-0.15,2.3E-02));
#452 = VECTOR('',#453,1.);
#453 = DIRECTION('',(1.,0.,0.));
#454 = ORIENTED_EDGE('',*,*,#455,.T.);
#455 = EDGE_CURVE('',#448,#390,#456,.T.);
#456 = CIRCLE('',#457,2.3E-02);
#457 = AXIS2_PLACEMENT_3D('',#458,#459,#460);
#458 = CARTESIAN_POINT('',(-0.223,-0.15,2.3E-02));
#459 = DIRECTION('',(0.,1.,0.));
#460 = DIRECTION('',(0.,-0.,1.));
#461 = PLANE('',#462);
#462 = AXIS2_PLACEMENT_3D('',#463,#464,#465);
#463 = CARTESIAN_POINT('',(-0.3,-0.15,0.));
#464 = DIRECTION('',(0.,1.,0.));
#465 = DIRECTION('',(0.,-0.,1.));
#466 = ADVANCED_FACE('',(#467),#486,.T.);
#467 = FACE_BOUND('',#468,.T.);
#468 = EDGE_LOOP('',(#469,#470,#479,#485));
#469 = ORIENTED_EDGE('',*,*,#357,.T.);
#470 = ORIENTED_EDGE('',*,*,#471,.T.);
#471 = EDGE_CURVE('',#358,#472,#474,.T.);
#472 = VERTEX_POINT('',#473);
#473 = CARTESIAN_POINT('',(-0.277,0.15,-1.387778780781E-17));
#474 = CIRCLE('',#475,2.3E-02);
#475 = AXIS2_PLACEMENT_3D('',#476,#477,#478);
#476 = CARTESIAN_POINT('',(-0.277,0.15,2.3E-02));
#477 = DIRECTION('',(0.,-1.,0.));
#478 = DIRECTION('',(0.,0.,1.));
#479 = ORIENTED_EDGE('',*,*,#480,.F.);
#480 = EDGE_CURVE('',#388,#472,#481,.T.);
#481 = LINE('',#482,#483);
#482 = CARTESIAN_POINT('',(-0.277,-0.15,-1.387778780781E-17));
#483 = VECTOR('',#484,1.);
#484 = DIRECTION('',(0.,1.,0.));
#485 = ORIENTED_EDGE('',*,*,#397,.F.);
#486 = CYLINDRICAL_SURFACE('',#487,2.3E-02);
#487 = AXIS2_PLACEMENT_3D('',#488,#489,#490);
#488 = CARTESIAN_POINT('',(-0.277,-0.15,2.3E-02));
#489 = DIRECTION('',(0.,1.,0.));
#490 = DIRECTION('',(-1.,0.,0.));
#491 = ADVANCED_FACE('',(#492),#511,.T.);
#492 = FACE_BOUND('',#493,.T.);
#493 = EDGE_LOOP('',(#494,#495,#503,#510));
#494 = ORIENTED_EDGE('',*,*,#405,.T.);
#495 = ORIENTED_EDGE('',*,*,#496,.T.);
#496 = EDGE_CURVE('',#406,#497,#499,.T.);
#497 = VERTEX_POINT('',#498);
#498 = CARTESIAN_POINT('',(-0.277,0.15,0.23));
#499 = LINE('',#500,#501);
#500 = CARTESIAN_POINT('',(-0.277,-0.15,0.23));
#501 = VECTOR('',#502,1.);
#502 = DIRECTION('',(0.,1.,0.));
#503 = ORIENTED_EDGE('',*,*,#504,.F.);
#504 = EDGE_CURVE('',#366,#497,#505,.T.);
#505 = CIRCLE('',#506,2.3E-02);
#506 = AXIS2_PLACEMENT_3D('',#507,#508,#509);
#507 = CARTESIAN_POINT('',(-0.277,0.15,0.207));
#508 = DIRECTION('',(0.,1.,0.));
#509 = DIRECTION('',(0.,-0.,1.));
#510 = ORIENTED_EDGE('',*,*,#373,.F.);
#511 = CYLINDRICAL_SURFACE('',#512,2.3E-02);
#512 = AXIS2_PLACEMENT_3D('',#513,#514,#515);
#513 = CARTESIAN_POINT('',(-0.277,-0.15,0.207));
#514 = DIRECTION('',(0.,1.,0.));
#515 = DIRECTION('',(-1.,0.,0.));
#516 = ADVANCED_FACE('',(#517),#578,.T.);
#517 = FACE_BOUND('',#518,.T.);
#518 = EDGE_LOOP('',(#519,#527,#528,#529,#530,#538,#547,#555,#563,#571)
  );
#519 = ORIENTED_EDGE('',*,*,#520,.F.);
#520 = EDGE_CURVE('',#472,#521,#523,.T.);
#521 = VERTEX_POINT('',#522);
#522 = CARTESIAN_POINT('',(-0.223,0.15,-1.387778780781E-17));
#523 = LINE('',#524,#525);
#524 = CARTESIAN_POINT('',(-0.3,0.15,0.));
#525 = VECTOR('',#526,1.);
#526 = DIRECTION('',(1.,0.,0.));
#527 = ORIENTED_EDGE('',*,*,#471,.F.);
#528 = ORIENTED_EDGE('',*,*,#365,.T.);
#529 = ORIENTED_EDGE('',*,*,#504,.T.);
#530 = ORIENTED_EDGE('',*,*,#531,.T.);
#531 = EDGE_CURVE('',#497,#532,#534,.T.);
#532 = VERTEX_POINT('',#533);
#533 = CARTESIAN_POINT('',(-0.223,0.15,0.23));
#534 = LINE('',#535,#536);
#535 = CARTESIAN_POINT('',(-0.3,0.15,0.23));
#536 = VECTOR('',#537,1.);
#537 = DIRECTION('',(1.,0.,0.));
#538 = ORIENTED_EDGE('',*,*,#539,.F.);
#539 = EDGE_CURVE('',#540,#532,#542,.T.);
#540 = VERTEX_POINT('',#541);
#541 = CARTESIAN_POINT('',(-0.2,0.15,0.207));
#542 = CIRCLE('',#543,2.3E-02);
#543 = AXIS2_PLACEMENT_3D('',#544,#545,#546);
#544 = CARTESIAN_POINT('',(-0.223,0.15,0.207));
#545 = DIRECTION('',(0.,-1.,0.));
#546 = DIRECTION('',(0.,0.,1.));
#547 = ORIENTED_EDGE('',*,*,#548,.F.);
#548 = EDGE_CURVE('',#549,#540,#551,.T.);
#549 = VERTEX_POINT('',#550);
#550 = CARTESIAN_POINT('',(-0.277,0.15,0.207));
#551 = LINE('',#552,#553);
#552 = CARTESIAN_POINT('',(-0.277,0.15,0.207));
#553 = VECTOR('',#554,1.);
#554 = DIRECTION('',(1.,0.,0.));
#555 = ORIENTED_EDGE('',*,*,#556,.F.);
#556 = EDGE_CURVE('',#557,#549,#559,.T.);
#557 = VERTEX_POINT('',#558);
#558 = CARTESIAN_POINT('',(-0.277,0.15,2.3E-02));
#559 = LINE('',#560,#561);
#560 = CARTESIAN_POINT('',(-0.277,0.15,2.3E-02));
#561 = VECTOR('',#562,1.);
#562 = DIRECTION('',(0.,0.,1.));
#563 = ORIENTED_EDGE('',*,*,#564,.T.);
#564 = EDGE_CURVE('',#557,#565,#567,.T.);
#565 = VERTEX_POINT('',#566);
#566 = CARTESIAN_POINT('',(-0.2,0.15,2.3E-02));
#567 = LINE('',#568,#569);
#568 = CARTESIAN_POINT('',(-0.277,0.15,2.3E-02));
#569 = VECTOR('',#570,1.);
#570 = DIRECTION('',(1.,0.,0.));
#571 = ORIENTED_EDGE('',*,*,#572,.T.);
#572 = EDGE_CURVE('',#565,#521,#573,.T.);
#573 = CIRCLE('',#574,2.3E-02);
#574 = AXIS2_PLACEMENT_3D('',#575,#576,#577);
#575 = CARTESIAN_POINT('',(-0.223,0.15,2.3E-02));
#576 = DIRECTION('',(0.,1.,0.));
#577 = DIRECTION('',(0.,-0.,1.));
#578 = PLANE('',#579);
#579 = AXIS2_PLACEMENT_3D('',#580,#581,#582);
#580 = CARTESIAN_POINT('',(-0.3,0.15,0.));
#581 = DIRECTION('',(0.,1.,0.));
#582 = DIRECTION('',(0.,-0.,1.));
#583 = ADVANCED_FACE('',(#584),#595,.F.);
#584 = FACE_BOUND('',#585,.F.);
#585 = EDGE_LOOP('',(#586,#587,#588,#589));
#586 = ORIENTED_EDGE('',*,*,#520,.F.);
#587 = ORIENTED_EDGE('',*,*,#480,.F.);
#588 = ORIENTED_EDGE('',*,*,#387,.T.);
#589 = ORIENTED_EDGE('',*,*,#590,.T.);
#590 = EDGE_CURVE('',#390,#521,#591,.T.);
#591 = LINE('',#592,#593);
#592 = CARTESIAN_POINT('',(-0.223,-0.15,-1.387778780781E-17));
#593 = VECTOR('',#594,1.);
#594 = DIRECTION('',(0.,1.,0.));
#595 = PLANE('',#596);
#596 = AXIS2_PLACEMENT_3D('',#597,#598,#599);
#597 = CARTESIAN_POINT('',(-0.3,-0.15,0.));
#598 = DIRECTION('',(0.,0.,1.));
#599 = DIRECTION('',(1.,0.,-0.));
#600 = ADVANCED_FACE('',(#601),#612,.T.);
#601 = FACE_BOUND('',#602,.T.);
#602 = EDGE_LOOP('',(#603,#604,#605,#606));
#603 = ORIENTED_EDGE('',*,*,#455,.T.);
#604 = ORIENTED_EDGE('',*,*,#590,.T.);
#605 = ORIENTED_EDGE('',*,*,#572,.F.);
#606 = ORIENTED_EDGE('',*,*,#607,.F.);
#607 = EDGE_CURVE('',#448,#565,#608,.T.);
#608 = LINE('',#609,#610);
#609 = CARTESIAN_POINT('',(-0.2,-0.15,2.3E-02));
#610 = VECTOR('',#611,1.);
#611 = DIRECTION('',(0.,1.,0.));
#612 = CYLINDRICAL_SURFACE('',#613,2.3E-02);
#613 = AXIS2_PLACEMENT_3D('',#614,#615,#616);
#614 = CARTESIAN_POINT('',(-0.223,-0.15,2.3E-02));
#615 = DIRECTION('',(0.,1.,0.));
#616 = DIRECTION('',(1.,0.,0.));
#617 = ADVANCED_FACE('',(#618),#661,.F.);
#618 = FACE_BOUND('',#619,.F.);
#619 = EDGE_LOOP('',(#620,#621,#622,#623,#631,#639,#647,#655));
#620 = ORIENTED_EDGE('',*,*,#447,.F.);
#621 = ORIENTED_EDGE('',*,*,#439,.T.);
#622 = ORIENTED_EDGE('',*,*,#431,.T.);
#623 = ORIENTED_EDGE('',*,*,#624,.T.);
#624 = EDGE_CURVE('',#423,#625,#627,.T.);
#625 = VERTEX_POINT('',#626);
#626 = CARTESIAN_POINT('',(0.2,-0.15,0.207));
#627 = LINE('',#628,#629);
#628 = CARTESIAN_POINT('',(-0.2,-0.15,0.207));
#629 = VECTOR('',#630,1.);
#630 = DIRECTION('',(1.,0.,0.));
#631 = ORIENTED_EDGE('',*,*,#632,.T.);
#632 = EDGE_CURVE('',#625,#633,#635,.T.);
#633 = VERTEX_POINT('',#634);
#634 = CARTESIAN_POINT('',(0.277,-0.15,0.207));
#635 = LINE('',#636,#637);
#636 = CARTESIAN_POINT('',(-0.277,-0.15,0.207));
#637 = VECTOR('',#638,1.);
#638 = DIRECTION('',(1.,0.,0.));
#639 = ORIENTED_EDGE('',*,*,#640,.F.);
#640 = EDGE_CURVE('',#641,#633,#643,.T.);
#641 = VERTEX_POINT('',#642);
#642 = CARTESIAN_POINT('',(0.277,-0.15,2.3E-02));
#643 = LINE('',#644,#645);
#644 = CARTESIAN_POINT('',(0.277,-0.15,2.3E-02));
#645 = VECTOR('',#646,1.);
#646 = DIRECTION('',(0.,0.,1.));
#647 = ORIENTED_EDGE('',*,*,#648,.F.);
#648 = EDGE_CURVE('',#649,#641,#651,.T.);
#649 = VERTEX_POINT('',#650);
#650 = CARTESIAN_POINT('',(0.2,-0.15,2.3E-02));
#651 = LINE('',#652,#653);
#652 = CARTESIAN_POINT('',(-0.277,-0.15,2.3E-02));
#653 = VECTOR('',#654,1.);
#654 = DIRECTION('',(1.,0.,0.));
#655 = ORIENTED_EDGE('',*,*,#656,.F.);
#656 = EDGE_CURVE('',#448,#649,#657,.T.);
#657 = LINE('',#658,#659);
#658 = CARTESIAN_POINT('',(-0.277,-0.15,2.3E-02));
#659 = VECTOR('',#660,1.);
#660 = DIRECTION('',(1.,0.,0.));
#661 = PLANE('',#662);
#662 = AXIS2_PLACEMENT_3D('',#663,#664,#665);
#663 = CARTESIAN_POINT('',(-0.277,-0.15,2.3E-02));
#664 = DIRECTION('',(0.,1.,0.));
#665 = DIRECTION('',(0.,-0.,1.));
#666 = ADVANCED_FACE('',(#667),#678,.T.);
#667 = FACE_BOUND('',#668,.T.);
#668 = EDGE_LOOP('',(#669,#670,#671,#672));
#669 = ORIENTED_EDGE('',*,*,#531,.F.);
#670 = ORIENTED_EDGE('',*,*,#496,.F.);
#671 = ORIENTED_EDGE('',*,*,#414,.T.);
#672 = ORIENTED_EDGE('',*,*,#673,.T.);
#673 = EDGE_CURVE('',#415,#532,#674,.T.);
#674 = LINE('',#675,#676);
#675 = CARTESIAN_POINT('',(-0.223,-0.15,0.23));
#676 = VECTOR('',#677,1.);
#677 = DIRECTION('',(0.,1.,0.));
#678 = PLANE('',#679);
#679 = AXIS2_PLACEMENT_3D('',#680,#681,#682);
#680 = CARTESIAN_POINT('',(-0.3,-0.15,0.23));
#681 = DIRECTION('',(0.,0.,1.));
#682 = DIRECTION('',(1.,0.,-0.));
#683 = ADVANCED_FACE('',(#684),#695,.T.);
#684 = FACE_BOUND('',#685,.T.);
#685 = EDGE_LOOP('',(#686,#692,#693,#694));
#686 = ORIENTED_EDGE('',*,*,#687,.T.);
#687 = EDGE_CURVE('',#423,#540,#688,.T.);
#688 = LINE('',#689,#690);
#689 = CARTESIAN_POINT('',(-0.2,-0.15,0.207));
#690 = VECTOR('',#691,1.);
#691 = DIRECTION('',(0.,1.,0.));
#692 = ORIENTED_EDGE('',*,*,#539,.T.);
#693 = ORIENTED_EDGE('',*,*,#673,.F.);
#694 = ORIENTED_EDGE('',*,*,#422,.F.);
#695 = CYLINDRICAL_SURFACE('',#696,2.3E-02);
#696 = AXIS2_PLACEMENT_3D('',#697,#698,#699);
#697 = CARTESIAN_POINT('',(-0.223,-0.15,0.207));
#698 = DIRECTION('',(0.,1.,0.));
#699 = DIRECTION('',(1.,0.,0.));
#700 = ADVANCED_FACE('',(#701),#744,.T.);
#701 = FACE_BOUND('',#702,.T.);
#702 = EDGE_LOOP('',(#703,#704,#705,#706,#714,#722,#730,#738));
#703 = ORIENTED_EDGE('',*,*,#564,.F.);
#704 = ORIENTED_EDGE('',*,*,#556,.T.);
#705 = ORIENTED_EDGE('',*,*,#548,.T.);
#706 = ORIENTED_EDGE('',*,*,#707,.T.);
#707 = EDGE_CURVE('',#540,#708,#710,.T.);
#708 = VERTEX_POINT('',#709);
#709 = CARTESIAN_POINT('',(0.2,0.15,0.207));
#710 = LINE('',#711,#712);
#711 = CARTESIAN_POINT('',(-0.2,0.15,0.207));
#712 = VECTOR('',#713,1.);
#713 = DIRECTION('',(1.,0.,0.));
#714 = ORIENTED_EDGE('',*,*,#715,.T.);
#715 = EDGE_CURVE('',#708,#716,#718,.T.);
#716 = VERTEX_POINT('',#717);
#717 = CARTESIAN_POINT('',(0.277,0.15,0.207));
#718 = LINE('',#719,#720);
#719 = CARTESIAN_POINT('',(-0.277,0.15,0.207));
#720 = VECTOR('',#721,1.);
#721 = DIRECTION('',(1.,0.,0.));
#722 = ORIENTED_EDGE('',*,*,#723,.F.);
#723 = EDGE_CURVE('',#724,#716,#726,.T.);
#724 = VERTEX_POINT('',#725);
#725 = CARTESIAN_POINT('',(0.277,0.15,2.3E-02));
#726 = LINE('',#727,#728);
#727 = CARTESIAN_POINT('',(0.277,0.15,2.3E-02));
#728 = VECTOR('',#729,1.);
#729 = DIRECTION('',(0.,0.,1.));
#730 = ORIENTED_EDGE('',*,*,#731,.F.);
#731 = EDGE_CURVE('',#732,#724,#734,.T.);
#732 = VERTEX_POINT('',#733);
#733 = CARTESIAN_POINT('',(0.2,0.15,2.3E-02));
#734 = LINE('',#735,#736);
#735 = CARTESIAN_POINT('',(-0.277,0.15,2.3E-02));
#736 = VECTOR('',#737,1.);
#737 = DIRECTION('',(1.,0.,0.));
#738 = ORIENTED_EDGE('',*,*,#739,.F.);
#739 = EDGE_CURVE('',#565,#732,#740,.T.);
#740 = LINE('',#741,#742);
#741 = CARTESIAN_POINT('',(-0.277,0.15,2.3E-02));
#742 = VECTOR('',#743,1.);
#743 = DIRECTION('',(1.,0.,0.));
#744 = PLANE('',#745);
#745 = AXIS2_PLACEMENT_3D('',#746,#747,#748);
#746 = CARTESIAN_POINT('',(-0.277,0.15,2.3E-02));
#747 = DIRECTION('',(0.,1.,0.));
#748 = DIRECTION('',(0.,-0.,1.));
#749 = ADVANCED_FACE('',(#750),#761,.F.);
#750 = FACE_BOUND('',#751,.F.);
#751 = EDGE_LOOP('',(#752,#753,#754,#760));
#752 = ORIENTED_EDGE('',*,*,#607,.F.);
#753 = ORIENTED_EDGE('',*,*,#656,.T.);
#754 = ORIENTED_EDGE('',*,*,#755,.T.);
#755 = EDGE_CURVE('',#649,#732,#756,.T.);
#756 = LINE('',#757,#758);
#757 = CARTESIAN_POINT('',(0.2,-0.15,2.3E-02));
#758 = VECTOR('',#759,1.);
#759 = DIRECTION('',(0.,1.,0.));
#760 = ORIENTED_EDGE('',*,*,#739,.F.);
#761 = PLANE('',#762);
#762 = AXIS2_PLACEMENT_3D('',#763,#764,#765);
#763 = CARTESIAN_POINT('',(-0.277,-0.15,2.3E-02));
#764 = DIRECTION('',(0.,0.,1.));
#765 = DIRECTION('',(1.,0.,-0.));
#766 = ADVANCED_FACE('',(#767),#830,.F.);
#767 = FACE_BOUND('',#768,.F.);
#768 = EDGE_LOOP('',(#769,#779,#786,#787,#788,#789,#798,#806,#815,#823)
  );
#769 = ORIENTED_EDGE('',*,*,#770,.F.);
#770 = EDGE_CURVE('',#771,#773,#775,.T.);
#771 = VERTEX_POINT('',#772);
#772 = CARTESIAN_POINT('',(0.223,-0.15,-1.387778780781E-17));
#773 = VERTEX_POINT('',#774);
#774 = CARTESIAN_POINT('',(0.277,-0.15,-1.387778780781E-17));
#775 = LINE('',#776,#777);
#776 = CARTESIAN_POINT('',(0.2,-0.15,0.));
#777 = VECTOR('',#778,1.);
#778 = DIRECTION('',(1.,0.,0.));
#779 = ORIENTED_EDGE('',*,*,#780,.F.);
#780 = EDGE_CURVE('',#649,#771,#781,.T.);
#781 = CIRCLE('',#782,2.3E-02);
#782 = AXIS2_PLACEMENT_3D('',#783,#784,#785);
#783 = CARTESIAN_POINT('',(0.223,-0.15,2.3E-02));
#784 = DIRECTION('',(0.,-1.,0.));
#785 = DIRECTION('',(0.,0.,1.));
#786 = ORIENTED_EDGE('',*,*,#648,.T.);
#787 = ORIENTED_EDGE('',*,*,#640,.T.);
#788 = ORIENTED_EDGE('',*,*,#632,.F.);
#789 = ORIENTED_EDGE('',*,*,#790,.T.);
#790 = EDGE_CURVE('',#625,#791,#793,.T.);
#791 = VERTEX_POINT('',#792);
#792 = CARTESIAN_POINT('',(0.223,-0.15,0.23));
#793 = CIRCLE('',#794,2.3E-02);
#794 = AXIS2_PLACEMENT_3D('',#795,#796,#797);
#795 = CARTESIAN_POINT('',(0.223,-0.15,0.207));
#796 = DIRECTION('',(0.,1.,0.));
#797 = DIRECTION('',(0.,-0.,1.));
#798 = ORIENTED_EDGE('',*,*,#799,.T.);
#799 = EDGE_CURVE('',#791,#800,#802,.T.);
#800 = VERTEX_POINT('',#801);
#801 = CARTESIAN_POINT('',(0.277,-0.15,0.23));
#802 = LINE('',#803,#804);
#803 = CARTESIAN_POINT('',(0.2,-0.15,0.23));
#804 = VECTOR('',#805,1.);
#805 = DIRECTION('',(1.,0.,0.));
#806 = ORIENTED_EDGE('',*,*,#807,.F.);
#807 = EDGE_CURVE('',#808,#800,#810,.T.);
#808 = VERTEX_POINT('',#809);
#809 = CARTESIAN_POINT('',(0.3,-0.15,0.207));
#810 = CIRCLE('',#811,2.3E-02);
#811 = AXIS2_PLACEMENT_3D('',#812,#813,#814);
#812 = CARTESIAN_POINT('',(0.277,-0.15,0.207));
#813 = DIRECTION('',(0.,-1.,0.));
#814 = DIRECTION('',(0.,0.,1.));
#815 = ORIENTED_EDGE('',*,*,#816,.F.);
#816 = EDGE_CURVE('',#817,#808,#819,.T.);
#817 = VERTEX_POINT('',#818);
#818 = CARTESIAN_POINT('',(0.3,-0.15,2.3E-02));
#819 = LINE('',#820,#821);
#820 = CARTESIAN_POINT('',(0.3,-0.15,0.));
#821 = VECTOR('',#822,1.);
#822 = DIRECTION('',(0.,0.,1.));
#823 = ORIENTED_EDGE('',*,*,#824,.T.);
#824 = EDGE_CURVE('',#817,#773,#825,.T.);
#825 = CIRCLE('',#826,2.3E-02);
#826 = AXIS2_PLACEMENT_3D('',#827,#828,#829);
#827 = CARTESIAN_POINT('',(0.277,-0.15,2.3E-02));
#828 = DIRECTION('',(0.,1.,0.));
#829 = DIRECTION('',(0.,-0.,1.));
#830 = PLANE('',#831);
#831 = AXIS2_PLACEMENT_3D('',#832,#833,#834);
#832 = CARTESIAN_POINT('',(0.2,-0.15,0.));
#833 = DIRECTION('',(0.,1.,0.));
#834 = DIRECTION('',(0.,-0.,1.));
#835 = ADVANCED_FACE('',(#836),#861,.F.);
#836 = FACE_BOUND('',#837,.F.);
#837 = EDGE_LOOP('',(#838,#839,#847,#855));
#838 = ORIENTED_EDGE('',*,*,#624,.F.);
#839 = ORIENTED_EDGE('',*,*,#840,.T.);
#840 = EDGE_CURVE('',#423,#841,#843,.T.);
#841 = VERTEX_POINT('',#842);
#842 = CARTESIAN_POINT('',(-0.2,-0.15,0.23));
#843 = LINE('',#844,#845);
#844 = CARTESIAN_POINT('',(-0.2,-0.15,0.207));
#845 = VECTOR('',#846,1.);
#846 = DIRECTION('',(0.,0.,1.));
#847 = ORIENTED_EDGE('',*,*,#848,.T.);
#848 = EDGE_CURVE('',#841,#849,#851,.T.);
#849 = VERTEX_POINT('',#850);
#850 = CARTESIAN_POINT('',(0.2,-0.15,0.23));
#851 = LINE('',#852,#853);
#852 = CARTESIAN_POINT('',(-0.2,-0.15,0.23));
#853 = VECTOR('',#854,1.);
#854 = DIRECTION('',(1.,0.,0.));
#855 = ORIENTED_EDGE('',*,*,#856,.F.);
#856 = EDGE_CURVE('',#625,#849,#857,.T.);
#857 = LINE('',#858,#859);
#858 = CARTESIAN_POINT('',(0.2,-0.15,0.207));
#859 = VECTOR('',#860,1.);
#860 = DIRECTION('',(0.,0.,1.));
#861 = PLANE('',#862);
#862 = AXIS2_PLACEMENT_3D('',#863,#864,#865);
#863 = CARTESIAN_POINT('',(-0.2,-0.15,0.207));
#864 = DIRECTION('',(0.,1.,0.));
#865 = DIRECTION('',(0.,-0.,1.));
#866 = ADVANCED_FACE('',(#867),#885,.F.);
#867 = FACE_BOUND('',#868,.F.);
#868 = EDGE_LOOP('',(#869,#870,#871,#879));
#869 = ORIENTED_EDGE('',*,*,#840,.F.);
#870 = ORIENTED_EDGE('',*,*,#687,.T.);
#871 = ORIENTED_EDGE('',*,*,#872,.T.);
#872 = EDGE_CURVE('',#540,#873,#875,.T.);
#873 = VERTEX_POINT('',#874);
#874 = CARTESIAN_POINT('',(-0.2,0.15,0.23));
#875 = LINE('',#876,#877);
#876 = CARTESIAN_POINT('',(-0.2,0.15,0.207));
#877 = VECTOR('',#878,1.);
#878 = DIRECTION('',(0.,0.,1.));
#879 = ORIENTED_EDGE('',*,*,#880,.F.);
#880 = EDGE_CURVE('',#841,#873,#881,.T.);
#881 = LINE('',#882,#883);
#882 = CARTESIAN_POINT('',(-0.2,-0.15,0.23));
#883 = VECTOR('',#884,1.);
#884 = DIRECTION('',(0.,1.,0.));
#885 = PLANE('',#886);
#886 = AXIS2_PLACEMENT_3D('',#887,#888,#889);
#887 = CARTESIAN_POINT('',(-0.2,-0.15,0.207));
#888 = DIRECTION('',(1.,0.,0.));
#889 = DIRECTION('',(0.,0.,1.));
#890 = ADVANCED_FACE('',(#891),#954,.T.);
#891 = FACE_BOUND('',#892,.T.);
#892 = EDGE_LOOP('',(#893,#903,#910,#911,#912,#913,#922,#930,#939,#947)
  );
#893 = ORIENTED_EDGE('',*,*,#894,.F.);
#894 = EDGE_CURVE('',#895,#897,#899,.T.);
#895 = VERTEX_POINT('',#896);
#896 = CARTESIAN_POINT('',(0.223,0.15,-1.387778780781E-17));
#897 = VERTEX_POINT('',#898);
#898 = CARTESIAN_POINT('',(0.277,0.15,-1.387778780781E-17));
#899 = LINE('',#900,#901);
#900 = CARTESIAN_POINT('',(0.2,0.15,0.));
#901 = VECTOR('',#902,1.);
#902 = DIRECTION('',(1.,0.,0.));
#903 = ORIENTED_EDGE('',*,*,#904,.F.);
#904 = EDGE_CURVE('',#732,#895,#905,.T.);
#905 = CIRCLE('',#906,2.3E-02);
#906 = AXIS2_PLACEMENT_3D('',#907,#908,#909);
#907 = CARTESIAN_POINT('',(0.223,0.15,2.3E-02));
#908 = DIRECTION('',(0.,-1.,0.));
#909 = DIRECTION('',(0.,0.,1.));
#910 = ORIENTED_EDGE('',*,*,#731,.T.);
#911 = ORIENTED_EDGE('',*,*,#723,.T.);
#912 = ORIENTED_EDGE('',*,*,#715,.F.);
#913 = ORIENTED_EDGE('',*,*,#914,.T.);
#914 = EDGE_CURVE('',#708,#915,#917,.T.);
#915 = VERTEX_POINT('',#916);
#916 = CARTESIAN_POINT('',(0.223,0.15,0.23));
#917 = CIRCLE('',#918,2.3E-02);
#918 = AXIS2_PLACEMENT_3D('',#919,#920,#921);
#919 = CARTESIAN_POINT('',(0.223,0.15,0.207));
#920 = DIRECTION('',(0.,1.,0.));
#921 = DIRECTION('',(0.,-0.,1.));
#922 = ORIENTED_EDGE('',*,*,#923,.T.);
#923 = EDGE_CURVE('',#915,#924,#926,.T.);
#924 = VERTEX_POINT('',#925);
#925 = CARTESIAN_POINT('',(0.277,0.15,0.23));
#926 = LINE('',#927,#928);
#927 = CARTESIAN_POINT('',(0.2,0.15,0.23));
#928 = VECTOR('',#929,1.);
#929 = DIRECTION('',(1.,0.,0.));
#930 = ORIENTED_EDGE('',*,*,#931,.F.);
#931 = EDGE_CURVE('',#932,#924,#934,.T.);
#932 = VERTEX_POINT('',#933);
#933 = CARTESIAN_POINT('',(0.3,0.15,0.207));
#934 = CIRCLE('',#935,2.3E-02);
#935 = AXIS2_PLACEMENT_3D('',#936,#937,#938);
#936 = CARTESIAN_POINT('',(0.277,0.15,0.207));
#937 = DIRECTION('',(0.,-1.,0.));
#938 = DIRECTION('',(0.,0.,1.));
#939 = ORIENTED_EDGE('',*,*,#940,.F.);
#940 = EDGE_CURVE('',#941,#932,#943,.T.);
#941 = VERTEX_POINT('',#942);
#942 = CARTESIAN_POINT('',(0.3,0.15,2.3E-02));
#943 = LINE('',#944,#945);
#944 = CARTESIAN_POINT('',(0.3,0.15,0.));
#945 = VECTOR('',#946,1.);
#946 = DIRECTION('',(0.,0.,1.));
#947 = ORIENTED_EDGE('',*,*,#948,.T.);
#948 = EDGE_CURVE('',#941,#897,#949,.T.);
#949 = CIRCLE('',#950,2.3E-02);
#950 = AXIS2_PLACEMENT_3D('',#951,#952,#953);
#951 = CARTESIAN_POINT('',(0.277,0.15,2.3E-02));
#952 = DIRECTION('',(0.,1.,0.));
#953 = DIRECTION('',(0.,-0.,1.));
#954 = PLANE('',#955);
#955 = AXIS2_PLACEMENT_3D('',#956,#957,#958);
#956 = CARTESIAN_POINT('',(0.2,0.15,0.));
#957 = DIRECTION('',(0.,1.,0.));
#958 = DIRECTION('',(0.,-0.,1.));
#959 = ADVANCED_FACE('',(#960),#978,.T.);
#960 = FACE_BOUND('',#961,.T.);
#961 = EDGE_LOOP('',(#962,#963,#964,#972));
#962 = ORIENTED_EDGE('',*,*,#707,.F.);
#963 = ORIENTED_EDGE('',*,*,#872,.T.);
#964 = ORIENTED_EDGE('',*,*,#965,.T.);
#965 = EDGE_CURVE('',#873,#966,#968,.T.);
#966 = VERTEX_POINT('',#967);
#967 = CARTESIAN_POINT('',(0.2,0.15,0.23));
#968 = LINE('',#969,#970);
#969 = CARTESIAN_POINT('',(-0.2,0.15,0.23));
#970 = VECTOR('',#971,1.);
#971 = DIRECTION('',(1.,0.,0.));
#972 = ORIENTED_EDGE('',*,*,#973,.F.);
#973 = EDGE_CURVE('',#708,#966,#974,.T.);
#974 = LINE('',#975,#976);
#975 = CARTESIAN_POINT('',(0.2,0.15,0.207));
#976 = VECTOR('',#977,1.);
#977 = DIRECTION('',(0.,0.,1.));
#978 = PLANE('',#979);
#979 = AXIS2_PLACEMENT_3D('',#980,#981,#982);
#980 = CARTESIAN_POINT('',(-0.2,0.15,0.207));
#981 = DIRECTION('',(0.,1.,0.));
#982 = DIRECTION('',(0.,-0.,1.));
#983 = ADVANCED_FACE('',(#984),#995,.T.);
#984 = FACE_BOUND('',#985,.T.);
#985 = EDGE_LOOP('',(#986,#987,#988,#994));
#986 = ORIENTED_EDGE('',*,*,#755,.T.);
#987 = ORIENTED_EDGE('',*,*,#904,.T.);
#988 = ORIENTED_EDGE('',*,*,#989,.F.);
#989 = EDGE_CURVE('',#771,#895,#990,.T.);
#990 = LINE('',#991,#992);
#991 = CARTESIAN_POINT('',(0.223,-0.15,-1.387778780781E-17));
#992 = VECTOR('',#993,1.);
#993 = DIRECTION('',(0.,1.,0.));
#994 = ORIENTED_EDGE('',*,*,#780,.F.);
#995 = CYLINDRICAL_SURFACE('',#996,2.3E-02);
#996 = AXIS2_PLACEMENT_3D('',#997,#998,#999);
#997 = CARTESIAN_POINT('',(0.223,-0.15,2.3E-02));
#998 = DIRECTION('',(0.,1.,0.));
#999 = DIRECTION('',(-1.,0.,0.));
#1000 = ADVANCED_FACE('',(#1001),#1012,.F.);
#1001 = FACE_BOUND('',#1002,.F.);
#1002 = EDGE_LOOP('',(#1003,#1004,#1005,#1006));
#1003 = ORIENTED_EDGE('',*,*,#894,.F.);
#1004 = ORIENTED_EDGE('',*,*,#989,.F.);
#1005 = ORIENTED_EDGE('',*,*,#770,.T.);
#1006 = ORIENTED_EDGE('',*,*,#1007,.T.);
#1007 = EDGE_CURVE('',#773,#897,#1008,.T.);
#1008 = LINE('',#1009,#1010);
#1009 = CARTESIAN_POINT('',(0.277,-0.15,-1.387778780781E-17));
#1010 = VECTOR('',#1011,1.);
#1011 = DIRECTION('',(0.,1.,0.));
#1012 = PLANE('',#1013);
#1013 = AXIS2_PLACEMENT_3D('',#1014,#1015,#1016);
#1014 = CARTESIAN_POINT('',(0.2,-0.15,0.));
#1015 = DIRECTION('',(0.,0.,1.));
#1016 = DIRECTION('',(1.,0.,-0.));
#1017 = ADVANCED_FACE('',(#1018),#1029,.T.);
#1018 = FACE_BOUND('',#1019,.T.);
#1019 = EDGE_LOOP('',(#1020,#1021,#1022,#1023));
#1020 = ORIENTED_EDGE('',*,*,#824,.T.);
#1021 = ORIENTED_EDGE('',*,*,#1007,.T.);
#1022 = ORIENTED_EDGE('',*,*,#948,.F.);
#1023 = ORIENTED_EDGE('',*,*,#1024,.F.);
#1024 = EDGE_CURVE('',#817,#941,#1025,.T.);
#1025 = LINE('',#1026,#1027);
#1026 = CARTESIAN_POINT('',(0.3,-0.15,2.3E-02));
#1027 = VECTOR('',#1028,1.);
#1028 = DIRECTION('',(0.,1.,0.));
#1029 = CYLINDRICAL_SURFACE('',#1030,2.3E-02);
#1030 = AXIS2_PLACEMENT_3D('',#1031,#1032,#1033);
#1031 = CARTESIAN_POINT('',(0.277,-0.15,2.3E-02));
#1032 = DIRECTION('',(0.,1.,0.));
#1033 = DIRECTION('',(1.,0.,0.));
#1034 = ADVANCED_FACE('',(#1035),#1046,.T.);
#1035 = FACE_BOUND('',#1036,.T.);
#1036 = EDGE_LOOP('',(#1037,#1038,#1039,#1040));
#1037 = ORIENTED_EDGE('',*,*,#816,.F.);
#1038 = ORIENTED_EDGE('',*,*,#1024,.T.);
#1039 = ORIENTED_EDGE('',*,*,#940,.T.);
#1040 = ORIENTED_EDGE('',*,*,#1041,.F.);
#1041 = EDGE_CURVE('',#808,#932,#1042,.T.);
#1042 = LINE('',#1043,#1044);
#1043 = CARTESIAN_POINT('',(0.3,-0.15,0.207));
#1044 = VECTOR('',#1045,1.);
#1045 = DIRECTION('',(0.,1.,0.));
#1046 = PLANE('',#1047);
#1047 = AXIS2_PLACEMENT_3D('',#1048,#1049,#1050);
#1048 = CARTESIAN_POINT('',(0.3,-0.15,0.));
#1049 = DIRECTION('',(1.,0.,0.));
#1050 = DIRECTION('',(0.,0.,1.));
#1051 = ADVANCED_FACE('',(#1052),#1063,.T.);
#1052 = FACE_BOUND('',#1053,.T.);
#1053 = EDGE_LOOP('',(#1054,#1055,#1056,#1062));
#1054 = ORIENTED_EDGE('',*,*,#1041,.T.);
#1055 = ORIENTED_EDGE('',*,*,#931,.T.);
#1056 = ORIENTED_EDGE('',*,*,#1057,.F.);
#1057 = EDGE_CURVE('',#800,#924,#1058,.T.);
#1058 = LINE('',#1059,#1060);
#1059 = CARTESIAN_POINT('',(0.277,-0.15,0.23));
#1060 = VECTOR('',#1061,1.);
#1061 = DIRECTION('',(0.,1.,0.));
#1062 = ORIENTED_EDGE('',*,*,#807,.F.);
#1063 = CYLINDRICAL_SURFACE('',#1064,2.3E-02);
#1064 = AXIS2_PLACEMENT_3D('',#1065,#1066,#1067);
#1065 = CARTESIAN_POINT('',(0.277,-0.15,0.207));
#1066 = DIRECTION('',(0.,1.,0.));
#1067 = DIRECTION('',(1.,0.,0.));
#1068 = ADVANCED_FACE('',(#1069),#1080,.T.);
#1069 = FACE_BOUND('',#1070,.T.);
#1070 = EDGE_LOOP('',(#1071,#1072,#1078,#1079));
#1071 = ORIENTED_EDGE('',*,*,#923,.F.);
#1072 = ORIENTED_EDGE('',*,*,#1073,.F.);
#1073 = EDGE_CURVE('',#791,#915,#1074,.T.);
#1074 = LINE('',#1075,#1076);
#1075 = CARTESIAN_POINT('',(0.223,-0.15,0.23));
#1076 = VECTOR('',#1077,1.);
#1077 = DIRECTION('',(0.,1.,0.));
#1078 = ORIENTED_EDGE('',*,*,#799,.T.);
#1079 = ORIENTED_EDGE('',*,*,#1057,.T.);
#1080 = PLANE('',#1081);
#1081 = AXIS2_PLACEMENT_3D('',#1082,#1083,#1084);
#1082 = CARTESIAN_POINT('',(0.2,-0.15,0.23));
#1083 = DIRECTION('',(0.,0.,1.));
#1084 = DIRECTION('',(1.,0.,-0.));
#1085 = ADVANCED_FACE('',(#1086),#1097,.T.);
#1086 = FACE_BOUND('',#1087,.T.);
#1087 = EDGE_LOOP('',(#1088,#1089,#1090,#1091));
#1088 = ORIENTED_EDGE('',*,*,#790,.T.);
#1089 = ORIENTED_EDGE('',*,*,#1073,.T.);
#1090 = ORIENTED_EDGE('',*,*,#914,.F.);
#1091 = ORIENTED_EDGE('',*,*,#1092,.F.);
#1092 = EDGE_CURVE('',#625,#708,#1093,.T.);
#1093 = LINE('',#1094,#1095);
#1094 = CARTESIAN_POINT('',(0.2,-0.15,0.207));
#1095 = VECTOR('',#1096,1.);
#1096 = DIRECTION('',(0.,1.,0.));
#1097 = CYLINDRICAL_SURFACE('',#1098,2.3E-02);
#1098 = AXIS2_PLACEMENT_3D('',#1099,#1100,#1101);
#1099 = CARTESIAN_POINT('',(0.223,-0.15,0.207));
#1100 = DIRECTION('',(0.,1.,0.));
#1101 = DIRECTION('',(-1.,0.,0.));
#1102 = ADVANCED_FACE('',(#1103),#1114,.T.);
#1103 = FACE_BOUND('',#1104,.T.);
#1104 = EDGE_LOOP('',(#1105,#1106,#1107,#1108));
#1105 = ORIENTED_EDGE('',*,*,#856,.F.);
#1106 = ORIENTED_EDGE('',*,*,#1092,.T.);
#1107 = ORIENTED_EDGE('',*,*,#973,.T.);
#1108 = ORIENTED_EDGE('',*,*,#1109,.F.);
#1109 = EDGE_CURVE('',#849,#966,#1110,.T.);
#1110 = LINE('',#1111,#1112);
#1111 = CARTESIAN_POINT('',(0.2,-0.15,0.23));
#1112 = VECTOR('',#1113,1.);
#1113 = DIRECTION('',(0.,1.,0.));
#1114 = PLANE('',#1115);
#1115 = AXIS2_PLACEMENT_3D('',#1116,#1117,#1118);
#1116 = CARTESIAN_POINT('',(0.2,-0.15,0.207));
#1117 = DIRECTION('',(1.,0.,0.));
#1118 = DIRECTION('',(0.,0.,1.));
#1119 = ADVANCED_FACE('',(#1120),#1126,.T.);
#1120 = FACE_BOUND('',#1121,.T.);
#1121 = EDGE_LOOP('',(#1122,#1123,#1124,#1125));
#1122 = ORIENTED_EDGE('',*,*,#880,.F.);
#1123 = ORIENTED_EDGE('',*,*,#848,.T.);
#1124 = ORIENTED_EDGE('',*,*,#1109,.T.);
#1125 = ORIENTED_EDGE('',*,*,#965,.F.);
#1126 = PLANE('',#1127);
#1127 = AXIS2_PLACEMENT_3D('',#1128,#1129,#1130);
#1128 = CARTESIAN_POINT('',(-0.2,-0.15,0.23));
#1129 = DIRECTION('',(0.,0.,1.));
#1130 = DIRECTION('',(1.,0.,-0.));
#1131 = ( GEOMETRIC_REPRESENTATION_CONTEXT(3) 
GLOBAL_UNCERTAINTY_ASSIGNED_CONTEXT((#1135)) 
GLOBAL_UNIT_ASSIGNED_CONTEXT((#1132,#1133,#1134)) REPRESENTATION_CONTEXT
('Context #1','3D Context with UNIT and UNCERTAINTY') );
#1132 = ( LENGTH_UNIT() NAMED_UNIT(*) SI_UNIT(.MILLI.,.METRE.) );
#1133 = ( NAMED_UNIT(*) PLANE_ANGLE_UNIT() SI_UNIT($,.RADIAN.) );
#1134 = ( NAMED_UNIT(*) SI_UNIT($,.STERADIAN.) SOLID_ANGLE_UNIT() );
#1135 = UNCERTAINTY_MEASURE_WITH_UNIT(LENGTH_MEASURE(1.E-07),#1132,
  'distance_accuracy_value','confusion accuracy');
#1136 = CONTEXT_DEPENDENT_SHAPE_REPRESENTATION(#1137,#1139);
#1137 = ( REPRESENTATION_RELATIONSHIP('','',#340,#10) 
REPRESENTATION_RELATIONSHIP_WITH_TRANSFORMATION(#1138) 
SHAPE_REPRESENTATION_RELATIONSHIP() );
#1138 = ITEM_DEFINED_TRANSFORMATION('','',#11,#15);
#1139 = PRODUCT_DEFINITION_SHAPE('Placement','Placement of an item',
  #1140);
#1140 = NEXT_ASSEMBLY_USAGE_OCCURRENCE('1','R4','',#5,#335,$);
#1141 = PRODUCT_RELATED_PRODUCT_CATEGORY('part',$,(#337));
#1142 = SHAPE_DEFINITION_REPRESENTATION(#1143,#1149);
#1143 = PRODUCT_DEFINITION_SHAPE('','',#1144);
#1144 = PRODUCT_DEFINITION('design','',#1145,#1148);
#1145 = PRODUCT_DEFINITION_FORMATION('','',#1146);
#1146 = PRODUCT('C_0201_0603Metric','C_0201_0603Metric','',(#1147));
#1147 = PRODUCT_CONTEXT('',#2,'mechanical');
#1148 = PRODUCT_DEFINITION_CONTEXT('part definition',#2,'design');
#1149 = ADVANCED_BREP_SHAPE_REPRESENTATION('',(#11,#1150),#2004);
#1150 = MANIFOLD_SOLID_BREP('',#1151);
#1151 = CLOSED_SHELL('',(#1152,#1228,#1259,#1284,#1309,#1333,#1357,#1382
    ,#1407,#1424,#1510,#1542,#1566,#1591,#1615,#1640,#1664,#1689,#1706,
    #1792,#1823,#1848,#1873,#1897,#1921,#1946,#1971,#1988));
#1152 = ADVANCED_FACE('',(#1153),#1223,.F.);
#1153 = FACE_BOUND('',#1154,.F.);
#1154 = EDGE_LOOP('',(#1155,#1165,#1174,#1182,#1191,#1199,#1208,#1216));
#1155 = ORIENTED_EDGE('',*,*,#1156,.F.);
#1156 = EDGE_CURVE('',#1157,#1159,#1161,.T.);
#1157 = VERTEX_POINT('',#1158);
#1158 = CARTESIAN_POINT('',(-0.3,-0.15,1.5E-02));
#1159 = VERTEX_POINT('',#1160);
#1160 = CARTESIAN_POINT('',(-0.3,-0.15,0.285));
#1161 = LINE('',#1162,#1163);
#1162 = CARTESIAN_POINT('',(-0.3,-0.15,0.));
#1163 = VECTOR('',#1164,1.);
#1164 = DIRECTION('',(0.,0.,1.));
#1165 = ORIENTED_EDGE('',*,*,#1166,.T.);
#1166 = EDGE_CURVE('',#1157,#1167,#1169,.T.);
#1167 = VERTEX_POINT('',#1168);
#1168 = CARTESIAN_POINT('',(-0.3,-0.135,-2.775557561563E-17));
#1169 = CIRCLE('',#1170,1.5E-02);
#1170 = AXIS2_PLACEMENT_3D('',#1171,#1172,#1173);
#1171 = CARTESIAN_POINT('',(-0.3,-0.135,1.5E-02));
#1172 = DIRECTION('',(1.,0.,-0.));
#1173 = DIRECTION('',(0.,0.,1.));
#1174 = ORIENTED_EDGE('',*,*,#1175,.T.);
#1175 = EDGE_CURVE('',#1167,#1176,#1178,.T.);
#1176 = VERTEX_POINT('',#1177);
#1177 = CARTESIAN_POINT('',(-0.3,0.135,-2.775557561563E-17));
#1178 = LINE('',#1179,#1180);
#1179 = CARTESIAN_POINT('',(-0.3,-0.15,0.));
#1180 = VECTOR('',#1181,1.);
#1181 = DIRECTION('',(0.,1.,0.));
#1182 = ORIENTED_EDGE('',*,*,#1183,.F.);
#1183 = EDGE_CURVE('',#1184,#1176,#1186,.T.);
#1184 = VERTEX_POINT('',#1185);
#1185 = CARTESIAN_POINT('',(-0.3,0.15,1.5E-02));
#1186 = CIRCLE('',#1187,1.5E-02);
#1187 = AXIS2_PLACEMENT_3D('',#1188,#1189,#1190);
#1188 = CARTESIAN_POINT('',(-0.3,0.135,1.5E-02));
#1189 = DIRECTION('',(-1.,0.,0.));
#1190 = DIRECTION('',(0.,0.,1.));
#1191 = ORIENTED_EDGE('',*,*,#1192,.T.);
#1192 = EDGE_CURVE('',#1184,#1193,#1195,.T.);
#1193 = VERTEX_POINT('',#1194);
#1194 = CARTESIAN_POINT('',(-0.3,0.15,0.285));
#1195 = LINE('',#1196,#1197);
#1196 = CARTESIAN_POINT('',(-0.3,0.15,0.));
#1197 = VECTOR('',#1198,1.);
#1198 = DIRECTION('',(0.,0.,1.));
#1199 = ORIENTED_EDGE('',*,*,#1200,.T.);
#1200 = EDGE_CURVE('',#1193,#1201,#1203,.T.);
#1201 = VERTEX_POINT('',#1202);
#1202 = CARTESIAN_POINT('',(-0.3,0.135,0.3));
#1203 = CIRCLE('',#1204,1.5E-02);
#1204 = AXIS2_PLACEMENT_3D('',#1205,#1206,#1207);
#1205 = CARTESIAN_POINT('',(-0.3,0.135,0.285));
#1206 = DIRECTION('',(1.,0.,-0.));
#1207 = DIRECTION('',(0.,0.,1.));
#1208 = ORIENTED_EDGE('',*,*,#1209,.F.);
#1209 = EDGE_CURVE('',#1210,#1201,#1212,.T.);
#1210 = VERTEX_POINT('',#1211);
#1211 = CARTESIAN_POINT('',(-0.3,-0.135,0.3));
#1212 = LINE('',#1213,#1214);
#1213 = CARTESIAN_POINT('',(-0.3,-0.15,0.3));
#1214 = VECTOR('',#1215,1.);
#1215 = DIRECTION('',(0.,1.,0.));
#1216 = ORIENTED_EDGE('',*,*,#1217,.F.);
#1217 = EDGE_CURVE('',#1159,#1210,#1218,.T.);
#1218 = CIRCLE('',#1219,1.5E-02);
#1219 = AXIS2_PLACEMENT_3D('',#1220,#1221,#1222);
#1220 = CARTESIAN_POINT('',(-0.3,-0.135,0.285));
#1221 = DIRECTION('',(-1.,0.,0.));
#1222 = DIRECTION('',(0.,0.,1.));
#1223 = PLANE('',#1224);
#1224 = AXIS2_PLACEMENT_3D('',#1225,#1226,#1227);
#1225 = CARTESIAN_POINT('',(-0.3,-0.15,0.));
#1226 = DIRECTION('',(1.,0.,0.));
#1227 = DIRECTION('',(0.,0.,1.));
#1228 = ADVANCED_FACE('',(#1229),#1254,.F.);
#1229 = FACE_BOUND('',#1230,.F.);
#1230 = EDGE_LOOP('',(#1231,#1241,#1247,#1248));
#1231 = ORIENTED_EDGE('',*,*,#1232,.F.);
#1232 = EDGE_CURVE('',#1233,#1235,#1237,.T.);
#1233 = VERTEX_POINT('',#1234);
#1234 = CARTESIAN_POINT('',(-0.15,-0.15,1.5E-02));
#1235 = VERTEX_POINT('',#1236);
#1236 = CARTESIAN_POINT('',(-0.15,-0.15,0.285));
#1237 = LINE('',#1238,#1239);
#1238 = CARTESIAN_POINT('',(-0.15,-0.15,0.));
#1239 = VECTOR('',#1240,1.);
#1240 = DIRECTION('',(0.,0.,1.));
#1241 = ORIENTED_EDGE('',*,*,#1242,.F.);
#1242 = EDGE_CURVE('',#1157,#1233,#1243,.T.);
#1243 = LINE('',#1244,#1245);
#1244 = CARTESIAN_POINT('',(-0.3,-0.15,1.5E-02));
#1245 = VECTOR('',#1246,1.);
#1246 = DIRECTION('',(1.,0.,0.));
#1247 = ORIENTED_EDGE('',*,*,#1156,.T.);
#1248 = ORIENTED_EDGE('',*,*,#1249,.T.);
#1249 = EDGE_CURVE('',#1159,#1235,#1250,.T.);
#1250 = LINE('',#1251,#1252);
#1251 = CARTESIAN_POINT('',(-0.3,-0.15,0.285));
#1252 = VECTOR('',#1253,1.);
#1253 = DIRECTION('',(1.,0.,0.));
#1254 = PLANE('',#1255);
#1255 = AXIS2_PLACEMENT_3D('',#1256,#1257,#1258);
#1256 = CARTESIAN_POINT('',(-0.3,-0.15,0.));
#1257 = DIRECTION('',(0.,1.,0.));
#1258 = DIRECTION('',(0.,-0.,1.));
#1259 = ADVANCED_FACE('',(#1260),#1279,.T.);
#1260 = FACE_BOUND('',#1261,.T.);
#1261 = EDGE_LOOP('',(#1262,#1263,#1271,#1278));
#1262 = ORIENTED_EDGE('',*,*,#1166,.T.);
#1263 = ORIENTED_EDGE('',*,*,#1264,.T.);
#1264 = EDGE_CURVE('',#1167,#1265,#1267,.T.);
#1265 = VERTEX_POINT('',#1266);
#1266 = CARTESIAN_POINT('',(-0.15,-0.135,-2.775557561563E-17));
#1267 = LINE('',#1268,#1269);
#1268 = CARTESIAN_POINT('',(-0.3,-0.135,-2.775557561563E-17));
#1269 = VECTOR('',#1270,1.);
#1270 = DIRECTION('',(1.,0.,0.));
#1271 = ORIENTED_EDGE('',*,*,#1272,.F.);
#1272 = EDGE_CURVE('',#1233,#1265,#1273,.T.);
#1273 = CIRCLE('',#1274,1.5E-02);
#1274 = AXIS2_PLACEMENT_3D('',#1275,#1276,#1277);
#1275 = CARTESIAN_POINT('',(-0.15,-0.135,1.5E-02));
#1276 = DIRECTION('',(1.,0.,-0.));
#1277 = DIRECTION('',(0.,0.,1.));
#1278 = ORIENTED_EDGE('',*,*,#1242,.F.);
#1279 = CYLINDRICAL_SURFACE('',#1280,1.5E-02);
#1280 = AXIS2_PLACEMENT_3D('',#1281,#1282,#1283);
#1281 = CARTESIAN_POINT('',(-0.3,-0.135,1.5E-02));
#1282 = DIRECTION('',(1.,0.,0.));
#1283 = DIRECTION('',(0.,-1.,0.));
#1284 = ADVANCED_FACE('',(#1285),#1304,.T.);
#1285 = FACE_BOUND('',#1286,.T.);
#1286 = EDGE_LOOP('',(#1287,#1288,#1297,#1303));
#1287 = ORIENTED_EDGE('',*,*,#1249,.T.);
#1288 = ORIENTED_EDGE('',*,*,#1289,.T.);
#1289 = EDGE_CURVE('',#1235,#1290,#1292,.T.);
#1290 = VERTEX_POINT('',#1291);
#1291 = CARTESIAN_POINT('',(-0.15,-0.135,0.3));
#1292 = CIRCLE('',#1293,1.5E-02);
#1293 = AXIS2_PLACEMENT_3D('',#1294,#1295,#1296);
#1294 = CARTESIAN_POINT('',(-0.15,-0.135,0.285));
#1295 = DIRECTION('',(-1.,0.,0.));
#1296 = DIRECTION('',(0.,0.,1.));
#1297 = ORIENTED_EDGE('',*,*,#1298,.F.);
#1298 = EDGE_CURVE('',#1210,#1290,#1299,.T.);
#1299 = LINE('',#1300,#1301);
#1300 = CARTESIAN_POINT('',(-0.3,-0.135,0.3));
#1301 = VECTOR('',#1302,1.);
#1302 = DIRECTION('',(1.,0.,0.));
#1303 = ORIENTED_EDGE('',*,*,#1217,.F.);
#1304 = CYLINDRICAL_SURFACE('',#1305,1.5E-02);
#1305 = AXIS2_PLACEMENT_3D('',#1306,#1307,#1308);
#1306 = CARTESIAN_POINT('',(-0.3,-0.135,0.285));
#1307 = DIRECTION('',(1.,0.,0.));
#1308 = DIRECTION('',(0.,-1.,0.));
#1309 = ADVANCED_FACE('',(#1310),#1328,.F.);
#1310 = FACE_BOUND('',#1311,.F.);
#1311 = EDGE_LOOP('',(#1312,#1313,#1314,#1322));
#1312 = ORIENTED_EDGE('',*,*,#1175,.F.);
#1313 = ORIENTED_EDGE('',*,*,#1264,.T.);
#1314 = ORIENTED_EDGE('',*,*,#1315,.T.);
#1315 = EDGE_CURVE('',#1265,#1316,#1318,.T.);
#1316 = VERTEX_POINT('',#1317);
#1317 = CARTESIAN_POINT('',(-0.15,0.135,-2.775557561563E-17));
#1318 = LINE('',#1319,#1320);
#1319 = CARTESIAN_POINT('',(-0.15,-0.15,0.));
#1320 = VECTOR('',#1321,1.);
#1321 = DIRECTION('',(0.,1.,0.));
#1322 = ORIENTED_EDGE('',*,*,#1323,.F.);
#1323 = EDGE_CURVE('',#1176,#1316,#1324,.T.);
#1324 = LINE('',#1325,#1326);
#1325 = CARTESIAN_POINT('',(-0.3,0.135,-2.775557561563E-17));
#1326 = VECTOR('',#1327,1.);
#1327 = DIRECTION('',(1.,0.,0.));
#1328 = PLANE('',#1329);
#1329 = AXIS2_PLACEMENT_3D('',#1330,#1331,#1332);
#1330 = CARTESIAN_POINT('',(-0.3,-0.15,0.));
#1331 = DIRECTION('',(0.,0.,1.));
#1332 = DIRECTION('',(1.,0.,-0.));
#1333 = ADVANCED_FACE('',(#1334),#1352,.T.);
#1334 = FACE_BOUND('',#1335,.T.);
#1335 = EDGE_LOOP('',(#1336,#1337,#1338,#1346));
#1336 = ORIENTED_EDGE('',*,*,#1209,.F.);
#1337 = ORIENTED_EDGE('',*,*,#1298,.T.);
#1338 = ORIENTED_EDGE('',*,*,#1339,.T.);
#1339 = EDGE_CURVE('',#1290,#1340,#1342,.T.);
#1340 = VERTEX_POINT('',#1341);
#1341 = CARTESIAN_POINT('',(-0.15,0.135,0.3));
#1342 = LINE('',#1343,#1344);
#1343 = CARTESIAN_POINT('',(-0.15,-0.15,0.3));
#1344 = VECTOR('',#1345,1.);
#1345 = DIRECTION('',(0.,1.,0.));
#1346 = ORIENTED_EDGE('',*,*,#1347,.F.);
#1347 = EDGE_CURVE('',#1201,#1340,#1348,.T.);
#1348 = LINE('',#1349,#1350);
#1349 = CARTESIAN_POINT('',(-0.3,0.135,0.3));
#1350 = VECTOR('',#1351,1.);
#1351 = DIRECTION('',(1.,0.,0.));
#1352 = PLANE('',#1353);
#1353 = AXIS2_PLACEMENT_3D('',#1354,#1355,#1356);
#1354 = CARTESIAN_POINT('',(-0.3,-0.15,0.3));
#1355 = DIRECTION('',(0.,0.,1.));
#1356 = DIRECTION('',(1.,0.,-0.));
#1357 = ADVANCED_FACE('',(#1358),#1377,.T.);
#1358 = FACE_BOUND('',#1359,.T.);
#1359 = EDGE_LOOP('',(#1360,#1368,#1375,#1376));
#1360 = ORIENTED_EDGE('',*,*,#1361,.T.);
#1361 = EDGE_CURVE('',#1184,#1362,#1364,.T.);
#1362 = VERTEX_POINT('',#1363);
#1363 = CARTESIAN_POINT('',(-0.15,0.15,1.5E-02));
#1364 = LINE('',#1365,#1366);
#1365 = CARTESIAN_POINT('',(-0.3,0.15,1.5E-02));
#1366 = VECTOR('',#1367,1.);
#1367 = DIRECTION('',(1.,0.,0.));
#1368 = ORIENTED_EDGE('',*,*,#1369,.T.);
#1369 = EDGE_CURVE('',#1362,#1316,#1370,.T.);
#1370 = CIRCLE('',#1371,1.5E-02);
#1371 = AXIS2_PLACEMENT_3D('',#1372,#1373,#1374);
#1372 = CARTESIAN_POINT('',(-0.15,0.135,1.5E-02));
#1373 = DIRECTION('',(-1.,0.,0.));
#1374 = DIRECTION('',(0.,0.,1.));
#1375 = ORIENTED_EDGE('',*,*,#1323,.F.);
#1376 = ORIENTED_EDGE('',*,*,#1183,.F.);
#1377 = CYLINDRICAL_SURFACE('',#1378,1.5E-02);
#1378 = AXIS2_PLACEMENT_3D('',#1379,#1380,#1381);
#1379 = CARTESIAN_POINT('',(-0.3,0.135,1.5E-02));
#1380 = DIRECTION('',(1.,0.,0.));
#1381 = DIRECTION('',(-0.,1.,0.));
#1382 = ADVANCED_FACE('',(#1383),#1402,.T.);
#1383 = FACE_BOUND('',#1384,.T.);
#1384 = EDGE_LOOP('',(#1385,#1386,#1387,#1396));
#1385 = ORIENTED_EDGE('',*,*,#1200,.T.);
#1386 = ORIENTED_EDGE('',*,*,#1347,.T.);
#1387 = ORIENTED_EDGE('',*,*,#1388,.F.);
#1388 = EDGE_CURVE('',#1389,#1340,#1391,.T.);
#1389 = VERTEX_POINT('',#1390);
#1390 = CARTESIAN_POINT('',(-0.15,0.15,0.285));
#1391 = CIRCLE('',#1392,1.5E-02);
#1392 = AXIS2_PLACEMENT_3D('',#1393,#1394,#1395);
#1393 = CARTESIAN_POINT('',(-0.15,0.135,0.285));
#1394 = DIRECTION('',(1.,0.,-0.));
#1395 = DIRECTION('',(0.,0.,1.));
#1396 = ORIENTED_EDGE('',*,*,#1397,.F.);
#1397 = EDGE_CURVE('',#1193,#1389,#1398,.T.);
#1398 = LINE('',#1399,#1400);
#1399 = CARTESIAN_POINT('',(-0.3,0.15,0.285));
#1400 = VECTOR('',#1401,1.);
#1401 = DIRECTION('',(1.,0.,0.));
#1402 = CYLINDRICAL_SURFACE('',#1403,1.5E-02);
#1403 = AXIS2_PLACEMENT_3D('',#1404,#1405,#1406);
#1404 = CARTESIAN_POINT('',(-0.3,0.135,0.285));
#1405 = DIRECTION('',(1.,0.,0.));
#1406 = DIRECTION('',(-0.,1.,0.));
#1407 = ADVANCED_FACE('',(#1408),#1419,.T.);
#1408 = FACE_BOUND('',#1409,.T.);
#1409 = EDGE_LOOP('',(#1410,#1416,#1417,#1418));
#1410 = ORIENTED_EDGE('',*,*,#1411,.F.);
#1411 = EDGE_CURVE('',#1362,#1389,#1412,.T.);
#1412 = LINE('',#1413,#1414);
#1413 = CARTESIAN_POINT('',(-0.15,0.15,0.));
#1414 = VECTOR('',#1415,1.);
#1415 = DIRECTION('',(0.,0.,1.));
#1416 = ORIENTED_EDGE('',*,*,#1361,.F.);
#1417 = ORIENTED_EDGE('',*,*,#1192,.T.);
#1418 = ORIENTED_EDGE('',*,*,#1397,.T.);
#1419 = PLANE('',#1420);
#1420 = AXIS2_PLACEMENT_3D('',#1421,#1422,#1423);
#1421 = CARTESIAN_POINT('',(-0.3,0.15,0.));
#1422 = DIRECTION('',(0.,1.,0.));
#1423 = DIRECTION('',(0.,-0.,1.));
#1424 = ADVANCED_FACE('',(#1425,#1435),#1505,.T.);
#1425 = FACE_BOUND('',#1426,.T.);
#1426 = EDGE_LOOP('',(#1427,#1428,#1429,#1430,#1431,#1432,#1433,#1434));
#1427 = ORIENTED_EDGE('',*,*,#1232,.F.);
#1428 = ORIENTED_EDGE('',*,*,#1272,.T.);
#1429 = ORIENTED_EDGE('',*,*,#1315,.T.);
#1430 = ORIENTED_EDGE('',*,*,#1369,.F.);
#1431 = ORIENTED_EDGE('',*,*,#1411,.T.);
#1432 = ORIENTED_EDGE('',*,*,#1388,.T.);
#1433 = ORIENTED_EDGE('',*,*,#1339,.F.);
#1434 = ORIENTED_EDGE('',*,*,#1289,.F.);
#1435 = FACE_BOUND('',#1436,.T.);
#1436 = EDGE_LOOP('',(#1437,#1448,#1456,#1465,#1473,#1482,#1490,#1499));
#1437 = ORIENTED_EDGE('',*,*,#1438,.F.);
#1438 = EDGE_CURVE('',#1439,#1441,#1443,.T.);
#1439 = VERTEX_POINT('',#1440);
#1440 = CARTESIAN_POINT('',(-0.15,-0.135,3.E-02));
#1441 = VERTEX_POINT('',#1442);
#1442 = CARTESIAN_POINT('',(-0.15,-0.12,1.5E-02));
#1443 = CIRCLE('',#1444,1.5E-02);
#1444 = AXIS2_PLACEMENT_3D('',#1445,#1446,#1447);
#1445 = CARTESIAN_POINT('',(-0.15,-0.12,3.E-02));
#1446 = DIRECTION('',(1.,0.,-0.));
#1447 = DIRECTION('',(0.,0.,1.));
#1448 = ORIENTED_EDGE('',*,*,#1449,.T.);
#1449 = EDGE_CURVE('',#1439,#1450,#1452,.T.);
#1450 = VERTEX_POINT('',#1451);
#1451 = CARTESIAN_POINT('',(-0.15,-0.135,0.27));
#1452 = LINE('',#1453,#1454);
#1453 = CARTESIAN_POINT('',(-0.15,-0.135,1.5E-02));
#1454 = VECTOR('',#1455,1.);
#1455 = DIRECTION('',(0.,0.,1.));
#1456 = ORIENTED_EDGE('',*,*,#1457,.T.);
#1457 = EDGE_CURVE('',#1450,#1458,#1460,.T.);
#1458 = VERTEX_POINT('',#1459);
#1459 = CARTESIAN_POINT('',(-0.15,-0.12,0.285));
#1460 = CIRCLE('',#1461,1.5E-02);
#1461 = AXIS2_PLACEMENT_3D('',#1462,#1463,#1464);
#1462 = CARTESIAN_POINT('',(-0.15,-0.12,0.27));
#1463 = DIRECTION('',(-1.,0.,0.));
#1464 = DIRECTION('',(0.,0.,1.));
#1465 = ORIENTED_EDGE('',*,*,#1466,.T.);
#1466 = EDGE_CURVE('',#1458,#1467,#1469,.T.);
#1467 = VERTEX_POINT('',#1468);
#1468 = CARTESIAN_POINT('',(-0.15,0.12,0.285));
#1469 = LINE('',#1470,#1471);
#1470 = CARTESIAN_POINT('',(-0.15,-0.135,0.285));
#1471 = VECTOR('',#1472,1.);
#1472 = DIRECTION('',(0.,1.,0.));
#1473 = ORIENTED_EDGE('',*,*,#1474,.F.);
#1474 = EDGE_CURVE('',#1475,#1467,#1477,.T.);
#1475 = VERTEX_POINT('',#1476);
#1476 = CARTESIAN_POINT('',(-0.15,0.135,0.27));
#1477 = CIRCLE('',#1478,1.5E-02);
#1478 = AXIS2_PLACEMENT_3D('',#1479,#1480,#1481);
#1479 = CARTESIAN_POINT('',(-0.15,0.12,0.27));
#1480 = DIRECTION('',(1.,0.,-0.));
#1481 = DIRECTION('',(0.,0.,1.));
#1482 = ORIENTED_EDGE('',*,*,#1483,.F.);
#1483 = EDGE_CURVE('',#1484,#1475,#1486,.T.);
#1484 = VERTEX_POINT('',#1485);
#1485 = CARTESIAN_POINT('',(-0.15,0.135,3.E-02));
#1486 = LINE('',#1487,#1488);
#1487 = CARTESIAN_POINT('',(-0.15,0.135,1.5E-02));
#1488 = VECTOR('',#1489,1.);
#1489 = DIRECTION('',(0.,0.,1.));
#1490 = ORIENTED_EDGE('',*,*,#1491,.T.);
#1491 = EDGE_CURVE('',#1484,#1492,#1494,.T.);
#1492 = VERTEX_POINT('',#1493);
#1493 = CARTESIAN_POINT('',(-0.15,0.12,1.5E-02));
#1494 = CIRCLE('',#1495,1.5E-02);
#1495 = AXIS2_PLACEMENT_3D('',#1496,#1497,#1498);
#1496 = CARTESIAN_POINT('',(-0.15,0.12,3.E-02));
#1497 = DIRECTION('',(-1.,0.,0.));
#1498 = DIRECTION('',(0.,0.,1.));
#1499 = ORIENTED_EDGE('',*,*,#1500,.F.);
#1500 = EDGE_CURVE('',#1441,#1492,#1501,.T.);
#1501 = LINE('',#1502,#1503);
#1502 = CARTESIAN_POINT('',(-0.15,-0.135,1.5E-02));
#1503 = VECTOR('',#1504,1.);
#1504 = DIRECTION('',(0.,1.,0.));
#1505 = PLANE('',#1506);
#1506 = AXIS2_PLACEMENT_3D('',#1507,#1508,#1509);
#1507 = CARTESIAN_POINT('',(-0.15,-0.15,0.));
#1508 = DIRECTION('',(1.,0.,0.));
#1509 = DIRECTION('',(0.,0.,1.));
#1510 = ADVANCED_FACE('',(#1511),#1537,.T.);
#1511 = FACE_BOUND('',#1512,.T.);
#1512 = EDGE_LOOP('',(#1513,#1514,#1522,#1531));
#1513 = ORIENTED_EDGE('',*,*,#1438,.T.);
#1514 = ORIENTED_EDGE('',*,*,#1515,.T.);
#1515 = EDGE_CURVE('',#1441,#1516,#1518,.T.);
#1516 = VERTEX_POINT('',#1517);
#1517 = CARTESIAN_POINT('',(0.15,-0.12,1.5E-02));
#1518 = LINE('',#1519,#1520);
#1519 = CARTESIAN_POINT('',(-0.15,-0.12,1.5E-02));
#1520 = VECTOR('',#1521,1.);
#1521 = DIRECTION('',(1.,0.,0.));
#1522 = ORIENTED_EDGE('',*,*,#1523,.F.);
#1523 = EDGE_CURVE('',#1524,#1516,#1526,.T.);
#1524 = VERTEX_POINT('',#1525);
#1525 = CARTESIAN_POINT('',(0.15,-0.135,3.E-02));
#1526 = CIRCLE('',#1527,1.5E-02);
#1527 = AXIS2_PLACEMENT_3D('',#1528,#1529,#1530);
#1528 = CARTESIAN_POINT('',(0.15,-0.12,3.E-02));
#1529 = DIRECTION('',(1.,0.,-0.));
#1530 = DIRECTION('',(0.,0.,1.));
#1531 = ORIENTED_EDGE('',*,*,#1532,.F.);
#1532 = EDGE_CURVE('',#1439,#1524,#1533,.T.);
#1533 = LINE('',#1534,#1535);
#1534 = CARTESIAN_POINT('',(-0.15,-0.135,3.E-02));
#1535 = VECTOR('',#1536,1.);
#1536 = DIRECTION('',(1.,0.,0.));
#1537 = CYLINDRICAL_SURFACE('',#1538,1.5E-02);
#1538 = AXIS2_PLACEMENT_3D('',#1539,#1540,#1541);
#1539 = CARTESIAN_POINT('',(-0.15,-0.12,3.E-02));
#1540 = DIRECTION('',(1.,0.,0.));
#1541 = DIRECTION('',(0.,-1.,0.));
#1542 = ADVANCED_FACE('',(#1543),#1561,.F.);
#1543 = FACE_BOUND('',#1544,.F.);
#1544 = EDGE_LOOP('',(#1545,#1546,#1547,#1555));
#1545 = ORIENTED_EDGE('',*,*,#1500,.F.);
#1546 = ORIENTED_EDGE('',*,*,#1515,.T.);
#1547 = ORIENTED_EDGE('',*,*,#1548,.T.);
#1548 = EDGE_CURVE('',#1516,#1549,#1551,.T.);
#1549 = VERTEX_POINT('',#1550);
#1550 = CARTESIAN_POINT('',(0.15,0.12,1.5E-02));
#1551 = LINE('',#1552,#1553);
#1552 = CARTESIAN_POINT('',(0.15,-0.135,1.5E-02));
#1553 = VECTOR('',#1554,1.);
#1554 = DIRECTION('',(0.,1.,0.));
#1555 = ORIENTED_EDGE('',*,*,#1556,.F.);
#1556 = EDGE_CURVE('',#1492,#1549,#1557,.T.);
#1557 = LINE('',#1558,#1559);
#1558 = CARTESIAN_POINT('',(-0.15,0.12,1.5E-02));
#1559 = VECTOR('',#1560,1.);
#1560 = DIRECTION('',(1.,0.,0.));
#1561 = PLANE('',#1562);
#1562 = AXIS2_PLACEMENT_3D('',#1563,#1564,#1565);
#1563 = CARTESIAN_POINT('',(-0.15,-0.135,1.5E-02));
#1564 = DIRECTION('',(0.,0.,1.));
#1565 = DIRECTION('',(1.,0.,-0.));
#1566 = ADVANCED_FACE('',(#1567),#1586,.T.);
#1567 = FACE_BOUND('',#1568,.T.);
#1568 = EDGE_LOOP('',(#1569,#1577,#1584,#1585));
#1569 = ORIENTED_EDGE('',*,*,#1570,.T.);
#1570 = EDGE_CURVE('',#1484,#1571,#1573,.T.);
#1571 = VERTEX_POINT('',#1572);
#1572 = CARTESIAN_POINT('',(0.15,0.135,3.E-02));
#1573 = LINE('',#1574,#1575);
#1574 = CARTESIAN_POINT('',(-0.15,0.135,3.E-02));
#1575 = VECTOR('',#1576,1.);
#1576 = DIRECTION('',(1.,0.,0.));
#1577 = ORIENTED_EDGE('',*,*,#1578,.T.);
#1578 = EDGE_CURVE('',#1571,#1549,#1579,.T.);
#1579 = CIRCLE('',#1580,1.5E-02);
#1580 = AXIS2_PLACEMENT_3D('',#1581,#1582,#1583);
#1581 = CARTESIAN_POINT('',(0.15,0.12,3.E-02));
#1582 = DIRECTION('',(-1.,0.,0.));
#1583 = DIRECTION('',(0.,0.,1.));
#1584 = ORIENTED_EDGE('',*,*,#1556,.F.);
#1585 = ORIENTED_EDGE('',*,*,#1491,.F.);
#1586 = CYLINDRICAL_SURFACE('',#1587,1.5E-02);
#1587 = AXIS2_PLACEMENT_3D('',#1588,#1589,#1590);
#1588 = CARTESIAN_POINT('',(-0.15,0.12,3.E-02));
#1589 = DIRECTION('',(1.,0.,0.));
#1590 = DIRECTION('',(-0.,1.,0.));
#1591 = ADVANCED_FACE('',(#1592),#1610,.T.);
#1592 = FACE_BOUND('',#1593,.T.);
#1593 = EDGE_LOOP('',(#1594,#1602,#1603,#1604));
#1594 = ORIENTED_EDGE('',*,*,#1595,.F.);
#1595 = EDGE_CURVE('',#1571,#1596,#1598,.T.);
#1596 = VERTEX_POINT('',#1597);
#1597 = CARTESIAN_POINT('',(0.15,0.135,0.27));
#1598 = LINE('',#1599,#1600);
#1599 = CARTESIAN_POINT('',(0.15,0.135,1.5E-02));
#1600 = VECTOR('',#1601,1.);
#1601 = DIRECTION('',(0.,0.,1.));
#1602 = ORIENTED_EDGE('',*,*,#1570,.F.);
#1603 = ORIENTED_EDGE('',*,*,#1483,.T.);
#1604 = ORIENTED_EDGE('',*,*,#1605,.T.);
#1605 = EDGE_CURVE('',#1475,#1596,#1606,.T.);
#1606 = LINE('',#1607,#1608);
#1607 = CARTESIAN_POINT('',(-0.15,0.135,0.27));
#1608 = VECTOR('',#1609,1.);
#1609 = DIRECTION('',(1.,0.,0.));
#1610 = PLANE('',#1611);
#1611 = AXIS2_PLACEMENT_3D('',#1612,#1613,#1614);
#1612 = CARTESIAN_POINT('',(-0.15,0.135,1.5E-02));
#1613 = DIRECTION('',(0.,1.,0.));
#1614 = DIRECTION('',(0.,-0.,1.));
#1615 = ADVANCED_FACE('',(#1616),#1635,.T.);
#1616 = FACE_BOUND('',#1617,.T.);
#1617 = EDGE_LOOP('',(#1618,#1619,#1627,#1634));
#1618 = ORIENTED_EDGE('',*,*,#1474,.T.);
#1619 = ORIENTED_EDGE('',*,*,#1620,.T.);
#1620 = EDGE_CURVE('',#1467,#1621,#1623,.T.);
#1621 = VERTEX_POINT('',#1622);
#1622 = CARTESIAN_POINT('',(0.15,0.12,0.285));
#1623 = LINE('',#1624,#1625);
#1624 = CARTESIAN_POINT('',(-0.15,0.12,0.285));
#1625 = VECTOR('',#1626,1.);
#1626 = DIRECTION('',(1.,0.,0.));
#1627 = ORIENTED_EDGE('',*,*,#1628,.F.);
#1628 = EDGE_CURVE('',#1596,#1621,#1629,.T.);
#1629 = CIRCLE('',#1630,1.5E-02);
#1630 = AXIS2_PLACEMENT_3D('',#1631,#1632,#1633);
#1631 = CARTESIAN_POINT('',(0.15,0.12,0.27));
#1632 = DIRECTION('',(1.,0.,-0.));
#1633 = DIRECTION('',(0.,0.,1.));
#1634 = ORIENTED_EDGE('',*,*,#1605,.F.);
#1635 = CYLINDRICAL_SURFACE('',#1636,1.5E-02);
#1636 = AXIS2_PLACEMENT_3D('',#1637,#1638,#1639);
#1637 = CARTESIAN_POINT('',(-0.15,0.12,0.27));
#1638 = DIRECTION('',(1.,0.,0.));
#1639 = DIRECTION('',(-0.,1.,0.));
#1640 = ADVANCED_FACE('',(#1641),#1659,.T.);
#1641 = FACE_BOUND('',#1642,.T.);
#1642 = EDGE_LOOP('',(#1643,#1644,#1652,#1658));
#1643 = ORIENTED_EDGE('',*,*,#1466,.F.);
#1644 = ORIENTED_EDGE('',*,*,#1645,.T.);
#1645 = EDGE_CURVE('',#1458,#1646,#1648,.T.);
#1646 = VERTEX_POINT('',#1647);
#1647 = CARTESIAN_POINT('',(0.15,-0.12,0.285));
#1648 = LINE('',#1649,#1650);
#1649 = CARTESIAN_POINT('',(-0.15,-0.12,0.285));
#1650 = VECTOR('',#1651,1.);
#1651 = DIRECTION('',(1.,0.,0.));
#1652 = ORIENTED_EDGE('',*,*,#1653,.T.);
#1653 = EDGE_CURVE('',#1646,#1621,#1654,.T.);
#1654 = LINE('',#1655,#1656);
#1655 = CARTESIAN_POINT('',(0.15,-0.135,0.285));
#1656 = VECTOR('',#1657,1.);
#1657 = DIRECTION('',(0.,1.,0.));
#1658 = ORIENTED_EDGE('',*,*,#1620,.F.);
#1659 = PLANE('',#1660);
#1660 = AXIS2_PLACEMENT_3D('',#1661,#1662,#1663);
#1661 = CARTESIAN_POINT('',(-0.15,-0.135,0.285));
#1662 = DIRECTION('',(0.,0.,1.));
#1663 = DIRECTION('',(1.,0.,-0.));
#1664 = ADVANCED_FACE('',(#1665),#1684,.T.);
#1665 = FACE_BOUND('',#1666,.T.);
#1666 = EDGE_LOOP('',(#1667,#1675,#1682,#1683));
#1667 = ORIENTED_EDGE('',*,*,#1668,.T.);
#1668 = EDGE_CURVE('',#1450,#1669,#1671,.T.);
#1669 = VERTEX_POINT('',#1670);
#1670 = CARTESIAN_POINT('',(0.15,-0.135,0.27));
#1671 = LINE('',#1672,#1673);
#1672 = CARTESIAN_POINT('',(-0.15,-0.135,0.27));
#1673 = VECTOR('',#1674,1.);
#1674 = DIRECTION('',(1.,0.,0.));
#1675 = ORIENTED_EDGE('',*,*,#1676,.T.);
#1676 = EDGE_CURVE('',#1669,#1646,#1677,.T.);
#1677 = CIRCLE('',#1678,1.5E-02);
#1678 = AXIS2_PLACEMENT_3D('',#1679,#1680,#1681);
#1679 = CARTESIAN_POINT('',(0.15,-0.12,0.27));
#1680 = DIRECTION('',(-1.,0.,0.));
#1681 = DIRECTION('',(0.,0.,1.));
#1682 = ORIENTED_EDGE('',*,*,#1645,.F.);
#1683 = ORIENTED_EDGE('',*,*,#1457,.F.);
#1684 = CYLINDRICAL_SURFACE('',#1685,1.5E-02);
#1685 = AXIS2_PLACEMENT_3D('',#1686,#1687,#1688);
#1686 = CARTESIAN_POINT('',(-0.15,-0.12,0.27));
#1687 = DIRECTION('',(1.,0.,0.));
#1688 = DIRECTION('',(0.,-1.,0.));
#1689 = ADVANCED_FACE('',(#1690),#1701,.F.);
#1690 = FACE_BOUND('',#1691,.F.);
#1691 = EDGE_LOOP('',(#1692,#1698,#1699,#1700));
#1692 = ORIENTED_EDGE('',*,*,#1693,.F.);
#1693 = EDGE_CURVE('',#1524,#1669,#1694,.T.);
#1694 = LINE('',#1695,#1696);
#1695 = CARTESIAN_POINT('',(0.15,-0.135,1.5E-02));
#1696 = VECTOR('',#1697,1.);
#1697 = DIRECTION('',(0.,0.,1.));
#1698 = ORIENTED_EDGE('',*,*,#1532,.F.);
#1699 = ORIENTED_EDGE('',*,*,#1449,.T.);
#1700 = ORIENTED_EDGE('',*,*,#1668,.T.);
#1701 = PLANE('',#1702);
#1702 = AXIS2_PLACEMENT_3D('',#1703,#1704,#1705);
#1703 = CARTESIAN_POINT('',(-0.15,-0.135,1.5E-02));
#1704 = DIRECTION('',(0.,1.,0.));
#1705 = DIRECTION('',(0.,-0.,1.));
#1706 = ADVANCED_FACE('',(#1707,#1777),#1787,.F.);
#1707 = FACE_BOUND('',#1708,.F.);
#1708 = EDGE_LOOP('',(#1709,#1719,#1728,#1736,#1745,#1753,#1762,#1770));
#1709 = ORIENTED_EDGE('',*,*,#1710,.F.);
#1710 = EDGE_CURVE('',#1711,#1713,#1715,.T.);
#1711 = VERTEX_POINT('',#1712);
#1712 = CARTESIAN_POINT('',(0.15,-0.15,1.5E-02));
#1713 = VERTEX_POINT('',#1714);
#1714 = CARTESIAN_POINT('',(0.15,-0.15,0.285));
#1715 = LINE('',#1716,#1717);
#1716 = CARTESIAN_POINT('',(0.15,-0.15,0.));
#1717 = VECTOR('',#1718,1.);
#1718 = DIRECTION('',(0.,0.,1.));
#1719 = ORIENTED_EDGE('',*,*,#1720,.T.);
#1720 = EDGE_CURVE('',#1711,#1721,#1723,.T.);
#1721 = VERTEX_POINT('',#1722);
#1722 = CARTESIAN_POINT('',(0.15,-0.135,-2.775557561563E-17));
#1723 = CIRCLE('',#1724,1.5E-02);
#1724 = AXIS2_PLACEMENT_3D('',#1725,#1726,#1727);
#1725 = CARTESIAN_POINT('',(0.15,-0.135,1.5E-02));
#1726 = DIRECTION('',(1.,0.,-0.));
#1727 = DIRECTION('',(0.,0.,1.));
#1728 = ORIENTED_EDGE('',*,*,#1729,.T.);
#1729 = EDGE_CURVE('',#1721,#1730,#1732,.T.);
#1730 = VERTEX_POINT('',#1731);
#1731 = CARTESIAN_POINT('',(0.15,0.135,-2.775557561563E-17));
#1732 = LINE('',#1733,#1734);
#1733 = CARTESIAN_POINT('',(0.15,-0.15,0.));
#1734 = VECTOR('',#1735,1.);
#1735 = DIRECTION('',(0.,1.,0.));
#1736 = ORIENTED_EDGE('',*,*,#1737,.F.);
#1737 = EDGE_CURVE('',#1738,#1730,#1740,.T.);
#1738 = VERTEX_POINT('',#1739);
#1739 = CARTESIAN_POINT('',(0.15,0.15,1.5E-02));
#1740 = CIRCLE('',#1741,1.5E-02);
#1741 = AXIS2_PLACEMENT_3D('',#1742,#1743,#1744);
#1742 = CARTESIAN_POINT('',(0.15,0.135,1.5E-02));
#1743 = DIRECTION('',(-1.,0.,0.));
#1744 = DIRECTION('',(0.,0.,1.));
#1745 = ORIENTED_EDGE('',*,*,#1746,.T.);
#1746 = EDGE_CURVE('',#1738,#1747,#1749,.T.);
#1747 = VERTEX_POINT('',#1748);
#1748 = CARTESIAN_POINT('',(0.15,0.15,0.285));
#1749 = LINE('',#1750,#1751);
#1750 = CARTESIAN_POINT('',(0.15,0.15,0.));
#1751 = VECTOR('',#1752,1.);
#1752 = DIRECTION('',(0.,0.,1.));
#1753 = ORIENTED_EDGE('',*,*,#1754,.T.);
#1754 = EDGE_CURVE('',#1747,#1755,#1757,.T.);
#1755 = VERTEX_POINT('',#1756);
#1756 = CARTESIAN_POINT('',(0.15,0.135,0.3));
#1757 = CIRCLE('',#1758,1.5E-02);
#1758 = AXIS2_PLACEMENT_3D('',#1759,#1760,#1761);
#1759 = CARTESIAN_POINT('',(0.15,0.135,0.285));
#1760 = DIRECTION('',(1.,0.,-0.));
#1761 = DIRECTION('',(0.,0.,1.));
#1762 = ORIENTED_EDGE('',*,*,#1763,.F.);
#1763 = EDGE_CURVE('',#1764,#1755,#1766,.T.);
#1764 = VERTEX_POINT('',#1765);
#1765 = CARTESIAN_POINT('',(0.15,-0.135,0.3));
#1766 = LINE('',#1767,#1768);
#1767 = CARTESIAN_POINT('',(0.15,-0.15,0.3));
#1768 = VECTOR('',#1769,1.);
#1769 = DIRECTION('',(0.,1.,0.));
#1770 = ORIENTED_EDGE('',*,*,#1771,.F.);
#1771 = EDGE_CURVE('',#1713,#1764,#1772,.T.);
#1772 = CIRCLE('',#1773,1.5E-02);
#1773 = AXIS2_PLACEMENT_3D('',#1774,#1775,#1776);
#1774 = CARTESIAN_POINT('',(0.15,-0.135,0.285));
#1775 = DIRECTION('',(-1.,0.,0.));
#1776 = DIRECTION('',(0.,0.,1.));
#1777 = FACE_BOUND('',#1778,.F.);
#1778 = EDGE_LOOP('',(#1779,#1780,#1781,#1782,#1783,#1784,#1785,#1786));
#1779 = ORIENTED_EDGE('',*,*,#1523,.F.);
#1780 = ORIENTED_EDGE('',*,*,#1693,.T.);
#1781 = ORIENTED_EDGE('',*,*,#1676,.T.);
#1782 = ORIENTED_EDGE('',*,*,#1653,.T.);
#1783 = ORIENTED_EDGE('',*,*,#1628,.F.);
#1784 = ORIENTED_EDGE('',*,*,#1595,.F.);
#1785 = ORIENTED_EDGE('',*,*,#1578,.T.);
#1786 = ORIENTED_EDGE('',*,*,#1548,.F.);
#1787 = PLANE('',#1788);
#1788 = AXIS2_PLACEMENT_3D('',#1789,#1790,#1791);
#1789 = CARTESIAN_POINT('',(0.15,-0.15,0.));
#1790 = DIRECTION('',(1.,0.,0.));
#1791 = DIRECTION('',(0.,0.,1.));
#1792 = ADVANCED_FACE('',(#1793),#1818,.F.);
#1793 = FACE_BOUND('',#1794,.F.);
#1794 = EDGE_LOOP('',(#1795,#1805,#1811,#1812));
#1795 = ORIENTED_EDGE('',*,*,#1796,.F.);
#1796 = EDGE_CURVE('',#1797,#1799,#1801,.T.);
#1797 = VERTEX_POINT('',#1798);
#1798 = CARTESIAN_POINT('',(0.3,-0.15,1.5E-02));
#1799 = VERTEX_POINT('',#1800);
#1800 = CARTESIAN_POINT('',(0.3,-0.15,0.285));
#1801 = LINE('',#1802,#1803);
#1802 = CARTESIAN_POINT('',(0.3,-0.15,0.));
#1803 = VECTOR('',#1804,1.);
#1804 = DIRECTION('',(0.,0.,1.));
#1805 = ORIENTED_EDGE('',*,*,#1806,.F.);
#1806 = EDGE_CURVE('',#1711,#1797,#1807,.T.);
#1807 = LINE('',#1808,#1809);
#1808 = CARTESIAN_POINT('',(0.15,-0.15,1.5E-02));
#1809 = VECTOR('',#1810,1.);
#1810 = DIRECTION('',(1.,0.,0.));
#1811 = ORIENTED_EDGE('',*,*,#1710,.T.);
#1812 = ORIENTED_EDGE('',*,*,#1813,.T.);
#1813 = EDGE_CURVE('',#1713,#1799,#1814,.T.);
#1814 = LINE('',#1815,#1816);
#1815 = CARTESIAN_POINT('',(0.15,-0.15,0.285));
#1816 = VECTOR('',#1817,1.);
#1817 = DIRECTION('',(1.,0.,0.));
#1818 = PLANE('',#1819);
#1819 = AXIS2_PLACEMENT_3D('',#1820,#1821,#1822);
#1820 = CARTESIAN_POINT('',(0.15,-0.15,0.));
#1821 = DIRECTION('',(0.,1.,0.));
#1822 = DIRECTION('',(0.,-0.,1.));
#1823 = ADVANCED_FACE('',(#1824),#1843,.T.);
#1824 = FACE_BOUND('',#1825,.T.);
#1825 = EDGE_LOOP('',(#1826,#1827,#1835,#1842));
#1826 = ORIENTED_EDGE('',*,*,#1720,.T.);
#1827 = ORIENTED_EDGE('',*,*,#1828,.T.);
#1828 = EDGE_CURVE('',#1721,#1829,#1831,.T.);
#1829 = VERTEX_POINT('',#1830);
#1830 = CARTESIAN_POINT('',(0.3,-0.135,-2.775557561563E-17));
#1831 = LINE('',#1832,#1833);
#1832 = CARTESIAN_POINT('',(0.15,-0.135,-2.775557561563E-17));
#1833 = VECTOR('',#1834,1.);
#1834 = DIRECTION('',(1.,0.,0.));
#1835 = ORIENTED_EDGE('',*,*,#1836,.F.);
#1836 = EDGE_CURVE('',#1797,#1829,#1837,.T.);
#1837 = CIRCLE('',#1838,1.5E-02);
#1838 = AXIS2_PLACEMENT_3D('',#1839,#1840,#1841);
#1839 = CARTESIAN_POINT('',(0.3,-0.135,1.5E-02));
#1840 = DIRECTION('',(1.,0.,-0.));
#1841 = DIRECTION('',(0.,0.,1.));
#1842 = ORIENTED_EDGE('',*,*,#1806,.F.);
#1843 = CYLINDRICAL_SURFACE('',#1844,1.5E-02);
#1844 = AXIS2_PLACEMENT_3D('',#1845,#1846,#1847);
#1845 = CARTESIAN_POINT('',(0.15,-0.135,1.5E-02));
#1846 = DIRECTION('',(1.,0.,0.));
#1847 = DIRECTION('',(0.,-1.,0.));
#1848 = ADVANCED_FACE('',(#1849),#1868,.T.);
#1849 = FACE_BOUND('',#1850,.T.);
#1850 = EDGE_LOOP('',(#1851,#1852,#1861,#1867));
#1851 = ORIENTED_EDGE('',*,*,#1813,.T.);
#1852 = ORIENTED_EDGE('',*,*,#1853,.T.);
#1853 = EDGE_CURVE('',#1799,#1854,#1856,.T.);
#1854 = VERTEX_POINT('',#1855);
#1855 = CARTESIAN_POINT('',(0.3,-0.135,0.3));
#1856 = CIRCLE('',#1857,1.5E-02);
#1857 = AXIS2_PLACEMENT_3D('',#1858,#1859,#1860);
#1858 = CARTESIAN_POINT('',(0.3,-0.135,0.285));
#1859 = DIRECTION('',(-1.,0.,0.));
#1860 = DIRECTION('',(0.,0.,1.));
#1861 = ORIENTED_EDGE('',*,*,#1862,.F.);
#1862 = EDGE_CURVE('',#1764,#1854,#1863,.T.);
#1863 = LINE('',#1864,#1865);
#1864 = CARTESIAN_POINT('',(0.15,-0.135,0.3));
#1865 = VECTOR('',#1866,1.);
#1866 = DIRECTION('',(1.,0.,0.));
#1867 = ORIENTED_EDGE('',*,*,#1771,.F.);
#1868 = CYLINDRICAL_SURFACE('',#1869,1.5E-02);
#1869 = AXIS2_PLACEMENT_3D('',#1870,#1871,#1872);
#1870 = CARTESIAN_POINT('',(0.15,-0.135,0.285));
#1871 = DIRECTION('',(1.,0.,0.));
#1872 = DIRECTION('',(0.,-1.,0.));
#1873 = ADVANCED_FACE('',(#1874),#1892,.F.);
#1874 = FACE_BOUND('',#1875,.F.);
#1875 = EDGE_LOOP('',(#1876,#1877,#1878,#1886));
#1876 = ORIENTED_EDGE('',*,*,#1729,.F.);
#1877 = ORIENTED_EDGE('',*,*,#1828,.T.);
#1878 = ORIENTED_EDGE('',*,*,#1879,.T.);
#1879 = EDGE_CURVE('',#1829,#1880,#1882,.T.);
#1880 = VERTEX_POINT('',#1881);
#1881 = CARTESIAN_POINT('',(0.3,0.135,-2.775557561563E-17));
#1882 = LINE('',#1883,#1884);
#1883 = CARTESIAN_POINT('',(0.3,-0.15,0.));
#1884 = VECTOR('',#1885,1.);
#1885 = DIRECTION('',(0.,1.,0.));
#1886 = ORIENTED_EDGE('',*,*,#1887,.F.);
#1887 = EDGE_CURVE('',#1730,#1880,#1888,.T.);
#1888 = LINE('',#1889,#1890);
#1889 = CARTESIAN_POINT('',(0.15,0.135,-2.775557561563E-17));
#1890 = VECTOR('',#1891,1.);
#1891 = DIRECTION('',(1.,0.,0.));
#1892 = PLANE('',#1893);
#1893 = AXIS2_PLACEMENT_3D('',#1894,#1895,#1896);
#1894 = CARTESIAN_POINT('',(0.15,-0.15,0.));
#1895 = DIRECTION('',(0.,0.,1.));
#1896 = DIRECTION('',(1.,0.,-0.));
#1897 = ADVANCED_FACE('',(#1898),#1916,.T.);
#1898 = FACE_BOUND('',#1899,.T.);
#1899 = EDGE_LOOP('',(#1900,#1901,#1902,#1910));
#1900 = ORIENTED_EDGE('',*,*,#1763,.F.);
#1901 = ORIENTED_EDGE('',*,*,#1862,.T.);
#1902 = ORIENTED_EDGE('',*,*,#1903,.T.);
#1903 = EDGE_CURVE('',#1854,#1904,#1906,.T.);
#1904 = VERTEX_POINT('',#1905);
#1905 = CARTESIAN_POINT('',(0.3,0.135,0.3));
#1906 = LINE('',#1907,#1908);
#1907 = CARTESIAN_POINT('',(0.3,-0.15,0.3));
#1908 = VECTOR('',#1909,1.);
#1909 = DIRECTION('',(0.,1.,0.));
#1910 = ORIENTED_EDGE('',*,*,#1911,.F.);
#1911 = EDGE_CURVE('',#1755,#1904,#1912,.T.);
#1912 = LINE('',#1913,#1914);
#1913 = CARTESIAN_POINT('',(0.15,0.135,0.3));
#1914 = VECTOR('',#1915,1.);
#1915 = DIRECTION('',(1.,0.,0.));
#1916 = PLANE('',#1917);
#1917 = AXIS2_PLACEMENT_3D('',#1918,#1919,#1920);
#1918 = CARTESIAN_POINT('',(0.15,-0.15,0.3));
#1919 = DIRECTION('',(0.,0.,1.));
#1920 = DIRECTION('',(1.,0.,-0.));
#1921 = ADVANCED_FACE('',(#1922),#1941,.T.);
#1922 = FACE_BOUND('',#1923,.T.);
#1923 = EDGE_LOOP('',(#1924,#1932,#1939,#1940));
#1924 = ORIENTED_EDGE('',*,*,#1925,.T.);
#1925 = EDGE_CURVE('',#1738,#1926,#1928,.T.);
#1926 = VERTEX_POINT('',#1927);
#1927 = CARTESIAN_POINT('',(0.3,0.15,1.5E-02));
#1928 = LINE('',#1929,#1930);
#1929 = CARTESIAN_POINT('',(0.15,0.15,1.5E-02));
#1930 = VECTOR('',#1931,1.);
#1931 = DIRECTION('',(1.,0.,0.));
#1932 = ORIENTED_EDGE('',*,*,#1933,.T.);
#1933 = EDGE_CURVE('',#1926,#1880,#1934,.T.);
#1934 = CIRCLE('',#1935,1.5E-02);
#1935 = AXIS2_PLACEMENT_3D('',#1936,#1937,#1938);
#1936 = CARTESIAN_POINT('',(0.3,0.135,1.5E-02));
#1937 = DIRECTION('',(-1.,0.,0.));
#1938 = DIRECTION('',(0.,0.,1.));
#1939 = ORIENTED_EDGE('',*,*,#1887,.F.);
#1940 = ORIENTED_EDGE('',*,*,#1737,.F.);
#1941 = CYLINDRICAL_SURFACE('',#1942,1.5E-02);
#1942 = AXIS2_PLACEMENT_3D('',#1943,#1944,#1945);
#1943 = CARTESIAN_POINT('',(0.15,0.135,1.5E-02));
#1944 = DIRECTION('',(1.,0.,0.));
#1945 = DIRECTION('',(-0.,1.,0.));
#1946 = ADVANCED_FACE('',(#1947),#1966,.T.);
#1947 = FACE_BOUND('',#1948,.T.);
#1948 = EDGE_LOOP('',(#1949,#1950,#1951,#1960));
#1949 = ORIENTED_EDGE('',*,*,#1754,.T.);
#1950 = ORIENTED_EDGE('',*,*,#1911,.T.);
#1951 = ORIENTED_EDGE('',*,*,#1952,.F.);
#1952 = EDGE_CURVE('',#1953,#1904,#1955,.T.);
#1953 = VERTEX_POINT('',#1954);
#1954 = CARTESIAN_POINT('',(0.3,0.15,0.285));
#1955 = CIRCLE('',#1956,1.5E-02);
#1956 = AXIS2_PLACEMENT_3D('',#1957,#1958,#1959);
#1957 = CARTESIAN_POINT('',(0.3,0.135,0.285));
#1958 = DIRECTION('',(1.,0.,-0.));
#1959 = DIRECTION('',(0.,0.,1.));
#1960 = ORIENTED_EDGE('',*,*,#1961,.F.);
#1961 = EDGE_CURVE('',#1747,#1953,#1962,.T.);
#1962 = LINE('',#1963,#1964);
#1963 = CARTESIAN_POINT('',(0.15,0.15,0.285));
#1964 = VECTOR('',#1965,1.);
#1965 = DIRECTION('',(1.,0.,0.));
#1966 = CYLINDRICAL_SURFACE('',#1967,1.5E-02);
#1967 = AXIS2_PLACEMENT_3D('',#1968,#1969,#1970);
#1968 = CARTESIAN_POINT('',(0.15,0.135,0.285));
#1969 = DIRECTION('',(1.,0.,0.));
#1970 = DIRECTION('',(-0.,1.,0.));
#1971 = ADVANCED_FACE('',(#1972),#1983,.T.);
#1972 = FACE_BOUND('',#1973,.T.);
#1973 = EDGE_LOOP('',(#1974,#1980,#1981,#1982));
#1974 = ORIENTED_EDGE('',*,*,#1975,.F.);
#1975 = EDGE_CURVE('',#1926,#1953,#1976,.T.);
#1976 = LINE('',#1977,#1978);
#1977 = CARTESIAN_POINT('',(0.3,0.15,0.));
#1978 = VECTOR('',#1979,1.);
#1979 = DIRECTION('',(0.,0.,1.));
#1980 = ORIENTED_EDGE('',*,*,#1925,.F.);
#1981 = ORIENTED_EDGE('',*,*,#1746,.T.);
#1982 = ORIENTED_EDGE('',*,*,#1961,.T.);
#1983 = PLANE('',#1984);
#1984 = AXIS2_PLACEMENT_3D('',#1985,#1986,#1987);
#1985 = CARTESIAN_POINT('',(0.15,0.15,0.));
#1986 = DIRECTION('',(0.,1.,0.));
#1987 = DIRECTION('',(0.,-0.,1.));
#1988 = ADVANCED_FACE('',(#1989),#1999,.T.);
#1989 = FACE_BOUND('',#1990,.T.);
#1990 = EDGE_LOOP('',(#1991,#1992,#1993,#1994,#1995,#1996,#1997,#1998));
#1991 = ORIENTED_EDGE('',*,*,#1796,.F.);
#1992 = ORIENTED_EDGE('',*,*,#1836,.T.);
#1993 = ORIENTED_EDGE('',*,*,#1879,.T.);
#1994 = ORIENTED_EDGE('',*,*,#1933,.F.);
#1995 = ORIENTED_EDGE('',*,*,#1975,.T.);
#1996 = ORIENTED_EDGE('',*,*,#1952,.T.);
#1997 = ORIENTED_EDGE('',*,*,#1903,.F.);
#1998 = ORIENTED_EDGE('',*,*,#1853,.F.);
#1999 = PLANE('',#2000);
#2000 = AXIS2_PLACEMENT_3D('',#2001,#2002,#2003);
#2001 = CARTESIAN_POINT('',(0.3,-0.15,0.));
#2002 = DIRECTION('',(1.,0.,0.));
#2003 = DIRECTION('',(0.,0.,1.));
#2004 = ( GEOMETRIC_REPRESENTATION_CONTEXT(3) 
GLOBAL_UNCERTAINTY_ASSIGNED_CONTEXT((#2008)) 
GLOBAL_UNIT_ASSIGNED_CONTEXT((#2005,#2006,#2007)) REPRESENTATION_CONTEXT
('Context #1','3D Context with UNIT and UNCERTAINTY') );
#2005 = ( LENGTH_UNIT() NAMED_UNIT(*) SI_UNIT(.MILLI.,.METRE.) );
#2006 = ( NAMED_UNIT(*) PLANE_ANGLE_UNIT() SI_UNIT($,.RADIAN.) );
#2007 = ( NAMED_UNIT(*) SI_UNIT($,.STERADIAN.) SOLID_ANGLE_UNIT() );
#2008 = UNCERTAINTY_MEASURE_WITH_UNIT(LENGTH_MEASURE(1.E-07),#2005,
  'distance_accuracy_value','confusion accuracy');
#2009 = CONTEXT_DEPENDENT_SHAPE_REPRESENTATION(#2010,#2012);
#2010 = ( REPRESENTATION_RELATIONSHIP('','',#1149,#10) 
REPRESENTATION_RELATIONSHIP_WITH_TRANSFORMATION(#2011) 
SHAPE_REPRESENTATION_RELATIONSHIP() );
#2011 = ITEM_DEFINED_TRANSFORMATION('','',#11,#19);
#2012 = PRODUCT_DEFINITION_SHAPE('Placement','Placement of an item',
  #2013);
#2013 = NEXT_ASSEMBLY_USAGE_OCCURRENCE('2','C60','',#5,#1144,$);
#2014 = PRODUCT_RELATED_PRODUCT_CATEGORY('part',$,(#1146));
#2015 = CONTEXT_DEPENDENT_SHAPE_REPRESENTATION(#2016,#2018);
#2016 = ( REPRESENTATION_RELATIONSHIP('','',#340,#10) 
REPRESENTATION_RELATIONSHIP_WITH_TRANSFORMATION(#2017) 
SHAPE_REPRESENTATION_RELATIONSHIP() );
#2017 = ITEM_DEFINED_TRANSFORMATION('','',#11,#23);
#2018 = PRODUCT_DEFINITION_SHAPE('Placement','Placement of an item',
  #2019);
#2019 = NEXT_ASSEMBLY_USAGE_OCCURRENCE('3','R6','',#5,#335,$);
#2020 = CONTEXT_DEPENDENT_SHAPE_REPRESENTATION(#2021,#2023);
#2021 = ( REPRESENTATION_RELATIONSHIP('','',#1149,#10) 
REPRESENTATION_RELATIONSHIP_WITH_TRANSFORMATION(#2022) 
SHAPE_REPRESENTATION_RELATIONSHIP() );
#2022 = ITEM_DEFINED_TRANSFORMATION('','',#11,#27);
#2023 = PRODUCT_DEFINITION_SHAPE('Placement','Placement of an item',
  #2024);
#2024 = NEXT_ASSEMBLY_USAGE_OCCURRENCE('4','C28','',#5,#1144,$);
#2025 = CONTEXT_DEPENDENT_SHAPE_REPRESENTATION(#2026,#2028);
#2026 = ( REPRESENTATION_RELATIONSHIP('','',#340,#10) 
REPRESENTATION_RELATIONSHIP_WITH_TRANSFORMATION(#2027) 
SHAPE_REPRESENTATION_RELATIONSHIP() );
#2027 = ITEM_DEFINED_TRANSFORMATION('','',#11,#31);
#2028 = PRODUCT_DEFINITION_SHAPE('Placement','Placement of an item',
  #2029);
#2029 = NEXT_ASSEMBLY_USAGE_OCCURRENCE('5','R23','',#5,#335,$);
#2030 = CONTEXT_DEPENDENT_SHAPE_REPRESENTATION(#2031,#2033);
#2031 = ( REPRESENTATION_RELATIONSHIP('','',#1149,#10) 
REPRESENTATION_RELATIONSHIP_WITH_TRANSFORMATION(#2032) 
SHAPE_REPRESENTATION_RELATIONSHIP() );
#2032 = ITEM_DEFINED_TRANSFORMATION('','',#11,#35);
#2033 = PRODUCT_DEFINITION_SHAPE('Placement','Placement of an item',
  #2034);
#2034 = NEXT_ASSEMBLY_USAGE_OCCURRENCE('6','C4','',#5,#1144,$);
#2035 = CONTEXT_DEPENDENT_SHAPE_REPRESENTATION(#2036,#2038);
#2036 = ( REPRESENTATION_RELATIONSHIP('','',#1149,#10) 
REPRESENTATION_RELATIONSHIP_WITH_TRANSFORMATION(#2037) 
SHAPE_REPRESENTATION_RELATIONSHIP() );
#2037 = ITEM_DEFINED_TRANSFORMATION('','',#11,#39);
#2038 = PRODUCT_DEFINITION_SHAPE('Placement','Placement of an item',
  #2039);
#2039 = NEXT_ASSEMBLY_USAGE_OCCURRENCE('7','C56','',#5,#1144,$);
#2040 = CONTEXT_DEPENDENT_SHAPE_REPRESENTATION(#2041,#2043);
#2041 = ( REPRESENTATION_RELATIONSHIP('','',#1149,#10) 
REPRESENTATION_RELATIONSHIP_WITH_TRANSFORMATION(#2042) 
SHAPE_REPRESENTATION_RELATIONSHIP() );
#2042 = ITEM_DEFINED_TRANSFORMATION('','',#11,#43);
#2043 = PRODUCT_DEFINITION_SHAPE('Placement','Placement of an item',
  #2044);
#2044 = NEXT_ASSEMBLY_USAGE_OCCURRENCE('8','C45','',#5,#1144,$);
#2045 = CONTEXT_DEPENDENT_SHAPE_REPRESENTATION(#2046,#2048);
#2046 = ( REPRESENTATION_RELATIONSHIP('','',#1149,#10) 
REPRESENTATION_RELATIONSHIP_WITH_TRANSFORMATION(#2047) 
SHAPE_REPRESENTATION_RELATIONSHIP() );
#2047 = ITEM_DEFINED_TRANSFORMATION('','',#11,#47);
#2048 = PRODUCT_DEFINITION_SHAPE('Placement','Placement of an item',
  #2049);
#2049 = NEXT_ASSEMBLY_USAGE_OCCURRENCE('9','C49','',#5,#1144,$);
#2050 = SHAPE_DEFINITION_REPRESENTATION(#2051,#2057);
#2051 = PRODUCT_DEFINITION_SHAPE('','',#2052);
#2052 = PRODUCT_DEFINITION('design','',#2053,#2056);
#2053 = PRODUCT_DEFINITION_FORMATION('','',#2054);
#2054 = PRODUCT('C_0603_1608Metric','C_0603_1608Metric','',(#2055));
#2055 = PRODUCT_CONTEXT('',#2,'mechanical');
#2056 = PRODUCT_DEFINITION_CONTEXT('part definition',#2,'design');
#2057 = ADVANCED_BREP_SHAPE_REPRESENTATION('',(#11,#2058),#2912);
#2058 = MANIFOLD_SOLID_BREP('',#2059);
#2059 = CLOSED_SHELL('',(#2060,#2136,#2167,#2192,#2217,#2241,#2265,#2290
    ,#2315,#2332,#2418,#2450,#2474,#2499,#2523,#2548,#2572,#2597,#2614,
    #2700,#2731,#2756,#2781,#2805,#2829,#2854,#2879,#2896));
#2060 = ADVANCED_FACE('',(#2061),#2131,.F.);
#2061 = FACE_BOUND('',#2062,.F.);
#2062 = EDGE_LOOP('',(#2063,#2073,#2082,#2090,#2099,#2107,#2116,#2124));
#2063 = ORIENTED_EDGE('',*,*,#2064,.F.);
#2064 = EDGE_CURVE('',#2065,#2067,#2069,.T.);
#2065 = VERTEX_POINT('',#2066);
#2066 = CARTESIAN_POINT('',(-0.8,-0.4,3.E-02));
#2067 = VERTEX_POINT('',#2068);
#2068 = CARTESIAN_POINT('',(-0.8,-0.4,0.77));
#2069 = LINE('',#2070,#2071);
#2070 = CARTESIAN_POINT('',(-0.8,-0.4,0.));
#2071 = VECTOR('',#2072,1.);
#2072 = DIRECTION('',(0.,0.,1.));
#2073 = ORIENTED_EDGE('',*,*,#2074,.T.);
#2074 = EDGE_CURVE('',#2065,#2075,#2077,.T.);
#2075 = VERTEX_POINT('',#2076);
#2076 = CARTESIAN_POINT('',(-0.8,-0.37,0.));
#2077 = CIRCLE('',#2078,3.E-02);
#2078 = AXIS2_PLACEMENT_3D('',#2079,#2080,#2081);
#2079 = CARTESIAN_POINT('',(-0.8,-0.37,3.E-02));
#2080 = DIRECTION('',(1.,0.,-0.));
#2081 = DIRECTION('',(0.,0.,1.));
#2082 = ORIENTED_EDGE('',*,*,#2083,.T.);
#2083 = EDGE_CURVE('',#2075,#2084,#2086,.T.);
#2084 = VERTEX_POINT('',#2085);
#2085 = CARTESIAN_POINT('',(-0.8,0.37,0.));
#2086 = LINE('',#2087,#2088);
#2087 = CARTESIAN_POINT('',(-0.8,-0.4,0.));
#2088 = VECTOR('',#2089,1.);
#2089 = DIRECTION('',(0.,1.,0.));
#2090 = ORIENTED_EDGE('',*,*,#2091,.F.);
#2091 = EDGE_CURVE('',#2092,#2084,#2094,.T.);
#2092 = VERTEX_POINT('',#2093);
#2093 = CARTESIAN_POINT('',(-0.8,0.4,3.E-02));
#2094 = CIRCLE('',#2095,3.E-02);
#2095 = AXIS2_PLACEMENT_3D('',#2096,#2097,#2098);
#2096 = CARTESIAN_POINT('',(-0.8,0.37,3.E-02));
#2097 = DIRECTION('',(-1.,0.,0.));
#2098 = DIRECTION('',(0.,0.,1.));
#2099 = ORIENTED_EDGE('',*,*,#2100,.T.);
#2100 = EDGE_CURVE('',#2092,#2101,#2103,.T.);
#2101 = VERTEX_POINT('',#2102);
#2102 = CARTESIAN_POINT('',(-0.8,0.4,0.77));
#2103 = LINE('',#2104,#2105);
#2104 = CARTESIAN_POINT('',(-0.8,0.4,0.));
#2105 = VECTOR('',#2106,1.);
#2106 = DIRECTION('',(0.,0.,1.));
#2107 = ORIENTED_EDGE('',*,*,#2108,.T.);
#2108 = EDGE_CURVE('',#2101,#2109,#2111,.T.);
#2109 = VERTEX_POINT('',#2110);
#2110 = CARTESIAN_POINT('',(-0.8,0.37,0.8));
#2111 = CIRCLE('',#2112,3.E-02);
#2112 = AXIS2_PLACEMENT_3D('',#2113,#2114,#2115);
#2113 = CARTESIAN_POINT('',(-0.8,0.37,0.77));
#2114 = DIRECTION('',(1.,0.,-0.));
#2115 = DIRECTION('',(0.,0.,1.));
#2116 = ORIENTED_EDGE('',*,*,#2117,.F.);
#2117 = EDGE_CURVE('',#2118,#2109,#2120,.T.);
#2118 = VERTEX_POINT('',#2119);
#2119 = CARTESIAN_POINT('',(-0.8,-0.37,0.8));
#2120 = LINE('',#2121,#2122);
#2121 = CARTESIAN_POINT('',(-0.8,-0.4,0.8));
#2122 = VECTOR('',#2123,1.);
#2123 = DIRECTION('',(0.,1.,0.));
#2124 = ORIENTED_EDGE('',*,*,#2125,.F.);
#2125 = EDGE_CURVE('',#2067,#2118,#2126,.T.);
#2126 = CIRCLE('',#2127,3.E-02);
#2127 = AXIS2_PLACEMENT_3D('',#2128,#2129,#2130);
#2128 = CARTESIAN_POINT('',(-0.8,-0.37,0.77));
#2129 = DIRECTION('',(-1.,0.,0.));
#2130 = DIRECTION('',(0.,0.,1.));
#2131 = PLANE('',#2132);
#2132 = AXIS2_PLACEMENT_3D('',#2133,#2134,#2135);
#2133 = CARTESIAN_POINT('',(-0.8,-0.4,0.));
#2134 = DIRECTION('',(1.,0.,0.));
#2135 = DIRECTION('',(0.,0.,1.));
#2136 = ADVANCED_FACE('',(#2137),#2162,.F.);
#2137 = FACE_BOUND('',#2138,.F.);
#2138 = EDGE_LOOP('',(#2139,#2149,#2155,#2156));
#2139 = ORIENTED_EDGE('',*,*,#2140,.F.);
#2140 = EDGE_CURVE('',#2141,#2143,#2145,.T.);
#2141 = VERTEX_POINT('',#2142);
#2142 = CARTESIAN_POINT('',(-0.5,-0.4,3.E-02));
#2143 = VERTEX_POINT('',#2144);
#2144 = CARTESIAN_POINT('',(-0.5,-0.4,0.77));
#2145 = LINE('',#2146,#2147);
#2146 = CARTESIAN_POINT('',(-0.5,-0.4,0.));
#2147 = VECTOR('',#2148,1.);
#2148 = DIRECTION('',(0.,0.,1.));
#2149 = ORIENTED_EDGE('',*,*,#2150,.F.);
#2150 = EDGE_CURVE('',#2065,#2141,#2151,.T.);
#2151 = LINE('',#2152,#2153);
#2152 = CARTESIAN_POINT('',(-0.8,-0.4,3.E-02));
#2153 = VECTOR('',#2154,1.);
#2154 = DIRECTION('',(1.,0.,0.));
#2155 = ORIENTED_EDGE('',*,*,#2064,.T.);
#2156 = ORIENTED_EDGE('',*,*,#2157,.T.);
#2157 = EDGE_CURVE('',#2067,#2143,#2158,.T.);
#2158 = LINE('',#2159,#2160);
#2159 = CARTESIAN_POINT('',(-0.8,-0.4,0.77));
#2160 = VECTOR('',#2161,1.);
#2161 = DIRECTION('',(1.,0.,0.));
#2162 = PLANE('',#2163);
#2163 = AXIS2_PLACEMENT_3D('',#2164,#2165,#2166);
#2164 = CARTESIAN_POINT('',(-0.8,-0.4,0.));
#2165 = DIRECTION('',(0.,1.,0.));
#2166 = DIRECTION('',(0.,-0.,1.));
#2167 = ADVANCED_FACE('',(#2168),#2187,.T.);
#2168 = FACE_BOUND('',#2169,.T.);
#2169 = EDGE_LOOP('',(#2170,#2171,#2179,#2186));
#2170 = ORIENTED_EDGE('',*,*,#2074,.T.);
#2171 = ORIENTED_EDGE('',*,*,#2172,.T.);
#2172 = EDGE_CURVE('',#2075,#2173,#2175,.T.);
#2173 = VERTEX_POINT('',#2174);
#2174 = CARTESIAN_POINT('',(-0.5,-0.37,0.));
#2175 = LINE('',#2176,#2177);
#2176 = CARTESIAN_POINT('',(-0.8,-0.37,0.));
#2177 = VECTOR('',#2178,1.);
#2178 = DIRECTION('',(1.,0.,0.));
#2179 = ORIENTED_EDGE('',*,*,#2180,.F.);
#2180 = EDGE_CURVE('',#2141,#2173,#2181,.T.);
#2181 = CIRCLE('',#2182,3.E-02);
#2182 = AXIS2_PLACEMENT_3D('',#2183,#2184,#2185);
#2183 = CARTESIAN_POINT('',(-0.5,-0.37,3.E-02));
#2184 = DIRECTION('',(1.,0.,-0.));
#2185 = DIRECTION('',(0.,0.,1.));
#2186 = ORIENTED_EDGE('',*,*,#2150,.F.);
#2187 = CYLINDRICAL_SURFACE('',#2188,3.E-02);
#2188 = AXIS2_PLACEMENT_3D('',#2189,#2190,#2191);
#2189 = CARTESIAN_POINT('',(-0.8,-0.37,3.E-02));
#2190 = DIRECTION('',(1.,0.,0.));
#2191 = DIRECTION('',(0.,-1.,0.));
#2192 = ADVANCED_FACE('',(#2193),#2212,.T.);
#2193 = FACE_BOUND('',#2194,.T.);
#2194 = EDGE_LOOP('',(#2195,#2196,#2205,#2211));
#2195 = ORIENTED_EDGE('',*,*,#2157,.T.);
#2196 = ORIENTED_EDGE('',*,*,#2197,.T.);
#2197 = EDGE_CURVE('',#2143,#2198,#2200,.T.);
#2198 = VERTEX_POINT('',#2199);
#2199 = CARTESIAN_POINT('',(-0.5,-0.37,0.8));
#2200 = CIRCLE('',#2201,3.E-02);
#2201 = AXIS2_PLACEMENT_3D('',#2202,#2203,#2204);
#2202 = CARTESIAN_POINT('',(-0.5,-0.37,0.77));
#2203 = DIRECTION('',(-1.,0.,0.));
#2204 = DIRECTION('',(0.,0.,1.));
#2205 = ORIENTED_EDGE('',*,*,#2206,.F.);
#2206 = EDGE_CURVE('',#2118,#2198,#2207,.T.);
#2207 = LINE('',#2208,#2209);
#2208 = CARTESIAN_POINT('',(-0.8,-0.37,0.8));
#2209 = VECTOR('',#2210,1.);
#2210 = DIRECTION('',(1.,0.,0.));
#2211 = ORIENTED_EDGE('',*,*,#2125,.F.);
#2212 = CYLINDRICAL_SURFACE('',#2213,3.E-02);
#2213 = AXIS2_PLACEMENT_3D('',#2214,#2215,#2216);
#2214 = CARTESIAN_POINT('',(-0.8,-0.37,0.77));
#2215 = DIRECTION('',(1.,0.,0.));
#2216 = DIRECTION('',(0.,-1.,0.));
#2217 = ADVANCED_FACE('',(#2218),#2236,.F.);
#2218 = FACE_BOUND('',#2219,.F.);
#2219 = EDGE_LOOP('',(#2220,#2221,#2222,#2230));
#2220 = ORIENTED_EDGE('',*,*,#2083,.F.);
#2221 = ORIENTED_EDGE('',*,*,#2172,.T.);
#2222 = ORIENTED_EDGE('',*,*,#2223,.T.);
#2223 = EDGE_CURVE('',#2173,#2224,#2226,.T.);
#2224 = VERTEX_POINT('',#2225);
#2225 = CARTESIAN_POINT('',(-0.5,0.37,0.));
#2226 = LINE('',#2227,#2228);
#2227 = CARTESIAN_POINT('',(-0.5,-0.4,0.));
#2228 = VECTOR('',#2229,1.);
#2229 = DIRECTION('',(0.,1.,0.));
#2230 = ORIENTED_EDGE('',*,*,#2231,.F.);
#2231 = EDGE_CURVE('',#2084,#2224,#2232,.T.);
#2232 = LINE('',#2233,#2234);
#2233 = CARTESIAN_POINT('',(-0.8,0.37,0.));
#2234 = VECTOR('',#2235,1.);
#2235 = DIRECTION('',(1.,0.,0.));
#2236 = PLANE('',#2237);
#2237 = AXIS2_PLACEMENT_3D('',#2238,#2239,#2240);
#2238 = CARTESIAN_POINT('',(-0.8,-0.4,0.));
#2239 = DIRECTION('',(0.,0.,1.));
#2240 = DIRECTION('',(1.,0.,-0.));
#2241 = ADVANCED_FACE('',(#2242),#2260,.T.);
#2242 = FACE_BOUND('',#2243,.T.);
#2243 = EDGE_LOOP('',(#2244,#2245,#2246,#2254));
#2244 = ORIENTED_EDGE('',*,*,#2117,.F.);
#2245 = ORIENTED_EDGE('',*,*,#2206,.T.);
#2246 = ORIENTED_EDGE('',*,*,#2247,.T.);
#2247 = EDGE_CURVE('',#2198,#2248,#2250,.T.);
#2248 = VERTEX_POINT('',#2249);
#2249 = CARTESIAN_POINT('',(-0.5,0.37,0.8));
#2250 = LINE('',#2251,#2252);
#2251 = CARTESIAN_POINT('',(-0.5,-0.4,0.8));
#2252 = VECTOR('',#2253,1.);
#2253 = DIRECTION('',(0.,1.,0.));
#2254 = ORIENTED_EDGE('',*,*,#2255,.F.);
#2255 = EDGE_CURVE('',#2109,#2248,#2256,.T.);
#2256 = LINE('',#2257,#2258);
#2257 = CARTESIAN_POINT('',(-0.8,0.37,0.8));
#2258 = VECTOR('',#2259,1.);
#2259 = DIRECTION('',(1.,0.,0.));
#2260 = PLANE('',#2261);
#2261 = AXIS2_PLACEMENT_3D('',#2262,#2263,#2264);
#2262 = CARTESIAN_POINT('',(-0.8,-0.4,0.8));
#2263 = DIRECTION('',(0.,0.,1.));
#2264 = DIRECTION('',(1.,0.,-0.));
#2265 = ADVANCED_FACE('',(#2266),#2285,.T.);
#2266 = FACE_BOUND('',#2267,.T.);
#2267 = EDGE_LOOP('',(#2268,#2276,#2283,#2284));
#2268 = ORIENTED_EDGE('',*,*,#2269,.T.);
#2269 = EDGE_CURVE('',#2092,#2270,#2272,.T.);
#2270 = VERTEX_POINT('',#2271);
#2271 = CARTESIAN_POINT('',(-0.5,0.4,3.E-02));
#2272 = LINE('',#2273,#2274);
#2273 = CARTESIAN_POINT('',(-0.8,0.4,3.E-02));
#2274 = VECTOR('',#2275,1.);
#2275 = DIRECTION('',(1.,0.,0.));
#2276 = ORIENTED_EDGE('',*,*,#2277,.T.);
#2277 = EDGE_CURVE('',#2270,#2224,#2278,.T.);
#2278 = CIRCLE('',#2279,3.E-02);
#2279 = AXIS2_PLACEMENT_3D('',#2280,#2281,#2282);
#2280 = CARTESIAN_POINT('',(-0.5,0.37,3.E-02));
#2281 = DIRECTION('',(-1.,0.,0.));
#2282 = DIRECTION('',(0.,0.,1.));
#2283 = ORIENTED_EDGE('',*,*,#2231,.F.);
#2284 = ORIENTED_EDGE('',*,*,#2091,.F.);
#2285 = CYLINDRICAL_SURFACE('',#2286,3.E-02);
#2286 = AXIS2_PLACEMENT_3D('',#2287,#2288,#2289);
#2287 = CARTESIAN_POINT('',(-0.8,0.37,3.E-02));
#2288 = DIRECTION('',(1.,0.,0.));
#2289 = DIRECTION('',(-0.,1.,0.));
#2290 = ADVANCED_FACE('',(#2291),#2310,.T.);
#2291 = FACE_BOUND('',#2292,.T.);
#2292 = EDGE_LOOP('',(#2293,#2294,#2295,#2304));
#2293 = ORIENTED_EDGE('',*,*,#2108,.T.);
#2294 = ORIENTED_EDGE('',*,*,#2255,.T.);
#2295 = ORIENTED_EDGE('',*,*,#2296,.F.);
#2296 = EDGE_CURVE('',#2297,#2248,#2299,.T.);
#2297 = VERTEX_POINT('',#2298);
#2298 = CARTESIAN_POINT('',(-0.5,0.4,0.77));
#2299 = CIRCLE('',#2300,3.E-02);
#2300 = AXIS2_PLACEMENT_3D('',#2301,#2302,#2303);
#2301 = CARTESIAN_POINT('',(-0.5,0.37,0.77));
#2302 = DIRECTION('',(1.,0.,-0.));
#2303 = DIRECTION('',(0.,0.,1.));
#2304 = ORIENTED_EDGE('',*,*,#2305,.F.);
#2305 = EDGE_CURVE('',#2101,#2297,#2306,.T.);
#2306 = LINE('',#2307,#2308);
#2307 = CARTESIAN_POINT('',(-0.8,0.4,0.77));
#2308 = VECTOR('',#2309,1.);
#2309 = DIRECTION('',(1.,0.,0.));
#2310 = CYLINDRICAL_SURFACE('',#2311,3.E-02);
#2311 = AXIS2_PLACEMENT_3D('',#2312,#2313,#2314);
#2312 = CARTESIAN_POINT('',(-0.8,0.37,0.77));
#2313 = DIRECTION('',(1.,0.,0.));
#2314 = DIRECTION('',(-0.,1.,0.));
#2315 = ADVANCED_FACE('',(#2316),#2327,.T.);
#2316 = FACE_BOUND('',#2317,.T.);
#2317 = EDGE_LOOP('',(#2318,#2324,#2325,#2326));
#2318 = ORIENTED_EDGE('',*,*,#2319,.F.);
#2319 = EDGE_CURVE('',#2270,#2297,#2320,.T.);
#2320 = LINE('',#2321,#2322);
#2321 = CARTESIAN_POINT('',(-0.5,0.4,0.));
#2322 = VECTOR('',#2323,1.);
#2323 = DIRECTION('',(0.,0.,1.));
#2324 = ORIENTED_EDGE('',*,*,#2269,.F.);
#2325 = ORIENTED_EDGE('',*,*,#2100,.T.);
#2326 = ORIENTED_EDGE('',*,*,#2305,.T.);
#2327 = PLANE('',#2328);
#2328 = AXIS2_PLACEMENT_3D('',#2329,#2330,#2331);
#2329 = CARTESIAN_POINT('',(-0.8,0.4,0.));
#2330 = DIRECTION('',(0.,1.,0.));
#2331 = DIRECTION('',(0.,-0.,1.));
#2332 = ADVANCED_FACE('',(#2333,#2343),#2413,.T.);
#2333 = FACE_BOUND('',#2334,.T.);
#2334 = EDGE_LOOP('',(#2335,#2336,#2337,#2338,#2339,#2340,#2341,#2342));
#2335 = ORIENTED_EDGE('',*,*,#2140,.F.);
#2336 = ORIENTED_EDGE('',*,*,#2180,.T.);
#2337 = ORIENTED_EDGE('',*,*,#2223,.T.);
#2338 = ORIENTED_EDGE('',*,*,#2277,.F.);
#2339 = ORIENTED_EDGE('',*,*,#2319,.T.);
#2340 = ORIENTED_EDGE('',*,*,#2296,.T.);
#2341 = ORIENTED_EDGE('',*,*,#2247,.F.);
#2342 = ORIENTED_EDGE('',*,*,#2197,.F.);
#2343 = FACE_BOUND('',#2344,.T.);
#2344 = EDGE_LOOP('',(#2345,#2356,#2364,#2373,#2381,#2390,#2398,#2407));
#2345 = ORIENTED_EDGE('',*,*,#2346,.F.);
#2346 = EDGE_CURVE('',#2347,#2349,#2351,.T.);
#2347 = VERTEX_POINT('',#2348);
#2348 = CARTESIAN_POINT('',(-0.5,-0.37,6.E-02));
#2349 = VERTEX_POINT('',#2350);
#2350 = CARTESIAN_POINT('',(-0.5,-0.34,3.E-02));
#2351 = CIRCLE('',#2352,3.E-02);
#2352 = AXIS2_PLACEMENT_3D('',#2353,#2354,#2355);
#2353 = CARTESIAN_POINT('',(-0.5,-0.34,6.E-02));
#2354 = DIRECTION('',(1.,0.,-0.));
#2355 = DIRECTION('',(0.,0.,1.));
#2356 = ORIENTED_EDGE('',*,*,#2357,.T.);
#2357 = EDGE_CURVE('',#2347,#2358,#2360,.T.);
#2358 = VERTEX_POINT('',#2359);
#2359 = CARTESIAN_POINT('',(-0.5,-0.37,0.74));
#2360 = LINE('',#2361,#2362);
#2361 = CARTESIAN_POINT('',(-0.5,-0.37,3.E-02));
#2362 = VECTOR('',#2363,1.);
#2363 = DIRECTION('',(0.,0.,1.));
#2364 = ORIENTED_EDGE('',*,*,#2365,.T.);
#2365 = EDGE_CURVE('',#2358,#2366,#2368,.T.);
#2366 = VERTEX_POINT('',#2367);
#2367 = CARTESIAN_POINT('',(-0.5,-0.34,0.77));
#2368 = CIRCLE('',#2369,3.E-02);
#2369 = AXIS2_PLACEMENT_3D('',#2370,#2371,#2372);
#2370 = CARTESIAN_POINT('',(-0.5,-0.34,0.74));
#2371 = DIRECTION('',(-1.,0.,0.));
#2372 = DIRECTION('',(0.,0.,1.));
#2373 = ORIENTED_EDGE('',*,*,#2374,.T.);
#2374 = EDGE_CURVE('',#2366,#2375,#2377,.T.);
#2375 = VERTEX_POINT('',#2376);
#2376 = CARTESIAN_POINT('',(-0.5,0.34,0.77));
#2377 = LINE('',#2378,#2379);
#2378 = CARTESIAN_POINT('',(-0.5,-0.37,0.77));
#2379 = VECTOR('',#2380,1.);
#2380 = DIRECTION('',(0.,1.,0.));
#2381 = ORIENTED_EDGE('',*,*,#2382,.F.);
#2382 = EDGE_CURVE('',#2383,#2375,#2385,.T.);
#2383 = VERTEX_POINT('',#2384);
#2384 = CARTESIAN_POINT('',(-0.5,0.37,0.74));
#2385 = CIRCLE('',#2386,3.E-02);
#2386 = AXIS2_PLACEMENT_3D('',#2387,#2388,#2389);
#2387 = CARTESIAN_POINT('',(-0.5,0.34,0.74));
#2388 = DIRECTION('',(1.,0.,-0.));
#2389 = DIRECTION('',(0.,0.,1.));
#2390 = ORIENTED_EDGE('',*,*,#2391,.F.);
#2391 = EDGE_CURVE('',#2392,#2383,#2394,.T.);
#2392 = VERTEX_POINT('',#2393);
#2393 = CARTESIAN_POINT('',(-0.5,0.37,6.E-02));
#2394 = LINE('',#2395,#2396);
#2395 = CARTESIAN_POINT('',(-0.5,0.37,3.E-02));
#2396 = VECTOR('',#2397,1.);
#2397 = DIRECTION('',(0.,0.,1.));
#2398 = ORIENTED_EDGE('',*,*,#2399,.T.);
#2399 = EDGE_CURVE('',#2392,#2400,#2402,.T.);
#2400 = VERTEX_POINT('',#2401);
#2401 = CARTESIAN_POINT('',(-0.5,0.34,3.E-02));
#2402 = CIRCLE('',#2403,3.E-02);
#2403 = AXIS2_PLACEMENT_3D('',#2404,#2405,#2406);
#2404 = CARTESIAN_POINT('',(-0.5,0.34,6.E-02));
#2405 = DIRECTION('',(-1.,0.,0.));
#2406 = DIRECTION('',(0.,0.,1.));
#2407 = ORIENTED_EDGE('',*,*,#2408,.F.);
#2408 = EDGE_CURVE('',#2349,#2400,#2409,.T.);
#2409 = LINE('',#2410,#2411);
#2410 = CARTESIAN_POINT('',(-0.5,-0.37,3.E-02));
#2411 = VECTOR('',#2412,1.);
#2412 = DIRECTION('',(0.,1.,0.));
#2413 = PLANE('',#2414);
#2414 = AXIS2_PLACEMENT_3D('',#2415,#2416,#2417);
#2415 = CARTESIAN_POINT('',(-0.5,-0.4,0.));
#2416 = DIRECTION('',(1.,0.,0.));
#2417 = DIRECTION('',(0.,0.,1.));
#2418 = ADVANCED_FACE('',(#2419),#2445,.T.);
#2419 = FACE_BOUND('',#2420,.T.);
#2420 = EDGE_LOOP('',(#2421,#2422,#2430,#2439));
#2421 = ORIENTED_EDGE('',*,*,#2346,.T.);
#2422 = ORIENTED_EDGE('',*,*,#2423,.T.);
#2423 = EDGE_CURVE('',#2349,#2424,#2426,.T.);
#2424 = VERTEX_POINT('',#2425);
#2425 = CARTESIAN_POINT('',(0.5,-0.34,3.E-02));
#2426 = LINE('',#2427,#2428);
#2427 = CARTESIAN_POINT('',(-0.5,-0.34,3.E-02));
#2428 = VECTOR('',#2429,1.);
#2429 = DIRECTION('',(1.,0.,0.));
#2430 = ORIENTED_EDGE('',*,*,#2431,.F.);
#2431 = EDGE_CURVE('',#2432,#2424,#2434,.T.);
#2432 = VERTEX_POINT('',#2433);
#2433 = CARTESIAN_POINT('',(0.5,-0.37,6.E-02));
#2434 = CIRCLE('',#2435,3.E-02);
#2435 = AXIS2_PLACEMENT_3D('',#2436,#2437,#2438);
#2436 = CARTESIAN_POINT('',(0.5,-0.34,6.E-02));
#2437 = DIRECTION('',(1.,0.,-0.));
#2438 = DIRECTION('',(0.,0.,1.));
#2439 = ORIENTED_EDGE('',*,*,#2440,.F.);
#2440 = EDGE_CURVE('',#2347,#2432,#2441,.T.);
#2441 = LINE('',#2442,#2443);
#2442 = CARTESIAN_POINT('',(-0.5,-0.37,6.E-02));
#2443 = VECTOR('',#2444,1.);
#2444 = DIRECTION('',(1.,0.,0.));
#2445 = CYLINDRICAL_SURFACE('',#2446,3.E-02);
#2446 = AXIS2_PLACEMENT_3D('',#2447,#2448,#2449);
#2447 = CARTESIAN_POINT('',(-0.5,-0.34,6.E-02));
#2448 = DIRECTION('',(1.,0.,0.));
#2449 = DIRECTION('',(0.,-1.,0.));
#2450 = ADVANCED_FACE('',(#2451),#2469,.F.);
#2451 = FACE_BOUND('',#2452,.F.);
#2452 = EDGE_LOOP('',(#2453,#2454,#2455,#2463));
#2453 = ORIENTED_EDGE('',*,*,#2408,.F.);
#2454 = ORIENTED_EDGE('',*,*,#2423,.T.);
#2455 = ORIENTED_EDGE('',*,*,#2456,.T.);
#2456 = EDGE_CURVE('',#2424,#2457,#2459,.T.);
#2457 = VERTEX_POINT('',#2458);
#2458 = CARTESIAN_POINT('',(0.5,0.34,3.E-02));
#2459 = LINE('',#2460,#2461);
#2460 = CARTESIAN_POINT('',(0.5,-0.37,3.E-02));
#2461 = VECTOR('',#2462,1.);
#2462 = DIRECTION('',(0.,1.,0.));
#2463 = ORIENTED_EDGE('',*,*,#2464,.F.);
#2464 = EDGE_CURVE('',#2400,#2457,#2465,.T.);
#2465 = LINE('',#2466,#2467);
#2466 = CARTESIAN_POINT('',(-0.5,0.34,3.E-02));
#2467 = VECTOR('',#2468,1.);
#2468 = DIRECTION('',(1.,0.,0.));
#2469 = PLANE('',#2470);
#2470 = AXIS2_PLACEMENT_3D('',#2471,#2472,#2473);
#2471 = CARTESIAN_POINT('',(-0.5,-0.37,3.E-02));
#2472 = DIRECTION('',(0.,0.,1.));
#2473 = DIRECTION('',(1.,0.,-0.));
#2474 = ADVANCED_FACE('',(#2475),#2494,.T.);
#2475 = FACE_BOUND('',#2476,.T.);
#2476 = EDGE_LOOP('',(#2477,#2485,#2492,#2493));
#2477 = ORIENTED_EDGE('',*,*,#2478,.T.);
#2478 = EDGE_CURVE('',#2392,#2479,#2481,.T.);
#2479 = VERTEX_POINT('',#2480);
#2480 = CARTESIAN_POINT('',(0.5,0.37,6.E-02));
#2481 = LINE('',#2482,#2483);
#2482 = CARTESIAN_POINT('',(-0.5,0.37,6.E-02));
#2483 = VECTOR('',#2484,1.);
#2484 = DIRECTION('',(1.,0.,0.));
#2485 = ORIENTED_EDGE('',*,*,#2486,.T.);
#2486 = EDGE_CURVE('',#2479,#2457,#2487,.T.);
#2487 = CIRCLE('',#2488,3.E-02);
#2488 = AXIS2_PLACEMENT_3D('',#2489,#2490,#2491);
#2489 = CARTESIAN_POINT('',(0.5,0.34,6.E-02));
#2490 = DIRECTION('',(-1.,0.,0.));
#2491 = DIRECTION('',(0.,0.,1.));
#2492 = ORIENTED_EDGE('',*,*,#2464,.F.);
#2493 = ORIENTED_EDGE('',*,*,#2399,.F.);
#2494 = CYLINDRICAL_SURFACE('',#2495,3.E-02);
#2495 = AXIS2_PLACEMENT_3D('',#2496,#2497,#2498);
#2496 = CARTESIAN_POINT('',(-0.5,0.34,6.E-02));
#2497 = DIRECTION('',(1.,0.,0.));
#2498 = DIRECTION('',(-0.,1.,0.));
#2499 = ADVANCED_FACE('',(#2500),#2518,.T.);
#2500 = FACE_BOUND('',#2501,.T.);
#2501 = EDGE_LOOP('',(#2502,#2510,#2511,#2512));
#2502 = ORIENTED_EDGE('',*,*,#2503,.F.);
#2503 = EDGE_CURVE('',#2479,#2504,#2506,.T.);
#2504 = VERTEX_POINT('',#2505);
#2505 = CARTESIAN_POINT('',(0.5,0.37,0.74));
#2506 = LINE('',#2507,#2508);
#2507 = CARTESIAN_POINT('',(0.5,0.37,3.E-02));
#2508 = VECTOR('',#2509,1.);
#2509 = DIRECTION('',(0.,0.,1.));
#2510 = ORIENTED_EDGE('',*,*,#2478,.F.);
#2511 = ORIENTED_EDGE('',*,*,#2391,.T.);
#2512 = ORIENTED_EDGE('',*,*,#2513,.T.);
#2513 = EDGE_CURVE('',#2383,#2504,#2514,.T.);
#2514 = LINE('',#2515,#2516);
#2515 = CARTESIAN_POINT('',(-0.5,0.37,0.74));
#2516 = VECTOR('',#2517,1.);
#2517 = DIRECTION('',(1.,0.,0.));
#2518 = PLANE('',#2519);
#2519 = AXIS2_PLACEMENT_3D('',#2520,#2521,#2522);
#2520 = CARTESIAN_POINT('',(-0.5,0.37,3.E-02));
#2521 = DIRECTION('',(0.,1.,0.));
#2522 = DIRECTION('',(0.,-0.,1.));
#2523 = ADVANCED_FACE('',(#2524),#2543,.T.);
#2524 = FACE_BOUND('',#2525,.T.);
#2525 = EDGE_LOOP('',(#2526,#2527,#2535,#2542));
#2526 = ORIENTED_EDGE('',*,*,#2382,.T.);
#2527 = ORIENTED_EDGE('',*,*,#2528,.T.);
#2528 = EDGE_CURVE('',#2375,#2529,#2531,.T.);
#2529 = VERTEX_POINT('',#2530);
#2530 = CARTESIAN_POINT('',(0.5,0.34,0.77));
#2531 = LINE('',#2532,#2533);
#2532 = CARTESIAN_POINT('',(-0.5,0.34,0.77));
#2533 = VECTOR('',#2534,1.);
#2534 = DIRECTION('',(1.,0.,0.));
#2535 = ORIENTED_EDGE('',*,*,#2536,.F.);
#2536 = EDGE_CURVE('',#2504,#2529,#2537,.T.);
#2537 = CIRCLE('',#2538,3.E-02);
#2538 = AXIS2_PLACEMENT_3D('',#2539,#2540,#2541);
#2539 = CARTESIAN_POINT('',(0.5,0.34,0.74));
#2540 = DIRECTION('',(1.,0.,-0.));
#2541 = DIRECTION('',(0.,0.,1.));
#2542 = ORIENTED_EDGE('',*,*,#2513,.F.);
#2543 = CYLINDRICAL_SURFACE('',#2544,3.E-02);
#2544 = AXIS2_PLACEMENT_3D('',#2545,#2546,#2547);
#2545 = CARTESIAN_POINT('',(-0.5,0.34,0.74));
#2546 = DIRECTION('',(1.,0.,0.));
#2547 = DIRECTION('',(-0.,1.,0.));
#2548 = ADVANCED_FACE('',(#2549),#2567,.T.);
#2549 = FACE_BOUND('',#2550,.T.);
#2550 = EDGE_LOOP('',(#2551,#2552,#2560,#2566));
#2551 = ORIENTED_EDGE('',*,*,#2374,.F.);
#2552 = ORIENTED_EDGE('',*,*,#2553,.T.);
#2553 = EDGE_CURVE('',#2366,#2554,#2556,.T.);
#2554 = VERTEX_POINT('',#2555);
#2555 = CARTESIAN_POINT('',(0.5,-0.34,0.77));
#2556 = LINE('',#2557,#2558);
#2557 = CARTESIAN_POINT('',(-0.5,-0.34,0.77));
#2558 = VECTOR('',#2559,1.);
#2559 = DIRECTION('',(1.,0.,0.));
#2560 = ORIENTED_EDGE('',*,*,#2561,.T.);
#2561 = EDGE_CURVE('',#2554,#2529,#2562,.T.);
#2562 = LINE('',#2563,#2564);
#2563 = CARTESIAN_POINT('',(0.5,-0.37,0.77));
#2564 = VECTOR('',#2565,1.);
#2565 = DIRECTION('',(0.,1.,0.));
#2566 = ORIENTED_EDGE('',*,*,#2528,.F.);
#2567 = PLANE('',#2568);
#2568 = AXIS2_PLACEMENT_3D('',#2569,#2570,#2571);
#2569 = CARTESIAN_POINT('',(-0.5,-0.37,0.77));
#2570 = DIRECTION('',(0.,0.,1.));
#2571 = DIRECTION('',(1.,0.,-0.));
#2572 = ADVANCED_FACE('',(#2573),#2592,.T.);
#2573 = FACE_BOUND('',#2574,.T.);
#2574 = EDGE_LOOP('',(#2575,#2583,#2590,#2591));
#2575 = ORIENTED_EDGE('',*,*,#2576,.T.);
#2576 = EDGE_CURVE('',#2358,#2577,#2579,.T.);
#2577 = VERTEX_POINT('',#2578);
#2578 = CARTESIAN_POINT('',(0.5,-0.37,0.74));
#2579 = LINE('',#2580,#2581);
#2580 = CARTESIAN_POINT('',(-0.5,-0.37,0.74));
#2581 = VECTOR('',#2582,1.);
#2582 = DIRECTION('',(1.,0.,0.));
#2583 = ORIENTED_EDGE('',*,*,#2584,.T.);
#2584 = EDGE_CURVE('',#2577,#2554,#2585,.T.);
#2585 = CIRCLE('',#2586,3.E-02);
#2586 = AXIS2_PLACEMENT_3D('',#2587,#2588,#2589);
#2587 = CARTESIAN_POINT('',(0.5,-0.34,0.74));
#2588 = DIRECTION('',(-1.,0.,0.));
#2589 = DIRECTION('',(0.,0.,1.));
#2590 = ORIENTED_EDGE('',*,*,#2553,.F.);
#2591 = ORIENTED_EDGE('',*,*,#2365,.F.);
#2592 = CYLINDRICAL_SURFACE('',#2593,3.E-02);
#2593 = AXIS2_PLACEMENT_3D('',#2594,#2595,#2596);
#2594 = CARTESIAN_POINT('',(-0.5,-0.34,0.74));
#2595 = DIRECTION('',(1.,0.,0.));
#2596 = DIRECTION('',(0.,-1.,0.));
#2597 = ADVANCED_FACE('',(#2598),#2609,.F.);
#2598 = FACE_BOUND('',#2599,.F.);
#2599 = EDGE_LOOP('',(#2600,#2606,#2607,#2608));
#2600 = ORIENTED_EDGE('',*,*,#2601,.F.);
#2601 = EDGE_CURVE('',#2432,#2577,#2602,.T.);
#2602 = LINE('',#2603,#2604);
#2603 = CARTESIAN_POINT('',(0.5,-0.37,3.E-02));
#2604 = VECTOR('',#2605,1.);
#2605 = DIRECTION('',(0.,0.,1.));
#2606 = ORIENTED_EDGE('',*,*,#2440,.F.);
#2607 = ORIENTED_EDGE('',*,*,#2357,.T.);
#2608 = ORIENTED_EDGE('',*,*,#2576,.T.);
#2609 = PLANE('',#2610);
#2610 = AXIS2_PLACEMENT_3D('',#2611,#2612,#2613);
#2611 = CARTESIAN_POINT('',(-0.5,-0.37,3.E-02));
#2612 = DIRECTION('',(0.,1.,0.));
#2613 = DIRECTION('',(0.,-0.,1.));
#2614 = ADVANCED_FACE('',(#2615,#2685),#2695,.F.);
#2615 = FACE_BOUND('',#2616,.F.);
#2616 = EDGE_LOOP('',(#2617,#2627,#2636,#2644,#2653,#2661,#2670,#2678));
#2617 = ORIENTED_EDGE('',*,*,#2618,.F.);
#2618 = EDGE_CURVE('',#2619,#2621,#2623,.T.);
#2619 = VERTEX_POINT('',#2620);
#2620 = CARTESIAN_POINT('',(0.5,-0.4,3.E-02));
#2621 = VERTEX_POINT('',#2622);
#2622 = CARTESIAN_POINT('',(0.5,-0.4,0.77));
#2623 = LINE('',#2624,#2625);
#2624 = CARTESIAN_POINT('',(0.5,-0.4,0.));
#2625 = VECTOR('',#2626,1.);
#2626 = DIRECTION('',(0.,0.,1.));
#2627 = ORIENTED_EDGE('',*,*,#2628,.T.);
#2628 = EDGE_CURVE('',#2619,#2629,#2631,.T.);
#2629 = VERTEX_POINT('',#2630);
#2630 = CARTESIAN_POINT('',(0.5,-0.37,0.));
#2631 = CIRCLE('',#2632,3.E-02);
#2632 = AXIS2_PLACEMENT_3D('',#2633,#2634,#2635);
#2633 = CARTESIAN_POINT('',(0.5,-0.37,3.E-02));
#2634 = DIRECTION('',(1.,0.,-0.));
#2635 = DIRECTION('',(0.,0.,1.));
#2636 = ORIENTED_EDGE('',*,*,#2637,.T.);
#2637 = EDGE_CURVE('',#2629,#2638,#2640,.T.);
#2638 = VERTEX_POINT('',#2639);
#2639 = CARTESIAN_POINT('',(0.5,0.37,0.));
#2640 = LINE('',#2641,#2642);
#2641 = CARTESIAN_POINT('',(0.5,-0.4,0.));
#2642 = VECTOR('',#2643,1.);
#2643 = DIRECTION('',(0.,1.,0.));
#2644 = ORIENTED_EDGE('',*,*,#2645,.F.);
#2645 = EDGE_CURVE('',#2646,#2638,#2648,.T.);
#2646 = VERTEX_POINT('',#2647);
#2647 = CARTESIAN_POINT('',(0.5,0.4,3.E-02));
#2648 = CIRCLE('',#2649,3.E-02);
#2649 = AXIS2_PLACEMENT_3D('',#2650,#2651,#2652);
#2650 = CARTESIAN_POINT('',(0.5,0.37,3.E-02));
#2651 = DIRECTION('',(-1.,0.,0.));
#2652 = DIRECTION('',(0.,0.,1.));
#2653 = ORIENTED_EDGE('',*,*,#2654,.T.);
#2654 = EDGE_CURVE('',#2646,#2655,#2657,.T.);
#2655 = VERTEX_POINT('',#2656);
#2656 = CARTESIAN_POINT('',(0.5,0.4,0.77));
#2657 = LINE('',#2658,#2659);
#2658 = CARTESIAN_POINT('',(0.5,0.4,0.));
#2659 = VECTOR('',#2660,1.);
#2660 = DIRECTION('',(0.,0.,1.));
#2661 = ORIENTED_EDGE('',*,*,#2662,.T.);
#2662 = EDGE_CURVE('',#2655,#2663,#2665,.T.);
#2663 = VERTEX_POINT('',#2664);
#2664 = CARTESIAN_POINT('',(0.5,0.37,0.8));
#2665 = CIRCLE('',#2666,3.E-02);
#2666 = AXIS2_PLACEMENT_3D('',#2667,#2668,#2669);
#2667 = CARTESIAN_POINT('',(0.5,0.37,0.77));
#2668 = DIRECTION('',(1.,0.,-0.));
#2669 = DIRECTION('',(0.,0.,1.));
#2670 = ORIENTED_EDGE('',*,*,#2671,.F.);
#2671 = EDGE_CURVE('',#2672,#2663,#2674,.T.);
#2672 = VERTEX_POINT('',#2673);
#2673 = CARTESIAN_POINT('',(0.5,-0.37,0.8));
#2674 = LINE('',#2675,#2676);
#2675 = CARTESIAN_POINT('',(0.5,-0.4,0.8));
#2676 = VECTOR('',#2677,1.);
#2677 = DIRECTION('',(0.,1.,0.));
#2678 = ORIENTED_EDGE('',*,*,#2679,.F.);
#2679 = EDGE_CURVE('',#2621,#2672,#2680,.T.);
#2680 = CIRCLE('',#2681,3.E-02);
#2681 = AXIS2_PLACEMENT_3D('',#2682,#2683,#2684);
#2682 = CARTESIAN_POINT('',(0.5,-0.37,0.77));
#2683 = DIRECTION('',(-1.,0.,0.));
#2684 = DIRECTION('',(0.,0.,1.));
#2685 = FACE_BOUND('',#2686,.F.);
#2686 = EDGE_LOOP('',(#2687,#2688,#2689,#2690,#2691,#2692,#2693,#2694));
#2687 = ORIENTED_EDGE('',*,*,#2431,.F.);
#2688 = ORIENTED_EDGE('',*,*,#2601,.T.);
#2689 = ORIENTED_EDGE('',*,*,#2584,.T.);
#2690 = ORIENTED_EDGE('',*,*,#2561,.T.);
#2691 = ORIENTED_EDGE('',*,*,#2536,.F.);
#2692 = ORIENTED_EDGE('',*,*,#2503,.F.);
#2693 = ORIENTED_EDGE('',*,*,#2486,.T.);
#2694 = ORIENTED_EDGE('',*,*,#2456,.F.);
#2695 = PLANE('',#2696);
#2696 = AXIS2_PLACEMENT_3D('',#2697,#2698,#2699);
#2697 = CARTESIAN_POINT('',(0.5,-0.4,0.));
#2698 = DIRECTION('',(1.,0.,0.));
#2699 = DIRECTION('',(0.,0.,1.));
#2700 = ADVANCED_FACE('',(#2701),#2726,.F.);
#2701 = FACE_BOUND('',#2702,.F.);
#2702 = EDGE_LOOP('',(#2703,#2713,#2719,#2720));
#2703 = ORIENTED_EDGE('',*,*,#2704,.F.);
#2704 = EDGE_CURVE('',#2705,#2707,#2709,.T.);
#2705 = VERTEX_POINT('',#2706);
#2706 = CARTESIAN_POINT('',(0.8,-0.4,3.E-02));
#2707 = VERTEX_POINT('',#2708);
#2708 = CARTESIAN_POINT('',(0.8,-0.4,0.77));
#2709 = LINE('',#2710,#2711);
#2710 = CARTESIAN_POINT('',(0.8,-0.4,0.));
#2711 = VECTOR('',#2712,1.);
#2712 = DIRECTION('',(0.,0.,1.));
#2713 = ORIENTED_EDGE('',*,*,#2714,.F.);
#2714 = EDGE_CURVE('',#2619,#2705,#2715,.T.);
#2715 = LINE('',#2716,#2717);
#2716 = CARTESIAN_POINT('',(0.5,-0.4,3.E-02));
#2717 = VECTOR('',#2718,1.);
#2718 = DIRECTION('',(1.,0.,0.));
#2719 = ORIENTED_EDGE('',*,*,#2618,.T.);
#2720 = ORIENTED_EDGE('',*,*,#2721,.T.);
#2721 = EDGE_CURVE('',#2621,#2707,#2722,.T.);
#2722 = LINE('',#2723,#2724);
#2723 = CARTESIAN_POINT('',(0.5,-0.4,0.77));
#2724 = VECTOR('',#2725,1.);
#2725 = DIRECTION('',(1.,0.,0.));
#2726 = PLANE('',#2727);
#2727 = AXIS2_PLACEMENT_3D('',#2728,#2729,#2730);
#2728 = CARTESIAN_POINT('',(0.5,-0.4,0.));
#2729 = DIRECTION('',(0.,1.,0.));
#2730 = DIRECTION('',(0.,-0.,1.));
#2731 = ADVANCED_FACE('',(#2732),#2751,.T.);
#2732 = FACE_BOUND('',#2733,.T.);
#2733 = EDGE_LOOP('',(#2734,#2735,#2743,#2750));
#2734 = ORIENTED_EDGE('',*,*,#2628,.T.);
#2735 = ORIENTED_EDGE('',*,*,#2736,.T.);
#2736 = EDGE_CURVE('',#2629,#2737,#2739,.T.);
#2737 = VERTEX_POINT('',#2738);
#2738 = CARTESIAN_POINT('',(0.8,-0.37,0.));
#2739 = LINE('',#2740,#2741);
#2740 = CARTESIAN_POINT('',(0.5,-0.37,0.));
#2741 = VECTOR('',#2742,1.);
#2742 = DIRECTION('',(1.,0.,0.));
#2743 = ORIENTED_EDGE('',*,*,#2744,.F.);
#2744 = EDGE_CURVE('',#2705,#2737,#2745,.T.);
#2745 = CIRCLE('',#2746,3.E-02);
#2746 = AXIS2_PLACEMENT_3D('',#2747,#2748,#2749);
#2747 = CARTESIAN_POINT('',(0.8,-0.37,3.E-02));
#2748 = DIRECTION('',(1.,0.,-0.));
#2749 = DIRECTION('',(0.,0.,1.));
#2750 = ORIENTED_EDGE('',*,*,#2714,.F.);
#2751 = CYLINDRICAL_SURFACE('',#2752,3.E-02);
#2752 = AXIS2_PLACEMENT_3D('',#2753,#2754,#2755);
#2753 = CARTESIAN_POINT('',(0.5,-0.37,3.E-02));
#2754 = DIRECTION('',(1.,0.,0.));
#2755 = DIRECTION('',(0.,-1.,0.));
#2756 = ADVANCED_FACE('',(#2757),#2776,.T.);
#2757 = FACE_BOUND('',#2758,.T.);
#2758 = EDGE_LOOP('',(#2759,#2760,#2769,#2775));
#2759 = ORIENTED_EDGE('',*,*,#2721,.T.);
#2760 = ORIENTED_EDGE('',*,*,#2761,.T.);
#2761 = EDGE_CURVE('',#2707,#2762,#2764,.T.);
#2762 = VERTEX_POINT('',#2763);
#2763 = CARTESIAN_POINT('',(0.8,-0.37,0.8));
#2764 = CIRCLE('',#2765,3.E-02);
#2765 = AXIS2_PLACEMENT_3D('',#2766,#2767,#2768);
#2766 = CARTESIAN_POINT('',(0.8,-0.37,0.77));
#2767 = DIRECTION('',(-1.,0.,0.));
#2768 = DIRECTION('',(0.,0.,1.));
#2769 = ORIENTED_EDGE('',*,*,#2770,.F.);
#2770 = EDGE_CURVE('',#2672,#2762,#2771,.T.);
#2771 = LINE('',#2772,#2773);
#2772 = CARTESIAN_POINT('',(0.5,-0.37,0.8));
#2773 = VECTOR('',#2774,1.);
#2774 = DIRECTION('',(1.,0.,0.));
#2775 = ORIENTED_EDGE('',*,*,#2679,.F.);
#2776 = CYLINDRICAL_SURFACE('',#2777,3.E-02);
#2777 = AXIS2_PLACEMENT_3D('',#2778,#2779,#2780);
#2778 = CARTESIAN_POINT('',(0.5,-0.37,0.77));
#2779 = DIRECTION('',(1.,0.,0.));
#2780 = DIRECTION('',(0.,-1.,0.));
#2781 = ADVANCED_FACE('',(#2782),#2800,.F.);
#2782 = FACE_BOUND('',#2783,.F.);
#2783 = EDGE_LOOP('',(#2784,#2785,#2786,#2794));
#2784 = ORIENTED_EDGE('',*,*,#2637,.F.);
#2785 = ORIENTED_EDGE('',*,*,#2736,.T.);
#2786 = ORIENTED_EDGE('',*,*,#2787,.T.);
#2787 = EDGE_CURVE('',#2737,#2788,#2790,.T.);
#2788 = VERTEX_POINT('',#2789);
#2789 = CARTESIAN_POINT('',(0.8,0.37,0.));
#2790 = LINE('',#2791,#2792);
#2791 = CARTESIAN_POINT('',(0.8,-0.4,0.));
#2792 = VECTOR('',#2793,1.);
#2793 = DIRECTION('',(0.,1.,0.));
#2794 = ORIENTED_EDGE('',*,*,#2795,.F.);
#2795 = EDGE_CURVE('',#2638,#2788,#2796,.T.);
#2796 = LINE('',#2797,#2798);
#2797 = CARTESIAN_POINT('',(0.5,0.37,0.));
#2798 = VECTOR('',#2799,1.);
#2799 = DIRECTION('',(1.,0.,0.));
#2800 = PLANE('',#2801);
#2801 = AXIS2_PLACEMENT_3D('',#2802,#2803,#2804);
#2802 = CARTESIAN_POINT('',(0.5,-0.4,0.));
#2803 = DIRECTION('',(0.,0.,1.));
#2804 = DIRECTION('',(1.,0.,-0.));
#2805 = ADVANCED_FACE('',(#2806),#2824,.T.);
#2806 = FACE_BOUND('',#2807,.T.);
#2807 = EDGE_LOOP('',(#2808,#2809,#2810,#2818));
#2808 = ORIENTED_EDGE('',*,*,#2671,.F.);
#2809 = ORIENTED_EDGE('',*,*,#2770,.T.);
#2810 = ORIENTED_EDGE('',*,*,#2811,.T.);
#2811 = EDGE_CURVE('',#2762,#2812,#2814,.T.);
#2812 = VERTEX_POINT('',#2813);
#2813 = CARTESIAN_POINT('',(0.8,0.37,0.8));
#2814 = LINE('',#2815,#2816);
#2815 = CARTESIAN_POINT('',(0.8,-0.4,0.8));
#2816 = VECTOR('',#2817,1.);
#2817 = DIRECTION('',(0.,1.,0.));
#2818 = ORIENTED_EDGE('',*,*,#2819,.F.);
#2819 = EDGE_CURVE('',#2663,#2812,#2820,.T.);
#2820 = LINE('',#2821,#2822);
#2821 = CARTESIAN_POINT('',(0.5,0.37,0.8));
#2822 = VECTOR('',#2823,1.);
#2823 = DIRECTION('',(1.,0.,0.));
#2824 = PLANE('',#2825);
#2825 = AXIS2_PLACEMENT_3D('',#2826,#2827,#2828);
#2826 = CARTESIAN_POINT('',(0.5,-0.4,0.8));
#2827 = DIRECTION('',(0.,0.,1.));
#2828 = DIRECTION('',(1.,0.,-0.));
#2829 = ADVANCED_FACE('',(#2830),#2849,.T.);
#2830 = FACE_BOUND('',#2831,.T.);
#2831 = EDGE_LOOP('',(#2832,#2840,#2847,#2848));
#2832 = ORIENTED_EDGE('',*,*,#2833,.T.);
#2833 = EDGE_CURVE('',#2646,#2834,#2836,.T.);
#2834 = VERTEX_POINT('',#2835);
#2835 = CARTESIAN_POINT('',(0.8,0.4,3.E-02));
#2836 = LINE('',#2837,#2838);
#2837 = CARTESIAN_POINT('',(0.5,0.4,3.E-02));
#2838 = VECTOR('',#2839,1.);
#2839 = DIRECTION('',(1.,0.,0.));
#2840 = ORIENTED_EDGE('',*,*,#2841,.T.);
#2841 = EDGE_CURVE('',#2834,#2788,#2842,.T.);
#2842 = CIRCLE('',#2843,3.E-02);
#2843 = AXIS2_PLACEMENT_3D('',#2844,#2845,#2846);
#2844 = CARTESIAN_POINT('',(0.8,0.37,3.E-02));
#2845 = DIRECTION('',(-1.,0.,0.));
#2846 = DIRECTION('',(0.,0.,1.));
#2847 = ORIENTED_EDGE('',*,*,#2795,.F.);
#2848 = ORIENTED_EDGE('',*,*,#2645,.F.);
#2849 = CYLINDRICAL_SURFACE('',#2850,3.E-02);
#2850 = AXIS2_PLACEMENT_3D('',#2851,#2852,#2853);
#2851 = CARTESIAN_POINT('',(0.5,0.37,3.E-02));
#2852 = DIRECTION('',(1.,0.,0.));
#2853 = DIRECTION('',(-0.,1.,0.));
#2854 = ADVANCED_FACE('',(#2855),#2874,.T.);
#2855 = FACE_BOUND('',#2856,.T.);
#2856 = EDGE_LOOP('',(#2857,#2858,#2859,#2868));
#2857 = ORIENTED_EDGE('',*,*,#2662,.T.);
#2858 = ORIENTED_EDGE('',*,*,#2819,.T.);
#2859 = ORIENTED_EDGE('',*,*,#2860,.F.);
#2860 = EDGE_CURVE('',#2861,#2812,#2863,.T.);
#2861 = VERTEX_POINT('',#2862);
#2862 = CARTESIAN_POINT('',(0.8,0.4,0.77));
#2863 = CIRCLE('',#2864,3.E-02);
#2864 = AXIS2_PLACEMENT_3D('',#2865,#2866,#2867);
#2865 = CARTESIAN_POINT('',(0.8,0.37,0.77));
#2866 = DIRECTION('',(1.,0.,-0.));
#2867 = DIRECTION('',(0.,0.,1.));
#2868 = ORIENTED_EDGE('',*,*,#2869,.F.);
#2869 = EDGE_CURVE('',#2655,#2861,#2870,.T.);
#2870 = LINE('',#2871,#2872);
#2871 = CARTESIAN_POINT('',(0.5,0.4,0.77));
#2872 = VECTOR('',#2873,1.);
#2873 = DIRECTION('',(1.,0.,0.));
#2874 = CYLINDRICAL_SURFACE('',#2875,3.E-02);
#2875 = AXIS2_PLACEMENT_3D('',#2876,#2877,#2878);
#2876 = CARTESIAN_POINT('',(0.5,0.37,0.77));
#2877 = DIRECTION('',(1.,0.,0.));
#2878 = DIRECTION('',(-0.,1.,0.));
#2879 = ADVANCED_FACE('',(#2880),#2891,.T.);
#2880 = FACE_BOUND('',#2881,.T.);
#2881 = EDGE_LOOP('',(#2882,#2888,#2889,#2890));
#2882 = ORIENTED_EDGE('',*,*,#2883,.F.);
#2883 = EDGE_CURVE('',#2834,#2861,#2884,.T.);
#2884 = LINE('',#2885,#2886);
#2885 = CARTESIAN_POINT('',(0.8,0.4,0.));
#2886 = VECTOR('',#2887,1.);
#2887 = DIRECTION('',(0.,0.,1.));
#2888 = ORIENTED_EDGE('',*,*,#2833,.F.);
#2889 = ORIENTED_EDGE('',*,*,#2654,.T.);
#2890 = ORIENTED_EDGE('',*,*,#2869,.T.);
#2891 = PLANE('',#2892);
#2892 = AXIS2_PLACEMENT_3D('',#2893,#2894,#2895);
#2893 = CARTESIAN_POINT('',(0.5,0.4,0.));
#2894 = DIRECTION('',(0.,1.,0.));
#2895 = DIRECTION('',(0.,-0.,1.));
#2896 = ADVANCED_FACE('',(#2897),#2907,.T.);
#2897 = FACE_BOUND('',#2898,.T.);
#2898 = EDGE_LOOP('',(#2899,#2900,#2901,#2902,#2903,#2904,#2905,#2906));
#2899 = ORIENTED_EDGE('',*,*,#2704,.F.);
#2900 = ORIENTED_EDGE('',*,*,#2744,.T.);
#2901 = ORIENTED_EDGE('',*,*,#2787,.T.);
#2902 = ORIENTED_EDGE('',*,*,#2841,.F.);
#2903 = ORIENTED_EDGE('',*,*,#2883,.T.);
#2904 = ORIENTED_EDGE('',*,*,#2860,.T.);
#2905 = ORIENTED_EDGE('',*,*,#2811,.F.);
#2906 = ORIENTED_EDGE('',*,*,#2761,.F.);
#2907 = PLANE('',#2908);
#2908 = AXIS2_PLACEMENT_3D('',#2909,#2910,#2911);
#2909 = CARTESIAN_POINT('',(0.8,-0.4,0.));
#2910 = DIRECTION('',(1.,0.,0.));
#2911 = DIRECTION('',(0.,0.,1.));
#2912 = ( GEOMETRIC_REPRESENTATION_CONTEXT(3) 
GLOBAL_UNCERTAINTY_ASSIGNED_CONTEXT((#2916)) 
GLOBAL_UNIT_ASSIGNED_CONTEXT((#2913,#2914,#2915)) REPRESENTATION_CONTEXT
('Context #1','3D Context with UNIT and UNCERTAINTY') );
#2913 = ( LENGTH_UNIT() NAMED_UNIT(*) SI_UNIT(.MILLI.,.METRE.) );
#2914 = ( NAMED_UNIT(*) PLANE_ANGLE_UNIT() SI_UNIT($,.RADIAN.) );
#2915 = ( NAMED_UNIT(*) SI_UNIT($,.STERADIAN.) SOLID_ANGLE_UNIT() );
#2916 = UNCERTAINTY_MEASURE_WITH_UNIT(LENGTH_MEASURE(1.E-07),#2913,
  'distance_accuracy_value','confusion accuracy');
#2917 = CONTEXT_DEPENDENT_SHAPE_REPRESENTATION(#2918,#2920);
#2918 = ( REPRESENTATION_RELATIONSHIP('','',#2057,#10) 
REPRESENTATION_RELATIONSHIP_WITH_TRANSFORMATION(#2919) 
SHAPE_REPRESENTATION_RELATIONSHIP() );
#2919 = ITEM_DEFINED_TRANSFORMATION('','',#11,#51);
#2920 = PRODUCT_DEFINITION_SHAPE('Placement','Placement of an item',
  #2921);
#2921 = NEXT_ASSEMBLY_USAGE_OCCURRENCE('10','C3','',#5,#2052,$);
#2922 = PRODUCT_RELATED_PRODUCT_CATEGORY('part',$,(#2054));
#2923 = CONTEXT_DEPENDENT_SHAPE_REPRESENTATION(#2924,#2926);
#2924 = ( REPRESENTATION_RELATIONSHIP('','',#340,#10) 
REPRESENTATION_RELATIONSHIP_WITH_TRANSFORMATION(#2925) 
SHAPE_REPRESENTATION_RELATIONSHIP() );
#2925 = ITEM_DEFINED_TRANSFORMATION('','',#11,#55);
#2926 = PRODUCT_DEFINITION_SHAPE('Placement','Placement of an item',
  #2927);
#2927 = NEXT_ASSEMBLY_USAGE_OCCURRENCE('11','R24','',#5,#335,$);
#2928 = CONTEXT_DEPENDENT_SHAPE_REPRESENTATION(#2929,#2931);
#2929 = ( REPRESENTATION_RELATIONSHIP('','',#340,#10) 
REPRESENTATION_RELATIONSHIP_WITH_TRANSFORMATION(#2930) 
SHAPE_REPRESENTATION_RELATIONSHIP() );
#2930 = ITEM_DEFINED_TRANSFORMATION('','',#11,#59);
#2931 = PRODUCT_DEFINITION_SHAPE('Placement','Placement of an item',
  #2932);
#2932 = NEXT_ASSEMBLY_USAGE_OCCURRENCE('12','R28','',#5,#335,$);
#2933 = CONTEXT_DEPENDENT_SHAPE_REPRESENTATION(#2934,#2936);
#2934 = ( REPRESENTATION_RELATIONSHIP('','',#340,#10) 
REPRESENTATION_RELATIONSHIP_WITH_TRANSFORMATION(#2935) 
SHAPE_REPRESENTATION_RELATIONSHIP() );
#2935 = ITEM_DEFINED_TRANSFORMATION('','',#11,#63);
#2936 = PRODUCT_DEFINITION_SHAPE('Placement','Placement of an item',
  #2937);
#2937 = NEXT_ASSEMBLY_USAGE_OCCURRENCE('13','R25','',#5,#335,$);
#2938 = CONTEXT_DEPENDENT_SHAPE_REPRESENTATION(#2939,#2941);
#2939 = ( REPRESENTATION_RELATIONSHIP('','',#2057,#10) 
REPRESENTATION_RELATIONSHIP_WITH_TRANSFORMATION(#2940) 
SHAPE_REPRESENTATION_RELATIONSHIP() );
#2940 = ITEM_DEFINED_TRANSFORMATION('','',#11,#67);
#2941 = PRODUCT_DEFINITION_SHAPE('Placement','Placement of an item',
  #2942);
#2942 = NEXT_ASSEMBLY_USAGE_OCCURRENCE('14','C2','',#5,#2052,$);
#2943 = CONTEXT_DEPENDENT_SHAPE_REPRESENTATION(#2944,#2946);
#2944 = ( REPRESENTATION_RELATIONSHIP('','',#1149,#10) 
REPRESENTATION_RELATIONSHIP_WITH_TRANSFORMATION(#2945) 
SHAPE_REPRESENTATION_RELATIONSHIP() );
#2945 = ITEM_DEFINED_TRANSFORMATION('','',#11,#71);
#2946 = PRODUCT_DEFINITION_SHAPE('Placement','Placement of an item',
  #2947);
#2947 = NEXT_ASSEMBLY_USAGE_OCCURRENCE('15','C7','',#5,#1144,$);
#2948 = CONTEXT_DEPENDENT_SHAPE_REPRESENTATION(#2949,#2951);
#2949 = ( REPRESENTATION_RELATIONSHIP('','',#340,#10) 
REPRESENTATION_RELATIONSHIP_WITH_TRANSFORMATION(#2950) 
SHAPE_REPRESENTATION_RELATIONSHIP() );
#2950 = ITEM_DEFINED_TRANSFORMATION('','',#11,#75);
#2951 = PRODUCT_DEFINITION_SHAPE('Placement','Placement of an item',
  #2952);
#2952 = NEXT_ASSEMBLY_USAGE_OCCURRENCE('16','R3','',#5,#335,$);
#2953 = CONTEXT_DEPENDENT_SHAPE_REPRESENTATION(#2954,#2956);
#2954 = ( REPRESENTATION_RELATIONSHIP('','',#340,#10) 
REPRESENTATION_RELATIONSHIP_WITH_TRANSFORMATION(#2955) 
SHAPE_REPRESENTATION_RELATIONSHIP() );
#2955 = ITEM_DEFINED_TRANSFORMATION('','',#11,#79);
#2956 = PRODUCT_DEFINITION_SHAPE('Placement','Placement of an item',
  #2957);
#2957 = NEXT_ASSEMBLY_USAGE_OCCURRENCE('17','R1','',#5,#335,$);
#2958 = CONTEXT_DEPENDENT_SHAPE_REPRESENTATION(#2959,#2961);
#2959 = ( REPRESENTATION_RELATIONSHIP('','',#1149,#10) 
REPRESENTATION_RELATIONSHIP_WITH_TRANSFORMATION(#2960) 
SHAPE_REPRESENTATION_RELATIONSHIP() );
#2960 = ITEM_DEFINED_TRANSFORMATION('','',#11,#83);
#2961 = PRODUCT_DEFINITION_SHAPE('Placement','Placement of an item',
  #2962);
#2962 = NEXT_ASSEMBLY_USAGE_OCCURRENCE('18','C47','',#5,#1144,$);
#2963 = SHAPE_DEFINITION_REPRESENTATION(#2964,#2970);
#2964 = PRODUCT_DEFINITION_SHAPE('','',#2965);
#2965 = PRODUCT_DEFINITION('design','',#2966,#2969);
#2966 = PRODUCT_DEFINITION_FORMATION('','',#2967);
#2967 = PRODUCT('C_0402_1005Metric','C_0402_1005Metric','',(#2968));
#2968 = PRODUCT_CONTEXT('',#2,'mechanical');
#2969 = PRODUCT_DEFINITION_CONTEXT('part definition',#2,'design');
#2970 = ADVANCED_BREP_SHAPE_REPRESENTATION('',(#11,#2971),#3825);
#2971 = MANIFOLD_SOLID_BREP('',#2972);
#2972 = CLOSED_SHELL('',(#2973,#3049,#3080,#3105,#3130,#3154,#3178,#3203
    ,#3228,#3245,#3331,#3363,#3387,#3412,#3436,#3461,#3485,#3510,#3527,
    #3613,#3644,#3669,#3694,#3718,#3742,#3767,#3792,#3809));
#2973 = ADVANCED_FACE('',(#2974),#3044,.F.);
#2974 = FACE_BOUND('',#2975,.F.);
#2975 = EDGE_LOOP('',(#2976,#2986,#2995,#3003,#3012,#3020,#3029,#3037));
#2976 = ORIENTED_EDGE('',*,*,#2977,.F.);
#2977 = EDGE_CURVE('',#2978,#2980,#2982,.T.);
#2978 = VERTEX_POINT('',#2979);
#2979 = CARTESIAN_POINT('',(-0.5,-0.25,2.E-02));
#2980 = VERTEX_POINT('',#2981);
#2981 = CARTESIAN_POINT('',(-0.5,-0.25,0.48));
#2982 = LINE('',#2983,#2984);
#2983 = CARTESIAN_POINT('',(-0.5,-0.25,0.));
#2984 = VECTOR('',#2985,1.);
#2985 = DIRECTION('',(0.,0.,1.));
#2986 = ORIENTED_EDGE('',*,*,#2987,.T.);
#2987 = EDGE_CURVE('',#2978,#2988,#2990,.T.);
#2988 = VERTEX_POINT('',#2989);
#2989 = CARTESIAN_POINT('',(-0.5,-0.23,0.));
#2990 = CIRCLE('',#2991,2.E-02);
#2991 = AXIS2_PLACEMENT_3D('',#2992,#2993,#2994);
#2992 = CARTESIAN_POINT('',(-0.5,-0.23,2.E-02));
#2993 = DIRECTION('',(1.,0.,-0.));
#2994 = DIRECTION('',(0.,0.,1.));
#2995 = ORIENTED_EDGE('',*,*,#2996,.T.);
#2996 = EDGE_CURVE('',#2988,#2997,#2999,.T.);
#2997 = VERTEX_POINT('',#2998);
#2998 = CARTESIAN_POINT('',(-0.5,0.23,0.));
#2999 = LINE('',#3000,#3001);
#3000 = CARTESIAN_POINT('',(-0.5,-0.25,0.));
#3001 = VECTOR('',#3002,1.);
#3002 = DIRECTION('',(0.,1.,0.));
#3003 = ORIENTED_EDGE('',*,*,#3004,.F.);
#3004 = EDGE_CURVE('',#3005,#2997,#3007,.T.);
#3005 = VERTEX_POINT('',#3006);
#3006 = CARTESIAN_POINT('',(-0.5,0.25,2.E-02));
#3007 = CIRCLE('',#3008,2.E-02);
#3008 = AXIS2_PLACEMENT_3D('',#3009,#3010,#3011);
#3009 = CARTESIAN_POINT('',(-0.5,0.23,2.E-02));
#3010 = DIRECTION('',(-1.,0.,0.));
#3011 = DIRECTION('',(0.,0.,1.));
#3012 = ORIENTED_EDGE('',*,*,#3013,.T.);
#3013 = EDGE_CURVE('',#3005,#3014,#3016,.T.);
#3014 = VERTEX_POINT('',#3015);
#3015 = CARTESIAN_POINT('',(-0.5,0.25,0.48));
#3016 = LINE('',#3017,#3018);
#3017 = CARTESIAN_POINT('',(-0.5,0.25,0.));
#3018 = VECTOR('',#3019,1.);
#3019 = DIRECTION('',(0.,0.,1.));
#3020 = ORIENTED_EDGE('',*,*,#3021,.T.);
#3021 = EDGE_CURVE('',#3014,#3022,#3024,.T.);
#3022 = VERTEX_POINT('',#3023);
#3023 = CARTESIAN_POINT('',(-0.5,0.23,0.5));
#3024 = CIRCLE('',#3025,2.E-02);
#3025 = AXIS2_PLACEMENT_3D('',#3026,#3027,#3028);
#3026 = CARTESIAN_POINT('',(-0.5,0.23,0.48));
#3027 = DIRECTION('',(1.,0.,-0.));
#3028 = DIRECTION('',(0.,0.,1.));
#3029 = ORIENTED_EDGE('',*,*,#3030,.F.);
#3030 = EDGE_CURVE('',#3031,#3022,#3033,.T.);
#3031 = VERTEX_POINT('',#3032);
#3032 = CARTESIAN_POINT('',(-0.5,-0.23,0.5));
#3033 = LINE('',#3034,#3035);
#3034 = CARTESIAN_POINT('',(-0.5,-0.25,0.5));
#3035 = VECTOR('',#3036,1.);
#3036 = DIRECTION('',(0.,1.,0.));
#3037 = ORIENTED_EDGE('',*,*,#3038,.F.);
#3038 = EDGE_CURVE('',#2980,#3031,#3039,.T.);
#3039 = CIRCLE('',#3040,2.E-02);
#3040 = AXIS2_PLACEMENT_3D('',#3041,#3042,#3043);
#3041 = CARTESIAN_POINT('',(-0.5,-0.23,0.48));
#3042 = DIRECTION('',(-1.,0.,0.));
#3043 = DIRECTION('',(0.,0.,1.));
#3044 = PLANE('',#3045);
#3045 = AXIS2_PLACEMENT_3D('',#3046,#3047,#3048);
#3046 = CARTESIAN_POINT('',(-0.5,-0.25,0.));
#3047 = DIRECTION('',(1.,0.,0.));
#3048 = DIRECTION('',(0.,0.,1.));
#3049 = ADVANCED_FACE('',(#3050),#3075,.F.);
#3050 = FACE_BOUND('',#3051,.F.);
#3051 = EDGE_LOOP('',(#3052,#3062,#3068,#3069));
#3052 = ORIENTED_EDGE('',*,*,#3053,.F.);
#3053 = EDGE_CURVE('',#3054,#3056,#3058,.T.);
#3054 = VERTEX_POINT('',#3055);
#3055 = CARTESIAN_POINT('',(-0.3,-0.25,2.E-02));
#3056 = VERTEX_POINT('',#3057);
#3057 = CARTESIAN_POINT('',(-0.3,-0.25,0.48));
#3058 = LINE('',#3059,#3060);
#3059 = CARTESIAN_POINT('',(-0.3,-0.25,0.));
#3060 = VECTOR('',#3061,1.);
#3061 = DIRECTION('',(0.,0.,1.));
#3062 = ORIENTED_EDGE('',*,*,#3063,.F.);
#3063 = EDGE_CURVE('',#2978,#3054,#3064,.T.);
#3064 = LINE('',#3065,#3066);
#3065 = CARTESIAN_POINT('',(-0.5,-0.25,2.E-02));
#3066 = VECTOR('',#3067,1.);
#3067 = DIRECTION('',(1.,0.,0.));
#3068 = ORIENTED_EDGE('',*,*,#2977,.T.);
#3069 = ORIENTED_EDGE('',*,*,#3070,.T.);
#3070 = EDGE_CURVE('',#2980,#3056,#3071,.T.);
#3071 = LINE('',#3072,#3073);
#3072 = CARTESIAN_POINT('',(-0.5,-0.25,0.48));
#3073 = VECTOR('',#3074,1.);
#3074 = DIRECTION('',(1.,0.,0.));
#3075 = PLANE('',#3076);
#3076 = AXIS2_PLACEMENT_3D('',#3077,#3078,#3079);
#3077 = CARTESIAN_POINT('',(-0.5,-0.25,0.));
#3078 = DIRECTION('',(0.,1.,0.));
#3079 = DIRECTION('',(0.,-0.,1.));
#3080 = ADVANCED_FACE('',(#3081),#3100,.T.);
#3081 = FACE_BOUND('',#3082,.T.);
#3082 = EDGE_LOOP('',(#3083,#3084,#3092,#3099));
#3083 = ORIENTED_EDGE('',*,*,#2987,.T.);
#3084 = ORIENTED_EDGE('',*,*,#3085,.T.);
#3085 = EDGE_CURVE('',#2988,#3086,#3088,.T.);
#3086 = VERTEX_POINT('',#3087);
#3087 = CARTESIAN_POINT('',(-0.3,-0.23,0.));
#3088 = LINE('',#3089,#3090);
#3089 = CARTESIAN_POINT('',(-0.5,-0.23,0.));
#3090 = VECTOR('',#3091,1.);
#3091 = DIRECTION('',(1.,0.,0.));
#3092 = ORIENTED_EDGE('',*,*,#3093,.F.);
#3093 = EDGE_CURVE('',#3054,#3086,#3094,.T.);
#3094 = CIRCLE('',#3095,2.E-02);
#3095 = AXIS2_PLACEMENT_3D('',#3096,#3097,#3098);
#3096 = CARTESIAN_POINT('',(-0.3,-0.23,2.E-02));
#3097 = DIRECTION('',(1.,0.,-0.));
#3098 = DIRECTION('',(0.,0.,1.));
#3099 = ORIENTED_EDGE('',*,*,#3063,.F.);
#3100 = CYLINDRICAL_SURFACE('',#3101,2.E-02);
#3101 = AXIS2_PLACEMENT_3D('',#3102,#3103,#3104);
#3102 = CARTESIAN_POINT('',(-0.5,-0.23,2.E-02));
#3103 = DIRECTION('',(1.,0.,0.));
#3104 = DIRECTION('',(0.,-1.,0.));
#3105 = ADVANCED_FACE('',(#3106),#3125,.T.);
#3106 = FACE_BOUND('',#3107,.T.);
#3107 = EDGE_LOOP('',(#3108,#3109,#3118,#3124));
#3108 = ORIENTED_EDGE('',*,*,#3070,.T.);
#3109 = ORIENTED_EDGE('',*,*,#3110,.T.);
#3110 = EDGE_CURVE('',#3056,#3111,#3113,.T.);
#3111 = VERTEX_POINT('',#3112);
#3112 = CARTESIAN_POINT('',(-0.3,-0.23,0.5));
#3113 = CIRCLE('',#3114,2.E-02);
#3114 = AXIS2_PLACEMENT_3D('',#3115,#3116,#3117);
#3115 = CARTESIAN_POINT('',(-0.3,-0.23,0.48));
#3116 = DIRECTION('',(-1.,0.,0.));
#3117 = DIRECTION('',(0.,0.,1.));
#3118 = ORIENTED_EDGE('',*,*,#3119,.F.);
#3119 = EDGE_CURVE('',#3031,#3111,#3120,.T.);
#3120 = LINE('',#3121,#3122);
#3121 = CARTESIAN_POINT('',(-0.5,-0.23,0.5));
#3122 = VECTOR('',#3123,1.);
#3123 = DIRECTION('',(1.,0.,0.));
#3124 = ORIENTED_EDGE('',*,*,#3038,.F.);
#3125 = CYLINDRICAL_SURFACE('',#3126,2.E-02);
#3126 = AXIS2_PLACEMENT_3D('',#3127,#3128,#3129);
#3127 = CARTESIAN_POINT('',(-0.5,-0.23,0.48));
#3128 = DIRECTION('',(1.,0.,0.));
#3129 = DIRECTION('',(0.,-1.,0.));
#3130 = ADVANCED_FACE('',(#3131),#3149,.F.);
#3131 = FACE_BOUND('',#3132,.F.);
#3132 = EDGE_LOOP('',(#3133,#3134,#3135,#3143));
#3133 = ORIENTED_EDGE('',*,*,#2996,.F.);
#3134 = ORIENTED_EDGE('',*,*,#3085,.T.);
#3135 = ORIENTED_EDGE('',*,*,#3136,.T.);
#3136 = EDGE_CURVE('',#3086,#3137,#3139,.T.);
#3137 = VERTEX_POINT('',#3138);
#3138 = CARTESIAN_POINT('',(-0.3,0.23,0.));
#3139 = LINE('',#3140,#3141);
#3140 = CARTESIAN_POINT('',(-0.3,-0.25,0.));
#3141 = VECTOR('',#3142,1.);
#3142 = DIRECTION('',(0.,1.,0.));
#3143 = ORIENTED_EDGE('',*,*,#3144,.F.);
#3144 = EDGE_CURVE('',#2997,#3137,#3145,.T.);
#3145 = LINE('',#3146,#3147);
#3146 = CARTESIAN_POINT('',(-0.5,0.23,0.));
#3147 = VECTOR('',#3148,1.);
#3148 = DIRECTION('',(1.,0.,0.));
#3149 = PLANE('',#3150);
#3150 = AXIS2_PLACEMENT_3D('',#3151,#3152,#3153);
#3151 = CARTESIAN_POINT('',(-0.5,-0.25,0.));
#3152 = DIRECTION('',(0.,0.,1.));
#3153 = DIRECTION('',(1.,0.,-0.));
#3154 = ADVANCED_FACE('',(#3155),#3173,.T.);
#3155 = FACE_BOUND('',#3156,.T.);
#3156 = EDGE_LOOP('',(#3157,#3158,#3159,#3167));
#3157 = ORIENTED_EDGE('',*,*,#3030,.F.);
#3158 = ORIENTED_EDGE('',*,*,#3119,.T.);
#3159 = ORIENTED_EDGE('',*,*,#3160,.T.);
#3160 = EDGE_CURVE('',#3111,#3161,#3163,.T.);
#3161 = VERTEX_POINT('',#3162);
#3162 = CARTESIAN_POINT('',(-0.3,0.23,0.5));
#3163 = LINE('',#3164,#3165);
#3164 = CARTESIAN_POINT('',(-0.3,-0.25,0.5));
#3165 = VECTOR('',#3166,1.);
#3166 = DIRECTION('',(0.,1.,0.));
#3167 = ORIENTED_EDGE('',*,*,#3168,.F.);
#3168 = EDGE_CURVE('',#3022,#3161,#3169,.T.);
#3169 = LINE('',#3170,#3171);
#3170 = CARTESIAN_POINT('',(-0.5,0.23,0.5));
#3171 = VECTOR('',#3172,1.);
#3172 = DIRECTION('',(1.,0.,0.));
#3173 = PLANE('',#3174);
#3174 = AXIS2_PLACEMENT_3D('',#3175,#3176,#3177);
#3175 = CARTESIAN_POINT('',(-0.5,-0.25,0.5));
#3176 = DIRECTION('',(0.,0.,1.));
#3177 = DIRECTION('',(1.,0.,-0.));
#3178 = ADVANCED_FACE('',(#3179),#3198,.T.);
#3179 = FACE_BOUND('',#3180,.T.);
#3180 = EDGE_LOOP('',(#3181,#3189,#3196,#3197));
#3181 = ORIENTED_EDGE('',*,*,#3182,.T.);
#3182 = EDGE_CURVE('',#3005,#3183,#3185,.T.);
#3183 = VERTEX_POINT('',#3184);
#3184 = CARTESIAN_POINT('',(-0.3,0.25,2.E-02));
#3185 = LINE('',#3186,#3187);
#3186 = CARTESIAN_POINT('',(-0.5,0.25,2.E-02));
#3187 = VECTOR('',#3188,1.);
#3188 = DIRECTION('',(1.,0.,0.));
#3189 = ORIENTED_EDGE('',*,*,#3190,.T.);
#3190 = EDGE_CURVE('',#3183,#3137,#3191,.T.);
#3191 = CIRCLE('',#3192,2.E-02);
#3192 = AXIS2_PLACEMENT_3D('',#3193,#3194,#3195);
#3193 = CARTESIAN_POINT('',(-0.3,0.23,2.E-02));
#3194 = DIRECTION('',(-1.,0.,0.));
#3195 = DIRECTION('',(0.,0.,1.));
#3196 = ORIENTED_EDGE('',*,*,#3144,.F.);
#3197 = ORIENTED_EDGE('',*,*,#3004,.F.);
#3198 = CYLINDRICAL_SURFACE('',#3199,2.E-02);
#3199 = AXIS2_PLACEMENT_3D('',#3200,#3201,#3202);
#3200 = CARTESIAN_POINT('',(-0.5,0.23,2.E-02));
#3201 = DIRECTION('',(1.,0.,0.));
#3202 = DIRECTION('',(-0.,1.,0.));
#3203 = ADVANCED_FACE('',(#3204),#3223,.T.);
#3204 = FACE_BOUND('',#3205,.T.);
#3205 = EDGE_LOOP('',(#3206,#3207,#3208,#3217));
#3206 = ORIENTED_EDGE('',*,*,#3021,.T.);
#3207 = ORIENTED_EDGE('',*,*,#3168,.T.);
#3208 = ORIENTED_EDGE('',*,*,#3209,.F.);
#3209 = EDGE_CURVE('',#3210,#3161,#3212,.T.);
#3210 = VERTEX_POINT('',#3211);
#3211 = CARTESIAN_POINT('',(-0.3,0.25,0.48));
#3212 = CIRCLE('',#3213,2.E-02);
#3213 = AXIS2_PLACEMENT_3D('',#3214,#3215,#3216);
#3214 = CARTESIAN_POINT('',(-0.3,0.23,0.48));
#3215 = DIRECTION('',(1.,0.,-0.));
#3216 = DIRECTION('',(0.,0.,1.));
#3217 = ORIENTED_EDGE('',*,*,#3218,.F.);
#3218 = EDGE_CURVE('',#3014,#3210,#3219,.T.);
#3219 = LINE('',#3220,#3221);
#3220 = CARTESIAN_POINT('',(-0.5,0.25,0.48));
#3221 = VECTOR('',#3222,1.);
#3222 = DIRECTION('',(1.,0.,0.));
#3223 = CYLINDRICAL_SURFACE('',#3224,2.E-02);
#3224 = AXIS2_PLACEMENT_3D('',#3225,#3226,#3227);
#3225 = CARTESIAN_POINT('',(-0.5,0.23,0.48));
#3226 = DIRECTION('',(1.,0.,0.));
#3227 = DIRECTION('',(-0.,1.,0.));
#3228 = ADVANCED_FACE('',(#3229),#3240,.T.);
#3229 = FACE_BOUND('',#3230,.T.);
#3230 = EDGE_LOOP('',(#3231,#3237,#3238,#3239));
#3231 = ORIENTED_EDGE('',*,*,#3232,.F.);
#3232 = EDGE_CURVE('',#3183,#3210,#3233,.T.);
#3233 = LINE('',#3234,#3235);
#3234 = CARTESIAN_POINT('',(-0.3,0.25,0.));
#3235 = VECTOR('',#3236,1.);
#3236 = DIRECTION('',(0.,0.,1.));
#3237 = ORIENTED_EDGE('',*,*,#3182,.F.);
#3238 = ORIENTED_EDGE('',*,*,#3013,.T.);
#3239 = ORIENTED_EDGE('',*,*,#3218,.T.);
#3240 = PLANE('',#3241);
#3241 = AXIS2_PLACEMENT_3D('',#3242,#3243,#3244);
#3242 = CARTESIAN_POINT('',(-0.5,0.25,0.));
#3243 = DIRECTION('',(0.,1.,0.));
#3244 = DIRECTION('',(0.,-0.,1.));
#3245 = ADVANCED_FACE('',(#3246,#3256),#3326,.T.);
#3246 = FACE_BOUND('',#3247,.T.);
#3247 = EDGE_LOOP('',(#3248,#3249,#3250,#3251,#3252,#3253,#3254,#3255));
#3248 = ORIENTED_EDGE('',*,*,#3053,.F.);
#3249 = ORIENTED_EDGE('',*,*,#3093,.T.);
#3250 = ORIENTED_EDGE('',*,*,#3136,.T.);
#3251 = ORIENTED_EDGE('',*,*,#3190,.F.);
#3252 = ORIENTED_EDGE('',*,*,#3232,.T.);
#3253 = ORIENTED_EDGE('',*,*,#3209,.T.);
#3254 = ORIENTED_EDGE('',*,*,#3160,.F.);
#3255 = ORIENTED_EDGE('',*,*,#3110,.F.);
#3256 = FACE_BOUND('',#3257,.T.);
#3257 = EDGE_LOOP('',(#3258,#3269,#3277,#3286,#3294,#3303,#3311,#3320));
#3258 = ORIENTED_EDGE('',*,*,#3259,.F.);
#3259 = EDGE_CURVE('',#3260,#3262,#3264,.T.);
#3260 = VERTEX_POINT('',#3261);
#3261 = CARTESIAN_POINT('',(-0.3,-0.23,4.E-02));
#3262 = VERTEX_POINT('',#3263);
#3263 = CARTESIAN_POINT('',(-0.3,-0.21,2.E-02));
#3264 = CIRCLE('',#3265,2.E-02);
#3265 = AXIS2_PLACEMENT_3D('',#3266,#3267,#3268);
#3266 = CARTESIAN_POINT('',(-0.3,-0.21,4.E-02));
#3267 = DIRECTION('',(1.,0.,-0.));
#3268 = DIRECTION('',(0.,0.,1.));
#3269 = ORIENTED_EDGE('',*,*,#3270,.T.);
#3270 = EDGE_CURVE('',#3260,#3271,#3273,.T.);
#3271 = VERTEX_POINT('',#3272);
#3272 = CARTESIAN_POINT('',(-0.3,-0.23,0.46));
#3273 = LINE('',#3274,#3275);
#3274 = CARTESIAN_POINT('',(-0.3,-0.23,2.E-02));
#3275 = VECTOR('',#3276,1.);
#3276 = DIRECTION('',(0.,0.,1.));
#3277 = ORIENTED_EDGE('',*,*,#3278,.T.);
#3278 = EDGE_CURVE('',#3271,#3279,#3281,.T.);
#3279 = VERTEX_POINT('',#3280);
#3280 = CARTESIAN_POINT('',(-0.3,-0.21,0.48));
#3281 = CIRCLE('',#3282,2.E-02);
#3282 = AXIS2_PLACEMENT_3D('',#3283,#3284,#3285);
#3283 = CARTESIAN_POINT('',(-0.3,-0.21,0.46));
#3284 = DIRECTION('',(-1.,0.,0.));
#3285 = DIRECTION('',(0.,0.,1.));
#3286 = ORIENTED_EDGE('',*,*,#3287,.T.);
#3287 = EDGE_CURVE('',#3279,#3288,#3290,.T.);
#3288 = VERTEX_POINT('',#3289);
#3289 = CARTESIAN_POINT('',(-0.3,0.21,0.48));
#3290 = LINE('',#3291,#3292);
#3291 = CARTESIAN_POINT('',(-0.3,-0.23,0.48));
#3292 = VECTOR('',#3293,1.);
#3293 = DIRECTION('',(0.,1.,0.));
#3294 = ORIENTED_EDGE('',*,*,#3295,.F.);
#3295 = EDGE_CURVE('',#3296,#3288,#3298,.T.);
#3296 = VERTEX_POINT('',#3297);
#3297 = CARTESIAN_POINT('',(-0.3,0.23,0.46));
#3298 = CIRCLE('',#3299,2.E-02);
#3299 = AXIS2_PLACEMENT_3D('',#3300,#3301,#3302);
#3300 = CARTESIAN_POINT('',(-0.3,0.21,0.46));
#3301 = DIRECTION('',(1.,0.,-0.));
#3302 = DIRECTION('',(0.,0.,1.));
#3303 = ORIENTED_EDGE('',*,*,#3304,.F.);
#3304 = EDGE_CURVE('',#3305,#3296,#3307,.T.);
#3305 = VERTEX_POINT('',#3306);
#3306 = CARTESIAN_POINT('',(-0.3,0.23,4.E-02));
#3307 = LINE('',#3308,#3309);
#3308 = CARTESIAN_POINT('',(-0.3,0.23,2.E-02));
#3309 = VECTOR('',#3310,1.);
#3310 = DIRECTION('',(0.,0.,1.));
#3311 = ORIENTED_EDGE('',*,*,#3312,.T.);
#3312 = EDGE_CURVE('',#3305,#3313,#3315,.T.);
#3313 = VERTEX_POINT('',#3314);
#3314 = CARTESIAN_POINT('',(-0.3,0.21,2.E-02));
#3315 = CIRCLE('',#3316,2.E-02);
#3316 = AXIS2_PLACEMENT_3D('',#3317,#3318,#3319);
#3317 = CARTESIAN_POINT('',(-0.3,0.21,4.E-02));
#3318 = DIRECTION('',(-1.,0.,0.));
#3319 = DIRECTION('',(0.,0.,1.));
#3320 = ORIENTED_EDGE('',*,*,#3321,.F.);
#3321 = EDGE_CURVE('',#3262,#3313,#3322,.T.);
#3322 = LINE('',#3323,#3324);
#3323 = CARTESIAN_POINT('',(-0.3,-0.23,2.E-02));
#3324 = VECTOR('',#3325,1.);
#3325 = DIRECTION('',(0.,1.,0.));
#3326 = PLANE('',#3327);
#3327 = AXIS2_PLACEMENT_3D('',#3328,#3329,#3330);
#3328 = CARTESIAN_POINT('',(-0.3,-0.25,0.));
#3329 = DIRECTION('',(1.,0.,0.));
#3330 = DIRECTION('',(0.,0.,1.));
#3331 = ADVANCED_FACE('',(#3332),#3358,.T.);
#3332 = FACE_BOUND('',#3333,.T.);
#3333 = EDGE_LOOP('',(#3334,#3335,#3343,#3352));
#3334 = ORIENTED_EDGE('',*,*,#3259,.T.);
#3335 = ORIENTED_EDGE('',*,*,#3336,.T.);
#3336 = EDGE_CURVE('',#3262,#3337,#3339,.T.);
#3337 = VERTEX_POINT('',#3338);
#3338 = CARTESIAN_POINT('',(0.3,-0.21,2.E-02));
#3339 = LINE('',#3340,#3341);
#3340 = CARTESIAN_POINT('',(-0.3,-0.21,2.E-02));
#3341 = VECTOR('',#3342,1.);
#3342 = DIRECTION('',(1.,0.,0.));
#3343 = ORIENTED_EDGE('',*,*,#3344,.F.);
#3344 = EDGE_CURVE('',#3345,#3337,#3347,.T.);
#3345 = VERTEX_POINT('',#3346);
#3346 = CARTESIAN_POINT('',(0.3,-0.23,4.E-02));
#3347 = CIRCLE('',#3348,2.E-02);
#3348 = AXIS2_PLACEMENT_3D('',#3349,#3350,#3351);
#3349 = CARTESIAN_POINT('',(0.3,-0.21,4.E-02));
#3350 = DIRECTION('',(1.,0.,-0.));
#3351 = DIRECTION('',(0.,0.,1.));
#3352 = ORIENTED_EDGE('',*,*,#3353,.F.);
#3353 = EDGE_CURVE('',#3260,#3345,#3354,.T.);
#3354 = LINE('',#3355,#3356);
#3355 = CARTESIAN_POINT('',(-0.3,-0.23,4.E-02));
#3356 = VECTOR('',#3357,1.);
#3357 = DIRECTION('',(1.,0.,0.));
#3358 = CYLINDRICAL_SURFACE('',#3359,2.E-02);
#3359 = AXIS2_PLACEMENT_3D('',#3360,#3361,#3362);
#3360 = CARTESIAN_POINT('',(-0.3,-0.21,4.E-02));
#3361 = DIRECTION('',(1.,0.,0.));
#3362 = DIRECTION('',(0.,-1.,0.));
#3363 = ADVANCED_FACE('',(#3364),#3382,.F.);
#3364 = FACE_BOUND('',#3365,.F.);
#3365 = EDGE_LOOP('',(#3366,#3367,#3368,#3376));
#3366 = ORIENTED_EDGE('',*,*,#3321,.F.);
#3367 = ORIENTED_EDGE('',*,*,#3336,.T.);
#3368 = ORIENTED_EDGE('',*,*,#3369,.T.);
#3369 = EDGE_CURVE('',#3337,#3370,#3372,.T.);
#3370 = VERTEX_POINT('',#3371);
#3371 = CARTESIAN_POINT('',(0.3,0.21,2.E-02));
#3372 = LINE('',#3373,#3374);
#3373 = CARTESIAN_POINT('',(0.3,-0.23,2.E-02));
#3374 = VECTOR('',#3375,1.);
#3375 = DIRECTION('',(0.,1.,0.));
#3376 = ORIENTED_EDGE('',*,*,#3377,.F.);
#3377 = EDGE_CURVE('',#3313,#3370,#3378,.T.);
#3378 = LINE('',#3379,#3380);
#3379 = CARTESIAN_POINT('',(-0.3,0.21,2.E-02));
#3380 = VECTOR('',#3381,1.);
#3381 = DIRECTION('',(1.,0.,0.));
#3382 = PLANE('',#3383);
#3383 = AXIS2_PLACEMENT_3D('',#3384,#3385,#3386);
#3384 = CARTESIAN_POINT('',(-0.3,-0.23,2.E-02));
#3385 = DIRECTION('',(0.,0.,1.));
#3386 = DIRECTION('',(1.,0.,-0.));
#3387 = ADVANCED_FACE('',(#3388),#3407,.T.);
#3388 = FACE_BOUND('',#3389,.T.);
#3389 = EDGE_LOOP('',(#3390,#3398,#3405,#3406));
#3390 = ORIENTED_EDGE('',*,*,#3391,.T.);
#3391 = EDGE_CURVE('',#3305,#3392,#3394,.T.);
#3392 = VERTEX_POINT('',#3393);
#3393 = CARTESIAN_POINT('',(0.3,0.23,4.E-02));
#3394 = LINE('',#3395,#3396);
#3395 = CARTESIAN_POINT('',(-0.3,0.23,4.E-02));
#3396 = VECTOR('',#3397,1.);
#3397 = DIRECTION('',(1.,0.,0.));
#3398 = ORIENTED_EDGE('',*,*,#3399,.T.);
#3399 = EDGE_CURVE('',#3392,#3370,#3400,.T.);
#3400 = CIRCLE('',#3401,2.E-02);
#3401 = AXIS2_PLACEMENT_3D('',#3402,#3403,#3404);
#3402 = CARTESIAN_POINT('',(0.3,0.21,4.E-02));
#3403 = DIRECTION('',(-1.,0.,0.));
#3404 = DIRECTION('',(0.,0.,1.));
#3405 = ORIENTED_EDGE('',*,*,#3377,.F.);
#3406 = ORIENTED_EDGE('',*,*,#3312,.F.);
#3407 = CYLINDRICAL_SURFACE('',#3408,2.E-02);
#3408 = AXIS2_PLACEMENT_3D('',#3409,#3410,#3411);
#3409 = CARTESIAN_POINT('',(-0.3,0.21,4.E-02));
#3410 = DIRECTION('',(1.,0.,0.));
#3411 = DIRECTION('',(-0.,1.,0.));
#3412 = ADVANCED_FACE('',(#3413),#3431,.T.);
#3413 = FACE_BOUND('',#3414,.T.);
#3414 = EDGE_LOOP('',(#3415,#3423,#3424,#3425));
#3415 = ORIENTED_EDGE('',*,*,#3416,.F.);
#3416 = EDGE_CURVE('',#3392,#3417,#3419,.T.);
#3417 = VERTEX_POINT('',#3418);
#3418 = CARTESIAN_POINT('',(0.3,0.23,0.46));
#3419 = LINE('',#3420,#3421);
#3420 = CARTESIAN_POINT('',(0.3,0.23,2.E-02));
#3421 = VECTOR('',#3422,1.);
#3422 = DIRECTION('',(0.,0.,1.));
#3423 = ORIENTED_EDGE('',*,*,#3391,.F.);
#3424 = ORIENTED_EDGE('',*,*,#3304,.T.);
#3425 = ORIENTED_EDGE('',*,*,#3426,.T.);
#3426 = EDGE_CURVE('',#3296,#3417,#3427,.T.);
#3427 = LINE('',#3428,#3429);
#3428 = CARTESIAN_POINT('',(-0.3,0.23,0.46));
#3429 = VECTOR('',#3430,1.);
#3430 = DIRECTION('',(1.,0.,0.));
#3431 = PLANE('',#3432);
#3432 = AXIS2_PLACEMENT_3D('',#3433,#3434,#3435);
#3433 = CARTESIAN_POINT('',(-0.3,0.23,2.E-02));
#3434 = DIRECTION('',(0.,1.,0.));
#3435 = DIRECTION('',(0.,-0.,1.));
#3436 = ADVANCED_FACE('',(#3437),#3456,.T.);
#3437 = FACE_BOUND('',#3438,.T.);
#3438 = EDGE_LOOP('',(#3439,#3440,#3448,#3455));
#3439 = ORIENTED_EDGE('',*,*,#3295,.T.);
#3440 = ORIENTED_EDGE('',*,*,#3441,.T.);
#3441 = EDGE_CURVE('',#3288,#3442,#3444,.T.);
#3442 = VERTEX_POINT('',#3443);
#3443 = CARTESIAN_POINT('',(0.3,0.21,0.48));
#3444 = LINE('',#3445,#3446);
#3445 = CARTESIAN_POINT('',(-0.3,0.21,0.48));
#3446 = VECTOR('',#3447,1.);
#3447 = DIRECTION('',(1.,0.,0.));
#3448 = ORIENTED_EDGE('',*,*,#3449,.F.);
#3449 = EDGE_CURVE('',#3417,#3442,#3450,.T.);
#3450 = CIRCLE('',#3451,2.E-02);
#3451 = AXIS2_PLACEMENT_3D('',#3452,#3453,#3454);
#3452 = CARTESIAN_POINT('',(0.3,0.21,0.46));
#3453 = DIRECTION('',(1.,0.,-0.));
#3454 = DIRECTION('',(0.,0.,1.));
#3455 = ORIENTED_EDGE('',*,*,#3426,.F.);
#3456 = CYLINDRICAL_SURFACE('',#3457,2.E-02);
#3457 = AXIS2_PLACEMENT_3D('',#3458,#3459,#3460);
#3458 = CARTESIAN_POINT('',(-0.3,0.21,0.46));
#3459 = DIRECTION('',(1.,0.,0.));
#3460 = DIRECTION('',(-0.,1.,0.));
#3461 = ADVANCED_FACE('',(#3462),#3480,.T.);
#3462 = FACE_BOUND('',#3463,.T.);
#3463 = EDGE_LOOP('',(#3464,#3465,#3473,#3479));
#3464 = ORIENTED_EDGE('',*,*,#3287,.F.);
#3465 = ORIENTED_EDGE('',*,*,#3466,.T.);
#3466 = EDGE_CURVE('',#3279,#3467,#3469,.T.);
#3467 = VERTEX_POINT('',#3468);
#3468 = CARTESIAN_POINT('',(0.3,-0.21,0.48));
#3469 = LINE('',#3470,#3471);
#3470 = CARTESIAN_POINT('',(-0.3,-0.21,0.48));
#3471 = VECTOR('',#3472,1.);
#3472 = DIRECTION('',(1.,0.,0.));
#3473 = ORIENTED_EDGE('',*,*,#3474,.T.);
#3474 = EDGE_CURVE('',#3467,#3442,#3475,.T.);
#3475 = LINE('',#3476,#3477);
#3476 = CARTESIAN_POINT('',(0.3,-0.23,0.48));
#3477 = VECTOR('',#3478,1.);
#3478 = DIRECTION('',(0.,1.,0.));
#3479 = ORIENTED_EDGE('',*,*,#3441,.F.);
#3480 = PLANE('',#3481);
#3481 = AXIS2_PLACEMENT_3D('',#3482,#3483,#3484);
#3482 = CARTESIAN_POINT('',(-0.3,-0.23,0.48));
#3483 = DIRECTION('',(0.,0.,1.));
#3484 = DIRECTION('',(1.,0.,-0.));
#3485 = ADVANCED_FACE('',(#3486),#3505,.T.);
#3486 = FACE_BOUND('',#3487,.T.);
#3487 = EDGE_LOOP('',(#3488,#3496,#3503,#3504));
#3488 = ORIENTED_EDGE('',*,*,#3489,.T.);
#3489 = EDGE_CURVE('',#3271,#3490,#3492,.T.);
#3490 = VERTEX_POINT('',#3491);
#3491 = CARTESIAN_POINT('',(0.3,-0.23,0.46));
#3492 = LINE('',#3493,#3494);
#3493 = CARTESIAN_POINT('',(-0.3,-0.23,0.46));
#3494 = VECTOR('',#3495,1.);
#3495 = DIRECTION('',(1.,0.,0.));
#3496 = ORIENTED_EDGE('',*,*,#3497,.T.);
#3497 = EDGE_CURVE('',#3490,#3467,#3498,.T.);
#3498 = CIRCLE('',#3499,2.E-02);
#3499 = AXIS2_PLACEMENT_3D('',#3500,#3501,#3502);
#3500 = CARTESIAN_POINT('',(0.3,-0.21,0.46));
#3501 = DIRECTION('',(-1.,0.,0.));
#3502 = DIRECTION('',(0.,0.,1.));
#3503 = ORIENTED_EDGE('',*,*,#3466,.F.);
#3504 = ORIENTED_EDGE('',*,*,#3278,.F.);
#3505 = CYLINDRICAL_SURFACE('',#3506,2.E-02);
#3506 = AXIS2_PLACEMENT_3D('',#3507,#3508,#3509);
#3507 = CARTESIAN_POINT('',(-0.3,-0.21,0.46));
#3508 = DIRECTION('',(1.,0.,0.));
#3509 = DIRECTION('',(0.,-1.,0.));
#3510 = ADVANCED_FACE('',(#3511),#3522,.F.);
#3511 = FACE_BOUND('',#3512,.F.);
#3512 = EDGE_LOOP('',(#3513,#3519,#3520,#3521));
#3513 = ORIENTED_EDGE('',*,*,#3514,.F.);
#3514 = EDGE_CURVE('',#3345,#3490,#3515,.T.);
#3515 = LINE('',#3516,#3517);
#3516 = CARTESIAN_POINT('',(0.3,-0.23,2.E-02));
#3517 = VECTOR('',#3518,1.);
#3518 = DIRECTION('',(0.,0.,1.));
#3519 = ORIENTED_EDGE('',*,*,#3353,.F.);
#3520 = ORIENTED_EDGE('',*,*,#3270,.T.);
#3521 = ORIENTED_EDGE('',*,*,#3489,.T.);
#3522 = PLANE('',#3523);
#3523 = AXIS2_PLACEMENT_3D('',#3524,#3525,#3526);
#3524 = CARTESIAN_POINT('',(-0.3,-0.23,2.E-02));
#3525 = DIRECTION('',(0.,1.,0.));
#3526 = DIRECTION('',(0.,-0.,1.));
#3527 = ADVANCED_FACE('',(#3528,#3598),#3608,.F.);
#3528 = FACE_BOUND('',#3529,.F.);
#3529 = EDGE_LOOP('',(#3530,#3540,#3549,#3557,#3566,#3574,#3583,#3591));
#3530 = ORIENTED_EDGE('',*,*,#3531,.F.);
#3531 = EDGE_CURVE('',#3532,#3534,#3536,.T.);
#3532 = VERTEX_POINT('',#3533);
#3533 = CARTESIAN_POINT('',(0.3,-0.25,2.E-02));
#3534 = VERTEX_POINT('',#3535);
#3535 = CARTESIAN_POINT('',(0.3,-0.25,0.48));
#3536 = LINE('',#3537,#3538);
#3537 = CARTESIAN_POINT('',(0.3,-0.25,0.));
#3538 = VECTOR('',#3539,1.);
#3539 = DIRECTION('',(0.,0.,1.));
#3540 = ORIENTED_EDGE('',*,*,#3541,.T.);
#3541 = EDGE_CURVE('',#3532,#3542,#3544,.T.);
#3542 = VERTEX_POINT('',#3543);
#3543 = CARTESIAN_POINT('',(0.3,-0.23,0.));
#3544 = CIRCLE('',#3545,2.E-02);
#3545 = AXIS2_PLACEMENT_3D('',#3546,#3547,#3548);
#3546 = CARTESIAN_POINT('',(0.3,-0.23,2.E-02));
#3547 = DIRECTION('',(1.,0.,-0.));
#3548 = DIRECTION('',(0.,0.,1.));
#3549 = ORIENTED_EDGE('',*,*,#3550,.T.);
#3550 = EDGE_CURVE('',#3542,#3551,#3553,.T.);
#3551 = VERTEX_POINT('',#3552);
#3552 = CARTESIAN_POINT('',(0.3,0.23,0.));
#3553 = LINE('',#3554,#3555);
#3554 = CARTESIAN_POINT('',(0.3,-0.25,0.));
#3555 = VECTOR('',#3556,1.);
#3556 = DIRECTION('',(0.,1.,0.));
#3557 = ORIENTED_EDGE('',*,*,#3558,.F.);
#3558 = EDGE_CURVE('',#3559,#3551,#3561,.T.);
#3559 = VERTEX_POINT('',#3560);
#3560 = CARTESIAN_POINT('',(0.3,0.25,2.E-02));
#3561 = CIRCLE('',#3562,2.E-02);
#3562 = AXIS2_PLACEMENT_3D('',#3563,#3564,#3565);
#3563 = CARTESIAN_POINT('',(0.3,0.23,2.E-02));
#3564 = DIRECTION('',(-1.,0.,0.));
#3565 = DIRECTION('',(0.,0.,1.));
#3566 = ORIENTED_EDGE('',*,*,#3567,.T.);
#3567 = EDGE_CURVE('',#3559,#3568,#3570,.T.);
#3568 = VERTEX_POINT('',#3569);
#3569 = CARTESIAN_POINT('',(0.3,0.25,0.48));
#3570 = LINE('',#3571,#3572);
#3571 = CARTESIAN_POINT('',(0.3,0.25,0.));
#3572 = VECTOR('',#3573,1.);
#3573 = DIRECTION('',(0.,0.,1.));
#3574 = ORIENTED_EDGE('',*,*,#3575,.T.);
#3575 = EDGE_CURVE('',#3568,#3576,#3578,.T.);
#3576 = VERTEX_POINT('',#3577);
#3577 = CARTESIAN_POINT('',(0.3,0.23,0.5));
#3578 = CIRCLE('',#3579,2.E-02);
#3579 = AXIS2_PLACEMENT_3D('',#3580,#3581,#3582);
#3580 = CARTESIAN_POINT('',(0.3,0.23,0.48));
#3581 = DIRECTION('',(1.,0.,-0.));
#3582 = DIRECTION('',(0.,0.,1.));
#3583 = ORIENTED_EDGE('',*,*,#3584,.F.);
#3584 = EDGE_CURVE('',#3585,#3576,#3587,.T.);
#3585 = VERTEX_POINT('',#3586);
#3586 = CARTESIAN_POINT('',(0.3,-0.23,0.5));
#3587 = LINE('',#3588,#3589);
#3588 = CARTESIAN_POINT('',(0.3,-0.25,0.5));
#3589 = VECTOR('',#3590,1.);
#3590 = DIRECTION('',(0.,1.,0.));
#3591 = ORIENTED_EDGE('',*,*,#3592,.F.);
#3592 = EDGE_CURVE('',#3534,#3585,#3593,.T.);
#3593 = CIRCLE('',#3594,2.E-02);
#3594 = AXIS2_PLACEMENT_3D('',#3595,#3596,#3597);
#3595 = CARTESIAN_POINT('',(0.3,-0.23,0.48));
#3596 = DIRECTION('',(-1.,0.,0.));
#3597 = DIRECTION('',(0.,0.,1.));
#3598 = FACE_BOUND('',#3599,.F.);
#3599 = EDGE_LOOP('',(#3600,#3601,#3602,#3603,#3604,#3605,#3606,#3607));
#3600 = ORIENTED_EDGE('',*,*,#3344,.F.);
#3601 = ORIENTED_EDGE('',*,*,#3514,.T.);
#3602 = ORIENTED_EDGE('',*,*,#3497,.T.);
#3603 = ORIENTED_EDGE('',*,*,#3474,.T.);
#3604 = ORIENTED_EDGE('',*,*,#3449,.F.);
#3605 = ORIENTED_EDGE('',*,*,#3416,.F.);
#3606 = ORIENTED_EDGE('',*,*,#3399,.T.);
#3607 = ORIENTED_EDGE('',*,*,#3369,.F.);
#3608 = PLANE('',#3609);
#3609 = AXIS2_PLACEMENT_3D('',#3610,#3611,#3612);
#3610 = CARTESIAN_POINT('',(0.3,-0.25,0.));
#3611 = DIRECTION('',(1.,0.,0.));
#3612 = DIRECTION('',(0.,0.,1.));
#3613 = ADVANCED_FACE('',(#3614),#3639,.F.);
#3614 = FACE_BOUND('',#3615,.F.);
#3615 = EDGE_LOOP('',(#3616,#3626,#3632,#3633));
#3616 = ORIENTED_EDGE('',*,*,#3617,.F.);
#3617 = EDGE_CURVE('',#3618,#3620,#3622,.T.);
#3618 = VERTEX_POINT('',#3619);
#3619 = CARTESIAN_POINT('',(0.5,-0.25,2.E-02));
#3620 = VERTEX_POINT('',#3621);
#3621 = CARTESIAN_POINT('',(0.5,-0.25,0.48));
#3622 = LINE('',#3623,#3624);
#3623 = CARTESIAN_POINT('',(0.5,-0.25,0.));
#3624 = VECTOR('',#3625,1.);
#3625 = DIRECTION('',(0.,0.,1.));
#3626 = ORIENTED_EDGE('',*,*,#3627,.F.);
#3627 = EDGE_CURVE('',#3532,#3618,#3628,.T.);
#3628 = LINE('',#3629,#3630);
#3629 = CARTESIAN_POINT('',(0.3,-0.25,2.E-02));
#3630 = VECTOR('',#3631,1.);
#3631 = DIRECTION('',(1.,0.,0.));
#3632 = ORIENTED_EDGE('',*,*,#3531,.T.);
#3633 = ORIENTED_EDGE('',*,*,#3634,.T.);
#3634 = EDGE_CURVE('',#3534,#3620,#3635,.T.);
#3635 = LINE('',#3636,#3637);
#3636 = CARTESIAN_POINT('',(0.3,-0.25,0.48));
#3637 = VECTOR('',#3638,1.);
#3638 = DIRECTION('',(1.,0.,0.));
#3639 = PLANE('',#3640);
#3640 = AXIS2_PLACEMENT_3D('',#3641,#3642,#3643);
#3641 = CARTESIAN_POINT('',(0.3,-0.25,0.));
#3642 = DIRECTION('',(0.,1.,0.));
#3643 = DIRECTION('',(0.,-0.,1.));
#3644 = ADVANCED_FACE('',(#3645),#3664,.T.);
#3645 = FACE_BOUND('',#3646,.T.);
#3646 = EDGE_LOOP('',(#3647,#3648,#3656,#3663));
#3647 = ORIENTED_EDGE('',*,*,#3541,.T.);
#3648 = ORIENTED_EDGE('',*,*,#3649,.T.);
#3649 = EDGE_CURVE('',#3542,#3650,#3652,.T.);
#3650 = VERTEX_POINT('',#3651);
#3651 = CARTESIAN_POINT('',(0.5,-0.23,0.));
#3652 = LINE('',#3653,#3654);
#3653 = CARTESIAN_POINT('',(0.3,-0.23,0.));
#3654 = VECTOR('',#3655,1.);
#3655 = DIRECTION('',(1.,0.,0.));
#3656 = ORIENTED_EDGE('',*,*,#3657,.F.);
#3657 = EDGE_CURVE('',#3618,#3650,#3658,.T.);
#3658 = CIRCLE('',#3659,2.E-02);
#3659 = AXIS2_PLACEMENT_3D('',#3660,#3661,#3662);
#3660 = CARTESIAN_POINT('',(0.5,-0.23,2.E-02));
#3661 = DIRECTION('',(1.,0.,-0.));
#3662 = DIRECTION('',(0.,0.,1.));
#3663 = ORIENTED_EDGE('',*,*,#3627,.F.);
#3664 = CYLINDRICAL_SURFACE('',#3665,2.E-02);
#3665 = AXIS2_PLACEMENT_3D('',#3666,#3667,#3668);
#3666 = CARTESIAN_POINT('',(0.3,-0.23,2.E-02));
#3667 = DIRECTION('',(1.,0.,0.));
#3668 = DIRECTION('',(0.,-1.,0.));
#3669 = ADVANCED_FACE('',(#3670),#3689,.T.);
#3670 = FACE_BOUND('',#3671,.T.);
#3671 = EDGE_LOOP('',(#3672,#3673,#3682,#3688));
#3672 = ORIENTED_EDGE('',*,*,#3634,.T.);
#3673 = ORIENTED_EDGE('',*,*,#3674,.T.);
#3674 = EDGE_CURVE('',#3620,#3675,#3677,.T.);
#3675 = VERTEX_POINT('',#3676);
#3676 = CARTESIAN_POINT('',(0.5,-0.23,0.5));
#3677 = CIRCLE('',#3678,2.E-02);
#3678 = AXIS2_PLACEMENT_3D('',#3679,#3680,#3681);
#3679 = CARTESIAN_POINT('',(0.5,-0.23,0.48));
#3680 = DIRECTION('',(-1.,0.,0.));
#3681 = DIRECTION('',(0.,0.,1.));
#3682 = ORIENTED_EDGE('',*,*,#3683,.F.);
#3683 = EDGE_CURVE('',#3585,#3675,#3684,.T.);
#3684 = LINE('',#3685,#3686);
#3685 = CARTESIAN_POINT('',(0.3,-0.23,0.5));
#3686 = VECTOR('',#3687,1.);
#3687 = DIRECTION('',(1.,0.,0.));
#3688 = ORIENTED_EDGE('',*,*,#3592,.F.);
#3689 = CYLINDRICAL_SURFACE('',#3690,2.E-02);
#3690 = AXIS2_PLACEMENT_3D('',#3691,#3692,#3693);
#3691 = CARTESIAN_POINT('',(0.3,-0.23,0.48));
#3692 = DIRECTION('',(1.,0.,0.));
#3693 = DIRECTION('',(0.,-1.,0.));
#3694 = ADVANCED_FACE('',(#3695),#3713,.F.);
#3695 = FACE_BOUND('',#3696,.F.);
#3696 = EDGE_LOOP('',(#3697,#3698,#3699,#3707));
#3697 = ORIENTED_EDGE('',*,*,#3550,.F.);
#3698 = ORIENTED_EDGE('',*,*,#3649,.T.);
#3699 = ORIENTED_EDGE('',*,*,#3700,.T.);
#3700 = EDGE_CURVE('',#3650,#3701,#3703,.T.);
#3701 = VERTEX_POINT('',#3702);
#3702 = CARTESIAN_POINT('',(0.5,0.23,0.));
#3703 = LINE('',#3704,#3705);
#3704 = CARTESIAN_POINT('',(0.5,-0.25,0.));
#3705 = VECTOR('',#3706,1.);
#3706 = DIRECTION('',(0.,1.,0.));
#3707 = ORIENTED_EDGE('',*,*,#3708,.F.);
#3708 = EDGE_CURVE('',#3551,#3701,#3709,.T.);
#3709 = LINE('',#3710,#3711);
#3710 = CARTESIAN_POINT('',(0.3,0.23,0.));
#3711 = VECTOR('',#3712,1.);
#3712 = DIRECTION('',(1.,0.,0.));
#3713 = PLANE('',#3714);
#3714 = AXIS2_PLACEMENT_3D('',#3715,#3716,#3717);
#3715 = CARTESIAN_POINT('',(0.3,-0.25,0.));
#3716 = DIRECTION('',(0.,0.,1.));
#3717 = DIRECTION('',(1.,0.,-0.));
#3718 = ADVANCED_FACE('',(#3719),#3737,.T.);
#3719 = FACE_BOUND('',#3720,.T.);
#3720 = EDGE_LOOP('',(#3721,#3722,#3723,#3731));
#3721 = ORIENTED_EDGE('',*,*,#3584,.F.);
#3722 = ORIENTED_EDGE('',*,*,#3683,.T.);
#3723 = ORIENTED_EDGE('',*,*,#3724,.T.);
#3724 = EDGE_CURVE('',#3675,#3725,#3727,.T.);
#3725 = VERTEX_POINT('',#3726);
#3726 = CARTESIAN_POINT('',(0.5,0.23,0.5));
#3727 = LINE('',#3728,#3729);
#3728 = CARTESIAN_POINT('',(0.5,-0.25,0.5));
#3729 = VECTOR('',#3730,1.);
#3730 = DIRECTION('',(0.,1.,0.));
#3731 = ORIENTED_EDGE('',*,*,#3732,.F.);
#3732 = EDGE_CURVE('',#3576,#3725,#3733,.T.);
#3733 = LINE('',#3734,#3735);
#3734 = CARTESIAN_POINT('',(0.3,0.23,0.5));
#3735 = VECTOR('',#3736,1.);
#3736 = DIRECTION('',(1.,0.,0.));
#3737 = PLANE('',#3738);
#3738 = AXIS2_PLACEMENT_3D('',#3739,#3740,#3741);
#3739 = CARTESIAN_POINT('',(0.3,-0.25,0.5));
#3740 = DIRECTION('',(0.,0.,1.));
#3741 = DIRECTION('',(1.,0.,-0.));
#3742 = ADVANCED_FACE('',(#3743),#3762,.T.);
#3743 = FACE_BOUND('',#3744,.T.);
#3744 = EDGE_LOOP('',(#3745,#3753,#3760,#3761));
#3745 = ORIENTED_EDGE('',*,*,#3746,.T.);
#3746 = EDGE_CURVE('',#3559,#3747,#3749,.T.);
#3747 = VERTEX_POINT('',#3748);
#3748 = CARTESIAN_POINT('',(0.5,0.25,2.E-02));
#3749 = LINE('',#3750,#3751);
#3750 = CARTESIAN_POINT('',(0.3,0.25,2.E-02));
#3751 = VECTOR('',#3752,1.);
#3752 = DIRECTION('',(1.,0.,0.));
#3753 = ORIENTED_EDGE('',*,*,#3754,.T.);
#3754 = EDGE_CURVE('',#3747,#3701,#3755,.T.);
#3755 = CIRCLE('',#3756,2.E-02);
#3756 = AXIS2_PLACEMENT_3D('',#3757,#3758,#3759);
#3757 = CARTESIAN_POINT('',(0.5,0.23,2.E-02));
#3758 = DIRECTION('',(-1.,0.,0.));
#3759 = DIRECTION('',(0.,0.,1.));
#3760 = ORIENTED_EDGE('',*,*,#3708,.F.);
#3761 = ORIENTED_EDGE('',*,*,#3558,.F.);
#3762 = CYLINDRICAL_SURFACE('',#3763,2.E-02);
#3763 = AXIS2_PLACEMENT_3D('',#3764,#3765,#3766);
#3764 = CARTESIAN_POINT('',(0.3,0.23,2.E-02));
#3765 = DIRECTION('',(1.,0.,0.));
#3766 = DIRECTION('',(-0.,1.,0.));
#3767 = ADVANCED_FACE('',(#3768),#3787,.T.);
#3768 = FACE_BOUND('',#3769,.T.);
#3769 = EDGE_LOOP('',(#3770,#3771,#3772,#3781));
#3770 = ORIENTED_EDGE('',*,*,#3575,.T.);
#3771 = ORIENTED_EDGE('',*,*,#3732,.T.);
#3772 = ORIENTED_EDGE('',*,*,#3773,.F.);
#3773 = EDGE_CURVE('',#3774,#3725,#3776,.T.);
#3774 = VERTEX_POINT('',#3775);
#3775 = CARTESIAN_POINT('',(0.5,0.25,0.48));
#3776 = CIRCLE('',#3777,2.E-02);
#3777 = AXIS2_PLACEMENT_3D('',#3778,#3779,#3780);
#3778 = CARTESIAN_POINT('',(0.5,0.23,0.48));
#3779 = DIRECTION('',(1.,0.,-0.));
#3780 = DIRECTION('',(0.,0.,1.));
#3781 = ORIENTED_EDGE('',*,*,#3782,.F.);
#3782 = EDGE_CURVE('',#3568,#3774,#3783,.T.);
#3783 = LINE('',#3784,#3785);
#3784 = CARTESIAN_POINT('',(0.3,0.25,0.48));
#3785 = VECTOR('',#3786,1.);
#3786 = DIRECTION('',(1.,0.,0.));
#3787 = CYLINDRICAL_SURFACE('',#3788,2.E-02);
#3788 = AXIS2_PLACEMENT_3D('',#3789,#3790,#3791);
#3789 = CARTESIAN_POINT('',(0.3,0.23,0.48));
#3790 = DIRECTION('',(1.,0.,0.));
#3791 = DIRECTION('',(-0.,1.,0.));
#3792 = ADVANCED_FACE('',(#3793),#3804,.T.);
#3793 = FACE_BOUND('',#3794,.T.);
#3794 = EDGE_LOOP('',(#3795,#3801,#3802,#3803));
#3795 = ORIENTED_EDGE('',*,*,#3796,.F.);
#3796 = EDGE_CURVE('',#3747,#3774,#3797,.T.);
#3797 = LINE('',#3798,#3799);
#3798 = CARTESIAN_POINT('',(0.5,0.25,0.));
#3799 = VECTOR('',#3800,1.);
#3800 = DIRECTION('',(0.,0.,1.));
#3801 = ORIENTED_EDGE('',*,*,#3746,.F.);
#3802 = ORIENTED_EDGE('',*,*,#3567,.T.);
#3803 = ORIENTED_EDGE('',*,*,#3782,.T.);
#3804 = PLANE('',#3805);
#3805 = AXIS2_PLACEMENT_3D('',#3806,#3807,#3808);
#3806 = CARTESIAN_POINT('',(0.3,0.25,0.));
#3807 = DIRECTION('',(0.,1.,0.));
#3808 = DIRECTION('',(0.,-0.,1.));
#3809 = ADVANCED_FACE('',(#3810),#3820,.T.);
#3810 = FACE_BOUND('',#3811,.T.);
#3811 = EDGE_LOOP('',(#3812,#3813,#3814,#3815,#3816,#3817,#3818,#3819));
#3812 = ORIENTED_EDGE('',*,*,#3617,.F.);
#3813 = ORIENTED_EDGE('',*,*,#3657,.T.);
#3814 = ORIENTED_EDGE('',*,*,#3700,.T.);
#3815 = ORIENTED_EDGE('',*,*,#3754,.F.);
#3816 = ORIENTED_EDGE('',*,*,#3796,.T.);
#3817 = ORIENTED_EDGE('',*,*,#3773,.T.);
#3818 = ORIENTED_EDGE('',*,*,#3724,.F.);
#3819 = ORIENTED_EDGE('',*,*,#3674,.F.);
#3820 = PLANE('',#3821);
#3821 = AXIS2_PLACEMENT_3D('',#3822,#3823,#3824);
#3822 = CARTESIAN_POINT('',(0.5,-0.25,0.));
#3823 = DIRECTION('',(1.,0.,0.));
#3824 = DIRECTION('',(0.,0.,1.));
#3825 = ( GEOMETRIC_REPRESENTATION_CONTEXT(3) 
GLOBAL_UNCERTAINTY_ASSIGNED_CONTEXT((#3829)) 
GLOBAL_UNIT_ASSIGNED_CONTEXT((#3826,#3827,#3828)) REPRESENTATION_CONTEXT
('Context #1','3D Context with UNIT and UNCERTAINTY') );
#3826 = ( LENGTH_UNIT() NAMED_UNIT(*) SI_UNIT(.MILLI.,.METRE.) );
#3827 = ( NAMED_UNIT(*) PLANE_ANGLE_UNIT() SI_UNIT($,.RADIAN.) );
#3828 = ( NAMED_UNIT(*) SI_UNIT($,.STERADIAN.) SOLID_ANGLE_UNIT() );
#3829 = UNCERTAINTY_MEASURE_WITH_UNIT(LENGTH_MEASURE(1.E-07),#3826,
  'distance_accuracy_value','confusion accuracy');
#3830 = CONTEXT_DEPENDENT_SHAPE_REPRESENTATION(#3831,#3833);
#3831 = ( REPRESENTATION_RELATIONSHIP('','',#2970,#10) 
REPRESENTATION_RELATIONSHIP_WITH_TRANSFORMATION(#3832) 
SHAPE_REPRESENTATION_RELATIONSHIP() );
#3832 = ITEM_DEFINED_TRANSFORMATION('','',#11,#87);
#3833 = PRODUCT_DEFINITION_SHAPE('Placement','Placement of an item',
  #3834);
#3834 = NEXT_ASSEMBLY_USAGE_OCCURRENCE('19','C33','',#5,#2965,$);
#3835 = PRODUCT_RELATED_PRODUCT_CATEGORY('part',$,(#2967));
#3836 = CONTEXT_DEPENDENT_SHAPE_REPRESENTATION(#3837,#3839);
#3837 = ( REPRESENTATION_RELATIONSHIP('','',#340,#10) 
REPRESENTATION_RELATIONSHIP_WITH_TRANSFORMATION(#3838) 
SHAPE_REPRESENTATION_RELATIONSHIP() );
#3838 = ITEM_DEFINED_TRANSFORMATION('','',#11,#91);
#3839 = PRODUCT_DEFINITION_SHAPE('Placement','Placement of an item',
  #3840);
#3840 = NEXT_ASSEMBLY_USAGE_OCCURRENCE('20','R2','',#5,#335,$);
#3841 = CONTEXT_DEPENDENT_SHAPE_REPRESENTATION(#3842,#3844);
#3842 = ( REPRESENTATION_RELATIONSHIP('','',#340,#10) 
REPRESENTATION_RELATIONSHIP_WITH_TRANSFORMATION(#3843) 
SHAPE_REPRESENTATION_RELATIONSHIP() );
#3843 = ITEM_DEFINED_TRANSFORMATION('','',#11,#95);
#3844 = PRODUCT_DEFINITION_SHAPE('Placement','Placement of an item',
  #3845);
#3845 = NEXT_ASSEMBLY_USAGE_OCCURRENCE('21','R22','',#5,#335,$);
#3846 = CONTEXT_DEPENDENT_SHAPE_REPRESENTATION(#3847,#3849);
#3847 = ( REPRESENTATION_RELATIONSHIP('','',#1149,#10) 
REPRESENTATION_RELATIONSHIP_WITH_TRANSFORMATION(#3848) 
SHAPE_REPRESENTATION_RELATIONSHIP() );
#3848 = ITEM_DEFINED_TRANSFORMATION('','',#11,#99);
#3849 = PRODUCT_DEFINITION_SHAPE('Placement','Placement of an item',
  #3850);
#3850 = NEXT_ASSEMBLY_USAGE_OCCURRENCE('22','C31','',#5,#1144,$);
#3851 = CONTEXT_DEPENDENT_SHAPE_REPRESENTATION(#3852,#3854);
#3852 = ( REPRESENTATION_RELATIONSHIP('','',#340,#10) 
REPRESENTATION_RELATIONSHIP_WITH_TRANSFORMATION(#3853) 
SHAPE_REPRESENTATION_RELATIONSHIP() );
#3853 = ITEM_DEFINED_TRANSFORMATION('','',#11,#103);
#3854 = PRODUCT_DEFINITION_SHAPE('Placement','Placement of an item',
  #3855);
#3855 = NEXT_ASSEMBLY_USAGE_OCCURRENCE('23','R10','',#5,#335,$);
#3856 = CONTEXT_DEPENDENT_SHAPE_REPRESENTATION(#3857,#3859);
#3857 = ( REPRESENTATION_RELATIONSHIP('','',#340,#10) 
REPRESENTATION_RELATIONSHIP_WITH_TRANSFORMATION(#3858) 
SHAPE_REPRESENTATION_RELATIONSHIP() );
#3858 = ITEM_DEFINED_TRANSFORMATION('','',#11,#107);
#3859 = PRODUCT_DEFINITION_SHAPE('Placement','Placement of an item',
  #3860);
#3860 = NEXT_ASSEMBLY_USAGE_OCCURRENCE('24','R17','',#5,#335,$);
#3861 = CONTEXT_DEPENDENT_SHAPE_REPRESENTATION(#3862,#3864);
#3862 = ( REPRESENTATION_RELATIONSHIP('','',#1149,#10) 
REPRESENTATION_RELATIONSHIP_WITH_TRANSFORMATION(#3863) 
SHAPE_REPRESENTATION_RELATIONSHIP() );
#3863 = ITEM_DEFINED_TRANSFORMATION('','',#11,#111);
#3864 = PRODUCT_DEFINITION_SHAPE('Placement','Placement of an item',
  #3865);
#3865 = NEXT_ASSEMBLY_USAGE_OCCURRENCE('25','C30','',#5,#1144,$);
#3866 = CONTEXT_DEPENDENT_SHAPE_REPRESENTATION(#3867,#3869);
#3867 = ( REPRESENTATION_RELATIONSHIP('','',#1149,#10) 
REPRESENTATION_RELATIONSHIP_WITH_TRANSFORMATION(#3868) 
SHAPE_REPRESENTATION_RELATIONSHIP() );
#3868 = ITEM_DEFINED_TRANSFORMATION('','',#11,#115);
#3869 = PRODUCT_DEFINITION_SHAPE('Placement','Placement of an item',
  #3870);
#3870 = NEXT_ASSEMBLY_USAGE_OCCURRENCE('26','C32','',#5,#1144,$);
#3871 = SHAPE_DEFINITION_REPRESENTATION(#3872,#3878);
#3872 = PRODUCT_DEFINITION_SHAPE('','',#3873);
#3873 = PRODUCT_DEFINITION('design','',#3874,#3877);
#3874 = PRODUCT_DEFINITION_FORMATION('','',#3875);
#3875 = PRODUCT('TFBGA-100_8x8mm_Layout10x10_P0.8mm',
  'TFBGA-100_8x8mm_Layout10x10_P0.8mm','',(#3876));
#3876 = PRODUCT_CONTEXT('',#2,'mechanical');
#3877 = PRODUCT_DEFINITION_CONTEXT('part definition',#2,'design');
#3878 = ADVANCED_BREP_SHAPE_REPRESENTATION('',(#11,#3879),#5154);
#3879 = MANIFOLD_SOLID_BREP('',#3880);
#3880 = CLOSED_SHELL('',(#3881,#3921,#3952,#3987,#4011,#4424,#4436,#4461
    ,#4480,#4499,#4518,#4537,#4556,#4575,#4594,#4613,#4632,#4651,#4670,
    #4689,#4708,#4727,#4746,#4765,#4784,#4803,#4822,#4841,#4860,#4879,
    #4898,#4917,#4936,#4955,#4974,#4993,#5012,#5031,#5050,#5069,#5088,
    #5107,#5126,#5145));
#3881 = ADVANCED_FACE('',(#3882),#3916,.F.);
#3882 = FACE_BOUND('',#3883,.F.);
#3883 = EDGE_LOOP('',(#3884,#3894,#3902,#3910));
#3884 = ORIENTED_EDGE('',*,*,#3885,.F.);
#3885 = EDGE_CURVE('',#3886,#3888,#3890,.T.);
#3886 = VERTEX_POINT('',#3887);
#3887 = CARTESIAN_POINT('',(-4.,4.,0.15));
#3888 = VERTEX_POINT('',#3889);
#3889 = CARTESIAN_POINT('',(-4.,4.,1.1));
#3890 = LINE('',#3891,#3892);
#3891 = CARTESIAN_POINT('',(-4.,4.,0.15));
#3892 = VECTOR('',#3893,1.);
#3893 = DIRECTION('',(0.,0.,1.));
#3894 = ORIENTED_EDGE('',*,*,#3895,.T.);
#3895 = EDGE_CURVE('',#3886,#3896,#3898,.T.);
#3896 = VERTEX_POINT('',#3897);
#3897 = CARTESIAN_POINT('',(4.,4.,0.15));
#3898 = LINE('',#3899,#3900);
#3899 = CARTESIAN_POINT('',(-4.,4.,0.15));
#3900 = VECTOR('',#3901,1.);
#3901 = DIRECTION('',(1.,-2.22044604925E-16,0.));
#3902 = ORIENTED_EDGE('',*,*,#3903,.T.);
#3903 = EDGE_CURVE('',#3896,#3904,#3906,.T.);
#3904 = VERTEX_POINT('',#3905);
#3905 = CARTESIAN_POINT('',(4.,4.,1.1));
#3906 = LINE('',#3907,#3908);
#3907 = CARTESIAN_POINT('',(4.,4.,0.15));
#3908 = VECTOR('',#3909,1.);
#3909 = DIRECTION('',(0.,0.,1.));
#3910 = ORIENTED_EDGE('',*,*,#3911,.F.);
#3911 = EDGE_CURVE('',#3888,#3904,#3912,.T.);
#3912 = LINE('',#3913,#3914);
#3913 = CARTESIAN_POINT('',(-4.,4.,1.1));
#3914 = VECTOR('',#3915,1.);
#3915 = DIRECTION('',(1.,-2.22044604925E-16,0.));
#3916 = PLANE('',#3917);
#3917 = AXIS2_PLACEMENT_3D('',#3918,#3919,#3920);
#3918 = CARTESIAN_POINT('',(-4.,4.,0.15));
#3919 = DIRECTION('',(-2.22044604925E-16,-1.,0.));
#3920 = DIRECTION('',(0.,0.,1.));
#3921 = ADVANCED_FACE('',(#3922),#3947,.F.);
#3922 = FACE_BOUND('',#3923,.F.);
#3923 = EDGE_LOOP('',(#3924,#3932,#3933,#3941));
#3924 = ORIENTED_EDGE('',*,*,#3925,.F.);
#3925 = EDGE_CURVE('',#3886,#3926,#3928,.T.);
#3926 = VERTEX_POINT('',#3927);
#3927 = CARTESIAN_POINT('',(-4.,-4.,0.15));
#3928 = LINE('',#3929,#3930);
#3929 = CARTESIAN_POINT('',(-4.,4.,0.15));
#3930 = VECTOR('',#3931,1.);
#3931 = DIRECTION('',(-2.22044604925E-16,-1.,0.));
#3932 = ORIENTED_EDGE('',*,*,#3885,.T.);
#3933 = ORIENTED_EDGE('',*,*,#3934,.T.);
#3934 = EDGE_CURVE('',#3888,#3935,#3937,.T.);
#3935 = VERTEX_POINT('',#3936);
#3936 = CARTESIAN_POINT('',(-4.,-4.,1.1));
#3937 = LINE('',#3938,#3939);
#3938 = CARTESIAN_POINT('',(-4.,4.,1.1));
#3939 = VECTOR('',#3940,1.);
#3940 = DIRECTION('',(-2.22044604925E-16,-1.,0.));
#3941 = ORIENTED_EDGE('',*,*,#3942,.F.);
#3942 = EDGE_CURVE('',#3926,#3935,#3943,.T.);
#3943 = LINE('',#3944,#3945);
#3944 = CARTESIAN_POINT('',(-4.,-4.,0.15));
#3945 = VECTOR('',#3946,1.);
#3946 = DIRECTION('',(0.,0.,1.));
#3947 = PLANE('',#3948);
#3948 = AXIS2_PLACEMENT_3D('',#3949,#3950,#3951);
#3949 = CARTESIAN_POINT('',(-4.,4.,0.15));
#3950 = DIRECTION('',(1.,-2.22044604925E-16,0.));
#3951 = DIRECTION('',(0.,0.,1.));
#3952 = ADVANCED_FACE('',(#3953,#3971),#3982,.T.);
#3953 = FACE_BOUND('',#3954,.T.);
#3954 = EDGE_LOOP('',(#3955,#3956,#3957,#3965));
#3955 = ORIENTED_EDGE('',*,*,#3911,.F.);
#3956 = ORIENTED_EDGE('',*,*,#3934,.T.);
#3957 = ORIENTED_EDGE('',*,*,#3958,.T.);
#3958 = EDGE_CURVE('',#3935,#3959,#3961,.T.);
#3959 = VERTEX_POINT('',#3960);
#3960 = CARTESIAN_POINT('',(4.,-4.,1.1));
#3961 = LINE('',#3962,#3963);
#3962 = CARTESIAN_POINT('',(-4.,-4.,1.1));
#3963 = VECTOR('',#3964,1.);
#3964 = DIRECTION('',(1.,-2.22044604925E-16,0.));
#3965 = ORIENTED_EDGE('',*,*,#3966,.F.);
#3966 = EDGE_CURVE('',#3904,#3959,#3967,.T.);
#3967 = LINE('',#3968,#3969);
#3968 = CARTESIAN_POINT('',(4.,4.,1.1));
#3969 = VECTOR('',#3970,1.);
#3970 = DIRECTION('',(-2.22044604925E-16,-1.,0.));
#3971 = FACE_BOUND('',#3972,.T.);
#3972 = EDGE_LOOP('',(#3973));
#3973 = ORIENTED_EDGE('',*,*,#3974,.T.);
#3974 = EDGE_CURVE('',#3975,#3975,#3977,.T.);
#3975 = VERTEX_POINT('',#3976);
#3976 = CARTESIAN_POINT('',(-3.69,3.54,1.1));
#3977 = CIRCLE('',#3978,0.15);
#3978 = AXIS2_PLACEMENT_3D('',#3979,#3980,#3981);
#3979 = CARTESIAN_POINT('',(-3.69,3.69,1.1));
#3980 = DIRECTION('',(-0.,0.,-1.));
#3981 = DIRECTION('',(-2.22044604925E-16,-1.,0.));
#3982 = PLANE('',#3983);
#3983 = AXIS2_PLACEMENT_3D('',#3984,#3985,#3986);
#3984 = CARTESIAN_POINT('',(-4.,4.,1.1));
#3985 = DIRECTION('',(0.,0.,1.));
#3986 = DIRECTION('',(-2.22044604925E-16,-1.,0.));
#3987 = ADVANCED_FACE('',(#3988),#4006,.T.);
#3988 = FACE_BOUND('',#3989,.T.);
#3989 = EDGE_LOOP('',(#3990,#3998,#3999,#4000));
#3990 = ORIENTED_EDGE('',*,*,#3991,.F.);
#3991 = EDGE_CURVE('',#3896,#3992,#3994,.T.);
#3992 = VERTEX_POINT('',#3993);
#3993 = CARTESIAN_POINT('',(4.,-4.,0.15));
#3994 = LINE('',#3995,#3996);
#3995 = CARTESIAN_POINT('',(4.,4.,0.15));
#3996 = VECTOR('',#3997,1.);
#3997 = DIRECTION('',(-2.22044604925E-16,-1.,0.));
#3998 = ORIENTED_EDGE('',*,*,#3903,.T.);
#3999 = ORIENTED_EDGE('',*,*,#3966,.T.);
#4000 = ORIENTED_EDGE('',*,*,#4001,.F.);
#4001 = EDGE_CURVE('',#3992,#3959,#4002,.T.);
#4002 = LINE('',#4003,#4004);
#4003 = CARTESIAN_POINT('',(4.,-4.,0.15));
#4004 = VECTOR('',#4005,1.);
#4005 = DIRECTION('',(0.,0.,1.));
#4006 = PLANE('',#4007);
#4007 = AXIS2_PLACEMENT_3D('',#4008,#4009,#4010);
#4008 = CARTESIAN_POINT('',(4.,4.,0.15));
#4009 = DIRECTION('',(1.,-2.22044604925E-16,0.));
#4010 = DIRECTION('',(0.,0.,1.));
#4011 = ADVANCED_FACE('',(#4012,#4023,#4034,#4045,#4056,#4067,#4078,
    #4089,#4100,#4111,#4122,#4133,#4144,#4155,#4166,#4177,#4188,#4199,
    #4210,#4221,#4232,#4243,#4254,#4265,#4276,#4287,#4298,#4309,#4320,
    #4331,#4342,#4353,#4364,#4375,#4386,#4397,#4408),#4419,.F.);
#4012 = FACE_BOUND('',#4013,.F.);
#4013 = EDGE_LOOP('',(#4014,#4015,#4016,#4022));
#4014 = ORIENTED_EDGE('',*,*,#3895,.F.);
#4015 = ORIENTED_EDGE('',*,*,#3925,.T.);
#4016 = ORIENTED_EDGE('',*,*,#4017,.T.);
#4017 = EDGE_CURVE('',#3926,#3992,#4018,.T.);
#4018 = LINE('',#4019,#4020);
#4019 = CARTESIAN_POINT('',(-4.,-4.,0.15));
#4020 = VECTOR('',#4021,1.);
#4021 = DIRECTION('',(1.,-2.22044604925E-16,0.));
#4022 = ORIENTED_EDGE('',*,*,#3991,.F.);
#4023 = FACE_BOUND('',#4024,.F.);
#4024 = EDGE_LOOP('',(#4025));
#4025 = ORIENTED_EDGE('',*,*,#4026,.F.);
#4026 = EDGE_CURVE('',#4027,#4027,#4029,.T.);
#4027 = VERTEX_POINT('',#4028);
#4028 = CARTESIAN_POINT('',(3.6,-0.196039219456,0.15));
#4029 = CIRCLE('',#4030,0.203960780544);
#4030 = AXIS2_PLACEMENT_3D('',#4031,#4032,#4033);
#4031 = CARTESIAN_POINT('',(3.6,-0.4,0.15));
#4032 = DIRECTION('',(0.,-0.,1.));
#4033 = DIRECTION('',(3.445092848398E-16,1.,0.));
#4034 = FACE_BOUND('',#4035,.F.);
#4035 = EDGE_LOOP('',(#4036));
#4036 = ORIENTED_EDGE('',*,*,#4037,.F.);
#4037 = EDGE_CURVE('',#4038,#4038,#4040,.T.);
#4038 = VERTEX_POINT('',#4039);
#4039 = CARTESIAN_POINT('',(3.6,-0.996039219456,0.15));
#4040 = CIRCLE('',#4041,0.203960780544);
#4041 = AXIS2_PLACEMENT_3D('',#4042,#4043,#4044);
#4042 = CARTESIAN_POINT('',(3.6,-1.2,0.15));
#4043 = DIRECTION('',(0.,-0.,1.));
#4044 = DIRECTION('',(3.445092848398E-16,1.,0.));
#4045 = FACE_BOUND('',#4046,.F.);
#4046 = EDGE_LOOP('',(#4047));
#4047 = ORIENTED_EDGE('',*,*,#4048,.F.);
#4048 = EDGE_CURVE('',#4049,#4049,#4051,.T.);
#4049 = VERTEX_POINT('',#4050);
#4050 = CARTESIAN_POINT('',(3.6,-2.596039219456,0.15));
#4051 = CIRCLE('',#4052,0.203960780544);
#4052 = AXIS2_PLACEMENT_3D('',#4053,#4054,#4055);
#4053 = CARTESIAN_POINT('',(3.6,-2.8,0.15));
#4054 = DIRECTION('',(0.,-0.,1.));
#4055 = DIRECTION('',(3.445092848398E-16,1.,0.));
#4056 = FACE_BOUND('',#4057,.F.);
#4057 = EDGE_LOOP('',(#4058));
#4058 = ORIENTED_EDGE('',*,*,#4059,.F.);
#4059 = EDGE_CURVE('',#4060,#4060,#4062,.T.);
#4060 = VERTEX_POINT('',#4061);
#4061 = CARTESIAN_POINT('',(3.6,-1.796039219456,0.15));
#4062 = CIRCLE('',#4063,0.203960780544);
#4063 = AXIS2_PLACEMENT_3D('',#4064,#4065,#4066);
#4064 = CARTESIAN_POINT('',(3.6,-2.,0.15));
#4065 = DIRECTION('',(0.,-0.,1.));
#4066 = DIRECTION('',(3.445092848398E-16,1.,0.));
#4067 = FACE_BOUND('',#4068,.F.);
#4068 = EDGE_LOOP('',(#4069));
#4069 = ORIENTED_EDGE('',*,*,#4070,.F.);
#4070 = EDGE_CURVE('',#4071,#4071,#4073,.T.);
#4071 = VERTEX_POINT('',#4072);
#4072 = CARTESIAN_POINT('',(3.6,-3.396039219456,0.15));
#4073 = CIRCLE('',#4074,0.203960780544);
#4074 = AXIS2_PLACEMENT_3D('',#4075,#4076,#4077);
#4075 = CARTESIAN_POINT('',(3.6,-3.6,0.15));
#4076 = DIRECTION('',(0.,-0.,1.));
#4077 = DIRECTION('',(3.445092848398E-16,1.,0.));
#4078 = FACE_BOUND('',#4079,.F.);
#4079 = EDGE_LOOP('',(#4080));
#4080 = ORIENTED_EDGE('',*,*,#4081,.F.);
#4081 = EDGE_CURVE('',#4082,#4082,#4084,.T.);
#4082 = VERTEX_POINT('',#4083);
#4083 = CARTESIAN_POINT('',(-0.4,-3.396039219456,0.15));
#4084 = CIRCLE('',#4085,0.203960780544);
#4085 = AXIS2_PLACEMENT_3D('',#4086,#4087,#4088);
#4086 = CARTESIAN_POINT('',(-0.4,-3.6,0.15));
#4087 = DIRECTION('',(0.,-0.,1.));
#4088 = DIRECTION('',(3.445092848398E-16,1.,0.));
#4089 = FACE_BOUND('',#4090,.F.);
#4090 = EDGE_LOOP('',(#4091));
#4091 = ORIENTED_EDGE('',*,*,#4092,.F.);
#4092 = EDGE_CURVE('',#4093,#4093,#4095,.T.);
#4093 = VERTEX_POINT('',#4094);
#4094 = CARTESIAN_POINT('',(0.4,-3.396039219456,0.15));
#4095 = CIRCLE('',#4096,0.203960780544);
#4096 = AXIS2_PLACEMENT_3D('',#4097,#4098,#4099);
#4097 = CARTESIAN_POINT('',(0.4,-3.6,0.15));
#4098 = DIRECTION('',(0.,-0.,1.));
#4099 = DIRECTION('',(3.445092848398E-16,1.,0.));
#4100 = FACE_BOUND('',#4101,.F.);
#4101 = EDGE_LOOP('',(#4102));
#4102 = ORIENTED_EDGE('',*,*,#4103,.F.);
#4103 = EDGE_CURVE('',#4104,#4104,#4106,.T.);
#4104 = VERTEX_POINT('',#4105);
#4105 = CARTESIAN_POINT('',(2.,-3.396039219456,0.15));
#4106 = CIRCLE('',#4107,0.203960780544);
#4107 = AXIS2_PLACEMENT_3D('',#4108,#4109,#4110);
#4108 = CARTESIAN_POINT('',(2.,-3.6,0.15));
#4109 = DIRECTION('',(0.,-0.,1.));
#4110 = DIRECTION('',(3.445092848398E-16,1.,0.));
#4111 = FACE_BOUND('',#4112,.F.);
#4112 = EDGE_LOOP('',(#4113));
#4113 = ORIENTED_EDGE('',*,*,#4114,.F.);
#4114 = EDGE_CURVE('',#4115,#4115,#4117,.T.);
#4115 = VERTEX_POINT('',#4116);
#4116 = CARTESIAN_POINT('',(1.2,-3.396039219456,0.15));
#4117 = CIRCLE('',#4118,0.203960780544);
#4118 = AXIS2_PLACEMENT_3D('',#4119,#4120,#4121);
#4119 = CARTESIAN_POINT('',(1.2,-3.6,0.15));
#4120 = DIRECTION('',(0.,-0.,1.));
#4121 = DIRECTION('',(3.445092848398E-16,1.,0.));
#4122 = FACE_BOUND('',#4123,.F.);
#4123 = EDGE_LOOP('',(#4124));
#4124 = ORIENTED_EDGE('',*,*,#4125,.F.);
#4125 = EDGE_CURVE('',#4126,#4126,#4128,.T.);
#4126 = VERTEX_POINT('',#4127);
#4127 = CARTESIAN_POINT('',(2.8,-3.396039219456,0.15));
#4128 = CIRCLE('',#4129,0.203960780544);
#4129 = AXIS2_PLACEMENT_3D('',#4130,#4131,#4132);
#4130 = CARTESIAN_POINT('',(2.8,-3.6,0.15));
#4131 = DIRECTION('',(0.,-0.,1.));
#4132 = DIRECTION('',(3.445092848398E-16,1.,0.));
#4133 = FACE_BOUND('',#4134,.F.);
#4134 = EDGE_LOOP('',(#4135));
#4135 = ORIENTED_EDGE('',*,*,#4136,.F.);
#4136 = EDGE_CURVE('',#4137,#4137,#4139,.T.);
#4137 = VERTEX_POINT('',#4138);
#4138 = CARTESIAN_POINT('',(1.2,3.803960780544,0.15));
#4139 = CIRCLE('',#4140,0.203960780544);
#4140 = AXIS2_PLACEMENT_3D('',#4141,#4142,#4143);
#4141 = CARTESIAN_POINT('',(1.2,3.6,0.15));
#4142 = DIRECTION('',(0.,-0.,1.));
#4143 = DIRECTION('',(3.445092848398E-16,1.,0.));
#4144 = FACE_BOUND('',#4145,.F.);
#4145 = EDGE_LOOP('',(#4146));
#4146 = ORIENTED_EDGE('',*,*,#4147,.F.);
#4147 = EDGE_CURVE('',#4148,#4148,#4150,.T.);
#4148 = VERTEX_POINT('',#4149);
#4149 = CARTESIAN_POINT('',(0.4,3.803960780544,0.15));
#4150 = CIRCLE('',#4151,0.203960780544);
#4151 = AXIS2_PLACEMENT_3D('',#4152,#4153,#4154);
#4152 = CARTESIAN_POINT('',(0.4,3.6,0.15));
#4153 = DIRECTION('',(0.,-0.,1.));
#4154 = DIRECTION('',(3.445092848398E-16,1.,0.));
#4155 = FACE_BOUND('',#4156,.F.);
#4156 = EDGE_LOOP('',(#4157));
#4157 = ORIENTED_EDGE('',*,*,#4158,.F.);
#4158 = EDGE_CURVE('',#4159,#4159,#4161,.T.);
#4159 = VERTEX_POINT('',#4160);
#4160 = CARTESIAN_POINT('',(-0.4,3.803960780544,0.15));
#4161 = CIRCLE('',#4162,0.203960780544);
#4162 = AXIS2_PLACEMENT_3D('',#4163,#4164,#4165);
#4163 = CARTESIAN_POINT('',(-0.4,3.6,0.15));
#4164 = DIRECTION('',(0.,-0.,1.));
#4165 = DIRECTION('',(3.445092848398E-16,1.,0.));
#4166 = FACE_BOUND('',#4167,.F.);
#4167 = EDGE_LOOP('',(#4168));
#4168 = ORIENTED_EDGE('',*,*,#4169,.F.);
#4169 = EDGE_CURVE('',#4170,#4170,#4172,.T.);
#4170 = VERTEX_POINT('',#4171);
#4171 = CARTESIAN_POINT('',(3.6,3.003960780544,0.15));
#4172 = CIRCLE('',#4173,0.203960780544);
#4173 = AXIS2_PLACEMENT_3D('',#4174,#4175,#4176);
#4174 = CARTESIAN_POINT('',(3.6,2.8,0.15));
#4175 = DIRECTION('',(0.,-0.,1.));
#4176 = DIRECTION('',(3.445092848398E-16,1.,0.));
#4177 = FACE_BOUND('',#4178,.F.);
#4178 = EDGE_LOOP('',(#4179));
#4179 = ORIENTED_EDGE('',*,*,#4180,.F.);
#4180 = EDGE_CURVE('',#4181,#4181,#4183,.T.);
#4181 = VERTEX_POINT('',#4182);
#4182 = CARTESIAN_POINT('',(3.6,3.803960780544,0.15));
#4183 = CIRCLE('',#4184,0.203960780544);
#4184 = AXIS2_PLACEMENT_3D('',#4185,#4186,#4187);
#4185 = CARTESIAN_POINT('',(3.6,3.6,0.15));
#4186 = DIRECTION('',(0.,-0.,1.));
#4187 = DIRECTION('',(3.445092848398E-16,1.,0.));
#4188 = FACE_BOUND('',#4189,.F.);
#4189 = EDGE_LOOP('',(#4190));
#4190 = ORIENTED_EDGE('',*,*,#4191,.F.);
#4191 = EDGE_CURVE('',#4192,#4192,#4194,.T.);
#4192 = VERTEX_POINT('',#4193);
#4193 = CARTESIAN_POINT('',(2.8,3.803960780544,0.15));
#4194 = CIRCLE('',#4195,0.203960780544);
#4195 = AXIS2_PLACEMENT_3D('',#4196,#4197,#4198);
#4196 = CARTESIAN_POINT('',(2.8,3.6,0.15));
#4197 = DIRECTION('',(0.,-0.,1.));
#4198 = DIRECTION('',(3.445092848398E-16,1.,0.));
#4199 = FACE_BOUND('',#4200,.F.);
#4200 = EDGE_LOOP('',(#4201));
#4201 = ORIENTED_EDGE('',*,*,#4202,.F.);
#4202 = EDGE_CURVE('',#4203,#4203,#4205,.T.);
#4203 = VERTEX_POINT('',#4204);
#4204 = CARTESIAN_POINT('',(2.,3.803960780544,0.15));
#4205 = CIRCLE('',#4206,0.203960780544);
#4206 = AXIS2_PLACEMENT_3D('',#4207,#4208,#4209);
#4207 = CARTESIAN_POINT('',(2.,3.6,0.15));
#4208 = DIRECTION('',(0.,-0.,1.));
#4209 = DIRECTION('',(3.445092848398E-16,1.,0.));
#4210 = FACE_BOUND('',#4211,.F.);
#4211 = EDGE_LOOP('',(#4212));
#4212 = ORIENTED_EDGE('',*,*,#4213,.F.);
#4213 = EDGE_CURVE('',#4214,#4214,#4216,.T.);
#4214 = VERTEX_POINT('',#4215);
#4215 = CARTESIAN_POINT('',(3.6,2.203960780544,0.15));
#4216 = CIRCLE('',#4217,0.203960780544);
#4217 = AXIS2_PLACEMENT_3D('',#4218,#4219,#4220);
#4218 = CARTESIAN_POINT('',(3.6,2.,0.15));
#4219 = DIRECTION('',(0.,-0.,1.));
#4220 = DIRECTION('',(3.445092848398E-16,1.,0.));
#4221 = FACE_BOUND('',#4222,.F.);
#4222 = EDGE_LOOP('',(#4223));
#4223 = ORIENTED_EDGE('',*,*,#4224,.F.);
#4224 = EDGE_CURVE('',#4225,#4225,#4227,.T.);
#4225 = VERTEX_POINT('',#4226);
#4226 = CARTESIAN_POINT('',(3.6,0.603960780544,0.15));
#4227 = CIRCLE('',#4228,0.203960780544);
#4228 = AXIS2_PLACEMENT_3D('',#4229,#4230,#4231);
#4229 = CARTESIAN_POINT('',(3.6,0.4,0.15));
#4230 = DIRECTION('',(0.,-0.,1.));
#4231 = DIRECTION('',(3.445092848398E-16,1.,0.));
#4232 = FACE_BOUND('',#4233,.F.);
#4233 = EDGE_LOOP('',(#4234));
#4234 = ORIENTED_EDGE('',*,*,#4235,.F.);
#4235 = EDGE_CURVE('',#4236,#4236,#4238,.T.);
#4236 = VERTEX_POINT('',#4237);
#4237 = CARTESIAN_POINT('',(3.6,1.403960780544,0.15));
#4238 = CIRCLE('',#4239,0.203960780544);
#4239 = AXIS2_PLACEMENT_3D('',#4240,#4241,#4242);
#4240 = CARTESIAN_POINT('',(3.6,1.2,0.15));
#4241 = DIRECTION('',(0.,-0.,1.));
#4242 = DIRECTION('',(3.445092848398E-16,1.,0.));
#4243 = FACE_BOUND('',#4244,.F.);
#4244 = EDGE_LOOP('',(#4245));
#4245 = ORIENTED_EDGE('',*,*,#4246,.F.);
#4246 = EDGE_CURVE('',#4247,#4247,#4249,.T.);
#4247 = VERTEX_POINT('',#4248);
#4248 = CARTESIAN_POINT('',(-2.8,3.803960780544,0.15));
#4249 = CIRCLE('',#4250,0.203960780544);
#4250 = AXIS2_PLACEMENT_3D('',#4251,#4252,#4253);
#4251 = CARTESIAN_POINT('',(-2.8,3.6,0.15));
#4252 = DIRECTION('',(0.,-0.,1.));
#4253 = DIRECTION('',(3.445092848398E-16,1.,0.));
#4254 = FACE_BOUND('',#4255,.F.);
#4255 = EDGE_LOOP('',(#4256));
#4256 = ORIENTED_EDGE('',*,*,#4257,.F.);
#4257 = EDGE_CURVE('',#4258,#4258,#4260,.T.);
#4258 = VERTEX_POINT('',#4259);
#4259 = CARTESIAN_POINT('',(-2.,3.803960780544,0.15));
#4260 = CIRCLE('',#4261,0.203960780544);
#4261 = AXIS2_PLACEMENT_3D('',#4262,#4263,#4264);
#4262 = CARTESIAN_POINT('',(-2.,3.6,0.15));
#4263 = DIRECTION('',(0.,-0.,1.));
#4264 = DIRECTION('',(3.445092848398E-16,1.,0.));
#4265 = FACE_BOUND('',#4266,.F.);
#4266 = EDGE_LOOP('',(#4267));
#4267 = ORIENTED_EDGE('',*,*,#4268,.F.);
#4268 = EDGE_CURVE('',#4269,#4269,#4271,.T.);
#4269 = VERTEX_POINT('',#4270);
#4270 = CARTESIAN_POINT('',(-1.2,3.803960780544,0.15));
#4271 = CIRCLE('',#4272,0.203960780544);
#4272 = AXIS2_PLACEMENT_3D('',#4273,#4274,#4275);
#4273 = CARTESIAN_POINT('',(-1.2,3.6,0.15));
#4274 = DIRECTION('',(0.,-0.,1.));
#4275 = DIRECTION('',(3.445092848398E-16,1.,0.));
#4276 = FACE_BOUND('',#4277,.F.);
#4277 = EDGE_LOOP('',(#4278));
#4278 = ORIENTED_EDGE('',*,*,#4279,.F.);
#4279 = EDGE_CURVE('',#4280,#4280,#4282,.T.);
#4280 = VERTEX_POINT('',#4281);
#4281 = CARTESIAN_POINT('',(-2.8,-3.396039219456,0.15));
#4282 = CIRCLE('',#4283,0.203960780544);
#4283 = AXIS2_PLACEMENT_3D('',#4284,#4285,#4286);
#4284 = CARTESIAN_POINT('',(-2.8,-3.6,0.15));
#4285 = DIRECTION('',(0.,-0.,1.));
#4286 = DIRECTION('',(3.445092848398E-16,1.,0.));
#4287 = FACE_BOUND('',#4288,.F.);
#4288 = EDGE_LOOP('',(#4289));
#4289 = ORIENTED_EDGE('',*,*,#4290,.F.);
#4290 = EDGE_CURVE('',#4291,#4291,#4293,.T.);
#4291 = VERTEX_POINT('',#4292);
#4292 = CARTESIAN_POINT('',(-2.,-3.396039219456,0.15));
#4293 = CIRCLE('',#4294,0.203960780544);
#4294 = AXIS2_PLACEMENT_3D('',#4295,#4296,#4297);
#4295 = CARTESIAN_POINT('',(-2.,-3.6,0.15));
#4296 = DIRECTION('',(0.,-0.,1.));
#4297 = DIRECTION('',(3.445092848398E-16,1.,0.));
#4298 = FACE_BOUND('',#4299,.F.);
#4299 = EDGE_LOOP('',(#4300));
#4300 = ORIENTED_EDGE('',*,*,#4301,.F.);
#4301 = EDGE_CURVE('',#4302,#4302,#4304,.T.);
#4302 = VERTEX_POINT('',#4303);
#4303 = CARTESIAN_POINT('',(-1.2,-3.396039219456,0.15));
#4304 = CIRCLE('',#4305,0.203960780544);
#4305 = AXIS2_PLACEMENT_3D('',#4306,#4307,#4308);
#4306 = CARTESIAN_POINT('',(-1.2,-3.6,0.15));
#4307 = DIRECTION('',(0.,-0.,1.));
#4308 = DIRECTION('',(3.445092848398E-16,1.,0.));
#4309 = FACE_BOUND('',#4310,.F.);
#4310 = EDGE_LOOP('',(#4311));
#4311 = ORIENTED_EDGE('',*,*,#4312,.F.);
#4312 = EDGE_CURVE('',#4313,#4313,#4315,.T.);
#4313 = VERTEX_POINT('',#4314);
#4314 = CARTESIAN_POINT('',(-3.6,2.203960780544,0.15));
#4315 = CIRCLE('',#4316,0.203960780544);
#4316 = AXIS2_PLACEMENT_3D('',#4317,#4318,#4319);
#4317 = CARTESIAN_POINT('',(-3.6,2.,0.15));
#4318 = DIRECTION('',(0.,-0.,1.));
#4319 = DIRECTION('',(3.445092848398E-16,1.,0.));
#4320 = FACE_BOUND('',#4321,.F.);
#4321 = EDGE_LOOP('',(#4322));
#4322 = ORIENTED_EDGE('',*,*,#4323,.F.);
#4323 = EDGE_CURVE('',#4324,#4324,#4326,.T.);
#4324 = VERTEX_POINT('',#4325);
#4325 = CARTESIAN_POINT('',(-3.6,1.403960780544,0.15));
#4326 = CIRCLE('',#4327,0.203960780544);
#4327 = AXIS2_PLACEMENT_3D('',#4328,#4329,#4330);
#4328 = CARTESIAN_POINT('',(-3.6,1.2,0.15));
#4329 = DIRECTION('',(0.,-0.,1.));
#4330 = DIRECTION('',(3.445092848398E-16,1.,0.));
#4331 = FACE_BOUND('',#4332,.F.);
#4332 = EDGE_LOOP('',(#4333));
#4333 = ORIENTED_EDGE('',*,*,#4334,.F.);
#4334 = EDGE_CURVE('',#4335,#4335,#4337,.T.);
#4335 = VERTEX_POINT('',#4336);
#4336 = CARTESIAN_POINT('',(-3.6,-0.196039219456,0.15));
#4337 = CIRCLE('',#4338,0.203960780544);
#4338 = AXIS2_PLACEMENT_3D('',#4339,#4340,#4341);
#4339 = CARTESIAN_POINT('',(-3.6,-0.4,0.15));
#4340 = DIRECTION('',(0.,-0.,1.));
#4341 = DIRECTION('',(3.445092848398E-16,1.,0.));
#4342 = FACE_BOUND('',#4343,.F.);
#4343 = EDGE_LOOP('',(#4344));
#4344 = ORIENTED_EDGE('',*,*,#4345,.F.);
#4345 = EDGE_CURVE('',#4346,#4346,#4348,.T.);
#4346 = VERTEX_POINT('',#4347);
#4347 = CARTESIAN_POINT('',(-3.6,0.603960780544,0.15));
#4348 = CIRCLE('',#4349,0.203960780544);
#4349 = AXIS2_PLACEMENT_3D('',#4350,#4351,#4352);
#4350 = CARTESIAN_POINT('',(-3.6,0.4,0.15));
#4351 = DIRECTION('',(0.,-0.,1.));
#4352 = DIRECTION('',(3.445092848398E-16,1.,0.));
#4353 = FACE_BOUND('',#4354,.F.);
#4354 = EDGE_LOOP('',(#4355));
#4355 = ORIENTED_EDGE('',*,*,#4356,.F.);
#4356 = EDGE_CURVE('',#4357,#4357,#4359,.T.);
#4357 = VERTEX_POINT('',#4358);
#4358 = CARTESIAN_POINT('',(-3.6,3.003960780544,0.15));
#4359 = CIRCLE('',#4360,0.203960780544);
#4360 = AXIS2_PLACEMENT_3D('',#4361,#4362,#4363);
#4361 = CARTESIAN_POINT('',(-3.6,2.8,0.15));
#4362 = DIRECTION('',(0.,-0.,1.));
#4363 = DIRECTION('',(3.445092848398E-16,1.,0.));
#4364 = FACE_BOUND('',#4365,.F.);
#4365 = EDGE_LOOP('',(#4366));
#4366 = ORIENTED_EDGE('',*,*,#4367,.F.);
#4367 = EDGE_CURVE('',#4368,#4368,#4370,.T.);
#4368 = VERTEX_POINT('',#4369);
#4369 = CARTESIAN_POINT('',(-3.6,-0.996039219456,0.15));
#4370 = CIRCLE('',#4371,0.203960780544);
#4371 = AXIS2_PLACEMENT_3D('',#4372,#4373,#4374);
#4372 = CARTESIAN_POINT('',(-3.6,-1.2,0.15));
#4373 = DIRECTION('',(0.,-0.,1.));
#4374 = DIRECTION('',(3.445092848398E-16,1.,0.));
#4375 = FACE_BOUND('',#4376,.F.);
#4376 = EDGE_LOOP('',(#4377));
#4377 = ORIENTED_EDGE('',*,*,#4378,.F.);
#4378 = EDGE_CURVE('',#4379,#4379,#4381,.T.);
#4379 = VERTEX_POINT('',#4380);
#4380 = CARTESIAN_POINT('',(-3.6,-2.596039219456,0.15));
#4381 = CIRCLE('',#4382,0.203960780544);
#4382 = AXIS2_PLACEMENT_3D('',#4383,#4384,#4385);
#4383 = CARTESIAN_POINT('',(-3.6,-2.8,0.15));
#4384 = DIRECTION('',(0.,-0.,1.));
#4385 = DIRECTION('',(3.445092848398E-16,1.,0.));
#4386 = FACE_BOUND('',#4387,.F.);
#4387 = EDGE_LOOP('',(#4388));
#4388 = ORIENTED_EDGE('',*,*,#4389,.F.);
#4389 = EDGE_CURVE('',#4390,#4390,#4392,.T.);
#4390 = VERTEX_POINT('',#4391);
#4391 = CARTESIAN_POINT('',(-3.6,-1.796039219456,0.15));
#4392 = CIRCLE('',#4393,0.203960780544);
#4393 = AXIS2_PLACEMENT_3D('',#4394,#4395,#4396);
#4394 = CARTESIAN_POINT('',(-3.6,-2.,0.15));
#4395 = DIRECTION('',(0.,-0.,1.));
#4396 = DIRECTION('',(3.445092848398E-16,1.,0.));
#4397 = FACE_BOUND('',#4398,.F.);
#4398 = EDGE_LOOP('',(#4399));
#4399 = ORIENTED_EDGE('',*,*,#4400,.F.);
#4400 = EDGE_CURVE('',#4401,#4401,#4403,.T.);
#4401 = VERTEX_POINT('',#4402);
#4402 = CARTESIAN_POINT('',(-3.6,3.803960780544,0.15));
#4403 = CIRCLE('',#4404,0.203960780544);
#4404 = AXIS2_PLACEMENT_3D('',#4405,#4406,#4407);
#4405 = CARTESIAN_POINT('',(-3.6,3.6,0.15));
#4406 = DIRECTION('',(0.,-0.,1.));
#4407 = DIRECTION('',(3.445092848398E-16,1.,0.));
#4408 = FACE_BOUND('',#4409,.F.);
#4409 = EDGE_LOOP('',(#4410));
#4410 = ORIENTED_EDGE('',*,*,#4411,.F.);
#4411 = EDGE_CURVE('',#4412,#4412,#4414,.T.);
#4412 = VERTEX_POINT('',#4413);
#4413 = CARTESIAN_POINT('',(-3.6,-3.396039219456,0.15));
#4414 = CIRCLE('',#4415,0.203960780544);
#4415 = AXIS2_PLACEMENT_3D('',#4416,#4417,#4418);
#4416 = CARTESIAN_POINT('',(-3.6,-3.6,0.15));
#4417 = DIRECTION('',(0.,-0.,1.));
#4418 = DIRECTION('',(3.445092848398E-16,1.,0.));
#4419 = PLANE('',#4420);
#4420 = AXIS2_PLACEMENT_3D('',#4421,#4422,#4423);
#4421 = CARTESIAN_POINT('',(-4.,4.,0.15));
#4422 = DIRECTION('',(0.,0.,1.));
#4423 = DIRECTION('',(-2.22044604925E-16,-1.,0.));
#4424 = ADVANCED_FACE('',(#4425),#4431,.T.);
#4425 = FACE_BOUND('',#4426,.T.);
#4426 = EDGE_LOOP('',(#4427,#4428,#4429,#4430));
#4427 = ORIENTED_EDGE('',*,*,#3942,.F.);
#4428 = ORIENTED_EDGE('',*,*,#4017,.T.);
#4429 = ORIENTED_EDGE('',*,*,#4001,.T.);
#4430 = ORIENTED_EDGE('',*,*,#3958,.F.);
#4431 = PLANE('',#4432);
#4432 = AXIS2_PLACEMENT_3D('',#4433,#4434,#4435);
#4433 = CARTESIAN_POINT('',(-4.,-4.,0.15));
#4434 = DIRECTION('',(-2.22044604925E-16,-1.,0.));
#4435 = DIRECTION('',(0.,0.,1.));
#4436 = ADVANCED_FACE('',(#4437),#4456,.F.);
#4437 = FACE_BOUND('',#4438,.F.);
#4438 = EDGE_LOOP('',(#4439,#4447,#4454,#4455));
#4439 = ORIENTED_EDGE('',*,*,#4440,.T.);
#4440 = EDGE_CURVE('',#3975,#4441,#4443,.T.);
#4441 = VERTEX_POINT('',#4442);
#4442 = CARTESIAN_POINT('',(-3.69,3.54,1.09));
#4443 = LINE('',#4444,#4445);
#4444 = CARTESIAN_POINT('',(-3.69,3.54,1.11));
#4445 = VECTOR('',#4446,1.);
#4446 = DIRECTION('',(-0.,0.,-1.));
#4447 = ORIENTED_EDGE('',*,*,#4448,.T.);
#4448 = EDGE_CURVE('',#4441,#4441,#4449,.T.);
#4449 = CIRCLE('',#4450,0.15);
#4450 = AXIS2_PLACEMENT_3D('',#4451,#4452,#4453);
#4451 = CARTESIAN_POINT('',(-3.69,3.69,1.09));
#4452 = DIRECTION('',(0.,0.,1.));
#4453 = DIRECTION('',(-2.22044604925E-16,-1.,0.));
#4454 = ORIENTED_EDGE('',*,*,#4440,.F.);
#4455 = ORIENTED_EDGE('',*,*,#3974,.T.);
#4456 = CYLINDRICAL_SURFACE('',#4457,0.15);
#4457 = AXIS2_PLACEMENT_3D('',#4458,#4459,#4460);
#4458 = CARTESIAN_POINT('',(-3.69,3.69,1.11));
#4459 = DIRECTION('',(0.,0.,-1.));
#4460 = DIRECTION('',(-2.22044604925E-16,-1.,-0.));
#4461 = ADVANCED_FACE('',(#4462),#4475,.T.);
#4462 = FACE_BOUND('',#4463,.T.);
#4463 = EDGE_LOOP('',(#4464,#4465,#4474));
#4464 = ORIENTED_EDGE('',*,*,#4026,.F.);
#4465 = ORIENTED_EDGE('',*,*,#4466,.F.);
#4466 = EDGE_CURVE('',#4467,#4027,#4469,.T.);
#4467 = VERTEX_POINT('',#4468);
#4468 = CARTESIAN_POINT('',(3.6,-0.4,-1.E-02));
#4469 = CIRCLE('',#4470,0.21);
#4470 = AXIS2_PLACEMENT_3D('',#4471,#4472,#4473);
#4471 = CARTESIAN_POINT('',(3.6,-0.4,0.2));
#4472 = DIRECTION('',(1.,-5.894386446692E-16,0.));
#4473 = DIRECTION('',(5.894386446692E-16,1.,0.));
#4474 = ORIENTED_EDGE('',*,*,#4466,.T.);
#4475 = SPHERICAL_SURFACE('',#4476,0.21);
#4476 = AXIS2_PLACEMENT_3D('',#4477,#4478,#4479);
#4477 = CARTESIAN_POINT('',(3.6,-0.4,0.2));
#4478 = DIRECTION('',(0.,0.,1.));
#4479 = DIRECTION('',(3.445092848398E-16,1.,-0.));
#4480 = ADVANCED_FACE('',(#4481),#4494,.T.);
#4481 = FACE_BOUND('',#4482,.T.);
#4482 = EDGE_LOOP('',(#4483,#4484,#4493));
#4483 = ORIENTED_EDGE('',*,*,#4037,.F.);
#4484 = ORIENTED_EDGE('',*,*,#4485,.F.);
#4485 = EDGE_CURVE('',#4486,#4038,#4488,.T.);
#4486 = VERTEX_POINT('',#4487);
#4487 = CARTESIAN_POINT('',(3.6,-1.2,-1.E-02));
#4488 = CIRCLE('',#4489,0.21);
#4489 = AXIS2_PLACEMENT_3D('',#4490,#4491,#4492);
#4490 = CARTESIAN_POINT('',(3.6,-1.2,0.2));
#4491 = DIRECTION('',(1.,-5.894386446692E-16,0.));
#4492 = DIRECTION('',(5.894386446692E-16,1.,0.));
#4493 = ORIENTED_EDGE('',*,*,#4485,.T.);
#4494 = SPHERICAL_SURFACE('',#4495,0.21);
#4495 = AXIS2_PLACEMENT_3D('',#4496,#4497,#4498);
#4496 = CARTESIAN_POINT('',(3.6,-1.2,0.2));
#4497 = DIRECTION('',(0.,0.,1.));
#4498 = DIRECTION('',(3.445092848398E-16,1.,-0.));
#4499 = ADVANCED_FACE('',(#4500),#4513,.T.);
#4500 = FACE_BOUND('',#4501,.T.);
#4501 = EDGE_LOOP('',(#4502,#4503,#4512));
#4502 = ORIENTED_EDGE('',*,*,#4048,.F.);
#4503 = ORIENTED_EDGE('',*,*,#4504,.F.);
#4504 = EDGE_CURVE('',#4505,#4049,#4507,.T.);
#4505 = VERTEX_POINT('',#4506);
#4506 = CARTESIAN_POINT('',(3.6,-2.8,-1.E-02));
#4507 = CIRCLE('',#4508,0.21);
#4508 = AXIS2_PLACEMENT_3D('',#4509,#4510,#4511);
#4509 = CARTESIAN_POINT('',(3.6,-2.8,0.2));
#4510 = DIRECTION('',(1.,-5.894386446692E-16,0.));
#4511 = DIRECTION('',(5.894386446692E-16,1.,0.));
#4512 = ORIENTED_EDGE('',*,*,#4504,.T.);
#4513 = SPHERICAL_SURFACE('',#4514,0.21);
#4514 = AXIS2_PLACEMENT_3D('',#4515,#4516,#4517);
#4515 = CARTESIAN_POINT('',(3.6,-2.8,0.2));
#4516 = DIRECTION('',(0.,0.,1.));
#4517 = DIRECTION('',(3.445092848398E-16,1.,-0.));
#4518 = ADVANCED_FACE('',(#4519),#4532,.T.);
#4519 = FACE_BOUND('',#4520,.T.);
#4520 = EDGE_LOOP('',(#4521,#4522,#4531));
#4521 = ORIENTED_EDGE('',*,*,#4059,.F.);
#4522 = ORIENTED_EDGE('',*,*,#4523,.F.);
#4523 = EDGE_CURVE('',#4524,#4060,#4526,.T.);
#4524 = VERTEX_POINT('',#4525);
#4525 = CARTESIAN_POINT('',(3.6,-2.,-1.E-02));
#4526 = CIRCLE('',#4527,0.21);
#4527 = AXIS2_PLACEMENT_3D('',#4528,#4529,#4530);
#4528 = CARTESIAN_POINT('',(3.6,-2.,0.2));
#4529 = DIRECTION('',(1.,-5.894386446692E-16,0.));
#4530 = DIRECTION('',(5.894386446692E-16,1.,0.));
#4531 = ORIENTED_EDGE('',*,*,#4523,.T.);
#4532 = SPHERICAL_SURFACE('',#4533,0.21);
#4533 = AXIS2_PLACEMENT_3D('',#4534,#4535,#4536);
#4534 = CARTESIAN_POINT('',(3.6,-2.,0.2));
#4535 = DIRECTION('',(0.,0.,1.));
#4536 = DIRECTION('',(3.445092848398E-16,1.,-0.));
#4537 = ADVANCED_FACE('',(#4538),#4551,.T.);
#4538 = FACE_BOUND('',#4539,.T.);
#4539 = EDGE_LOOP('',(#4540,#4541,#4550));
#4540 = ORIENTED_EDGE('',*,*,#4070,.F.);
#4541 = ORIENTED_EDGE('',*,*,#4542,.F.);
#4542 = EDGE_CURVE('',#4543,#4071,#4545,.T.);
#4543 = VERTEX_POINT('',#4544);
#4544 = CARTESIAN_POINT('',(3.6,-3.6,-1.E-02));
#4545 = CIRCLE('',#4546,0.21);
#4546 = AXIS2_PLACEMENT_3D('',#4547,#4548,#4549);
#4547 = CARTESIAN_POINT('',(3.6,-3.6,0.2));
#4548 = DIRECTION('',(1.,-5.894386446692E-16,0.));
#4549 = DIRECTION('',(5.894386446692E-16,1.,0.));
#4550 = ORIENTED_EDGE('',*,*,#4542,.T.);
#4551 = SPHERICAL_SURFACE('',#4552,0.21);
#4552 = AXIS2_PLACEMENT_3D('',#4553,#4554,#4555);
#4553 = CARTESIAN_POINT('',(3.6,-3.6,0.2));
#4554 = DIRECTION('',(0.,0.,1.));
#4555 = DIRECTION('',(3.445092848398E-16,1.,-0.));
#4556 = ADVANCED_FACE('',(#4557),#4570,.T.);
#4557 = FACE_BOUND('',#4558,.T.);
#4558 = EDGE_LOOP('',(#4559,#4560,#4569));
#4559 = ORIENTED_EDGE('',*,*,#4081,.F.);
#4560 = ORIENTED_EDGE('',*,*,#4561,.F.);
#4561 = EDGE_CURVE('',#4562,#4082,#4564,.T.);
#4562 = VERTEX_POINT('',#4563);
#4563 = CARTESIAN_POINT('',(-0.4,-3.6,-1.E-02));
#4564 = CIRCLE('',#4565,0.21);
#4565 = AXIS2_PLACEMENT_3D('',#4566,#4567,#4568);
#4566 = CARTESIAN_POINT('',(-0.4,-3.6,0.2));
#4567 = DIRECTION('',(1.,-5.894386446692E-16,0.));
#4568 = DIRECTION('',(5.894386446692E-16,1.,0.));
#4569 = ORIENTED_EDGE('',*,*,#4561,.T.);
#4570 = SPHERICAL_SURFACE('',#4571,0.21);
#4571 = AXIS2_PLACEMENT_3D('',#4572,#4573,#4574);
#4572 = CARTESIAN_POINT('',(-0.4,-3.6,0.2));
#4573 = DIRECTION('',(0.,0.,1.));
#4574 = DIRECTION('',(3.445092848398E-16,1.,-0.));
#4575 = ADVANCED_FACE('',(#4576),#4589,.T.);
#4576 = FACE_BOUND('',#4577,.T.);
#4577 = EDGE_LOOP('',(#4578,#4579,#4588));
#4578 = ORIENTED_EDGE('',*,*,#4092,.F.);
#4579 = ORIENTED_EDGE('',*,*,#4580,.F.);
#4580 = EDGE_CURVE('',#4581,#4093,#4583,.T.);
#4581 = VERTEX_POINT('',#4582);
#4582 = CARTESIAN_POINT('',(0.4,-3.6,-1.E-02));
#4583 = CIRCLE('',#4584,0.21);
#4584 = AXIS2_PLACEMENT_3D('',#4585,#4586,#4587);
#4585 = CARTESIAN_POINT('',(0.4,-3.6,0.2));
#4586 = DIRECTION('',(1.,-5.894386446692E-16,0.));
#4587 = DIRECTION('',(5.894386446692E-16,1.,0.));
#4588 = ORIENTED_EDGE('',*,*,#4580,.T.);
#4589 = SPHERICAL_SURFACE('',#4590,0.21);
#4590 = AXIS2_PLACEMENT_3D('',#4591,#4592,#4593);
#4591 = CARTESIAN_POINT('',(0.4,-3.6,0.2));
#4592 = DIRECTION('',(0.,0.,1.));
#4593 = DIRECTION('',(3.445092848398E-16,1.,-0.));
#4594 = ADVANCED_FACE('',(#4595),#4608,.T.);
#4595 = FACE_BOUND('',#4596,.T.);
#4596 = EDGE_LOOP('',(#4597,#4598,#4607));
#4597 = ORIENTED_EDGE('',*,*,#4103,.F.);
#4598 = ORIENTED_EDGE('',*,*,#4599,.F.);
#4599 = EDGE_CURVE('',#4600,#4104,#4602,.T.);
#4600 = VERTEX_POINT('',#4601);
#4601 = CARTESIAN_POINT('',(2.,-3.6,-1.E-02));
#4602 = CIRCLE('',#4603,0.21);
#4603 = AXIS2_PLACEMENT_3D('',#4604,#4605,#4606);
#4604 = CARTESIAN_POINT('',(2.,-3.6,0.2));
#4605 = DIRECTION('',(1.,-5.894386446692E-16,0.));
#4606 = DIRECTION('',(5.894386446692E-16,1.,0.));
#4607 = ORIENTED_EDGE('',*,*,#4599,.T.);
#4608 = SPHERICAL_SURFACE('',#4609,0.21);
#4609 = AXIS2_PLACEMENT_3D('',#4610,#4611,#4612);
#4610 = CARTESIAN_POINT('',(2.,-3.6,0.2));
#4611 = DIRECTION('',(0.,0.,1.));
#4612 = DIRECTION('',(3.445092848398E-16,1.,-0.));
#4613 = ADVANCED_FACE('',(#4614),#4627,.T.);
#4614 = FACE_BOUND('',#4615,.T.);
#4615 = EDGE_LOOP('',(#4616,#4617,#4626));
#4616 = ORIENTED_EDGE('',*,*,#4114,.F.);
#4617 = ORIENTED_EDGE('',*,*,#4618,.F.);
#4618 = EDGE_CURVE('',#4619,#4115,#4621,.T.);
#4619 = VERTEX_POINT('',#4620);
#4620 = CARTESIAN_POINT('',(1.2,-3.6,-1.E-02));
#4621 = CIRCLE('',#4622,0.21);
#4622 = AXIS2_PLACEMENT_3D('',#4623,#4624,#4625);
#4623 = CARTESIAN_POINT('',(1.2,-3.6,0.2));
#4624 = DIRECTION('',(1.,-5.894386446692E-16,0.));
#4625 = DIRECTION('',(5.894386446692E-16,1.,0.));
#4626 = ORIENTED_EDGE('',*,*,#4618,.T.);
#4627 = SPHERICAL_SURFACE('',#4628,0.21);
#4628 = AXIS2_PLACEMENT_3D('',#4629,#4630,#4631);
#4629 = CARTESIAN_POINT('',(1.2,-3.6,0.2));
#4630 = DIRECTION('',(0.,0.,1.));
#4631 = DIRECTION('',(3.445092848398E-16,1.,-0.));
#4632 = ADVANCED_FACE('',(#4633),#4646,.T.);
#4633 = FACE_BOUND('',#4634,.T.);
#4634 = EDGE_LOOP('',(#4635,#4636,#4645));
#4635 = ORIENTED_EDGE('',*,*,#4125,.F.);
#4636 = ORIENTED_EDGE('',*,*,#4637,.F.);
#4637 = EDGE_CURVE('',#4638,#4126,#4640,.T.);
#4638 = VERTEX_POINT('',#4639);
#4639 = CARTESIAN_POINT('',(2.8,-3.6,-1.E-02));
#4640 = CIRCLE('',#4641,0.21);
#4641 = AXIS2_PLACEMENT_3D('',#4642,#4643,#4644);
#4642 = CARTESIAN_POINT('',(2.8,-3.6,0.2));
#4643 = DIRECTION('',(1.,-5.894386446692E-16,0.));
#4644 = DIRECTION('',(5.894386446692E-16,1.,0.));
#4645 = ORIENTED_EDGE('',*,*,#4637,.T.);
#4646 = SPHERICAL_SURFACE('',#4647,0.21);
#4647 = AXIS2_PLACEMENT_3D('',#4648,#4649,#4650);
#4648 = CARTESIAN_POINT('',(2.8,-3.6,0.2));
#4649 = DIRECTION('',(0.,0.,1.));
#4650 = DIRECTION('',(3.445092848398E-16,1.,-0.));
#4651 = ADVANCED_FACE('',(#4652),#4665,.T.);
#4652 = FACE_BOUND('',#4653,.T.);
#4653 = EDGE_LOOP('',(#4654,#4655,#4664));
#4654 = ORIENTED_EDGE('',*,*,#4136,.F.);
#4655 = ORIENTED_EDGE('',*,*,#4656,.F.);
#4656 = EDGE_CURVE('',#4657,#4137,#4659,.T.);
#4657 = VERTEX_POINT('',#4658);
#4658 = CARTESIAN_POINT('',(1.2,3.6,-1.E-02));
#4659 = CIRCLE('',#4660,0.21);
#4660 = AXIS2_PLACEMENT_3D('',#4661,#4662,#4663);
#4661 = CARTESIAN_POINT('',(1.2,3.6,0.2));
#4662 = DIRECTION('',(1.,-5.894386446692E-16,0.));
#4663 = DIRECTION('',(5.894386446692E-16,1.,0.));
#4664 = ORIENTED_EDGE('',*,*,#4656,.T.);
#4665 = SPHERICAL_SURFACE('',#4666,0.21);
#4666 = AXIS2_PLACEMENT_3D('',#4667,#4668,#4669);
#4667 = CARTESIAN_POINT('',(1.2,3.6,0.2));
#4668 = DIRECTION('',(0.,0.,1.));
#4669 = DIRECTION('',(3.445092848398E-16,1.,-0.));
#4670 = ADVANCED_FACE('',(#4671),#4684,.T.);
#4671 = FACE_BOUND('',#4672,.T.);
#4672 = EDGE_LOOP('',(#4673,#4674,#4683));
#4673 = ORIENTED_EDGE('',*,*,#4147,.F.);
#4674 = ORIENTED_EDGE('',*,*,#4675,.F.);
#4675 = EDGE_CURVE('',#4676,#4148,#4678,.T.);
#4676 = VERTEX_POINT('',#4677);
#4677 = CARTESIAN_POINT('',(0.4,3.6,-1.E-02));
#4678 = CIRCLE('',#4679,0.21);
#4679 = AXIS2_PLACEMENT_3D('',#4680,#4681,#4682);
#4680 = CARTESIAN_POINT('',(0.4,3.6,0.2));
#4681 = DIRECTION('',(1.,-5.894386446692E-16,0.));
#4682 = DIRECTION('',(5.894386446692E-16,1.,0.));
#4683 = ORIENTED_EDGE('',*,*,#4675,.T.);
#4684 = SPHERICAL_SURFACE('',#4685,0.21);
#4685 = AXIS2_PLACEMENT_3D('',#4686,#4687,#4688);
#4686 = CARTESIAN_POINT('',(0.4,3.6,0.2));
#4687 = DIRECTION('',(0.,0.,1.));
#4688 = DIRECTION('',(3.445092848398E-16,1.,-0.));
#4689 = ADVANCED_FACE('',(#4690),#4703,.T.);
#4690 = FACE_BOUND('',#4691,.T.);
#4691 = EDGE_LOOP('',(#4692,#4693,#4702));
#4692 = ORIENTED_EDGE('',*,*,#4158,.F.);
#4693 = ORIENTED_EDGE('',*,*,#4694,.F.);
#4694 = EDGE_CURVE('',#4695,#4159,#4697,.T.);
#4695 = VERTEX_POINT('',#4696);
#4696 = CARTESIAN_POINT('',(-0.4,3.6,-1.E-02));
#4697 = CIRCLE('',#4698,0.21);
#4698 = AXIS2_PLACEMENT_3D('',#4699,#4700,#4701);
#4699 = CARTESIAN_POINT('',(-0.4,3.6,0.2));
#4700 = DIRECTION('',(1.,-5.894386446692E-16,0.));
#4701 = DIRECTION('',(5.894386446692E-16,1.,0.));
#4702 = ORIENTED_EDGE('',*,*,#4694,.T.);
#4703 = SPHERICAL_SURFACE('',#4704,0.21);
#4704 = AXIS2_PLACEMENT_3D('',#4705,#4706,#4707);
#4705 = CARTESIAN_POINT('',(-0.4,3.6,0.2));
#4706 = DIRECTION('',(0.,0.,1.));
#4707 = DIRECTION('',(3.445092848398E-16,1.,-0.));
#4708 = ADVANCED_FACE('',(#4709),#4722,.T.);
#4709 = FACE_BOUND('',#4710,.T.);
#4710 = EDGE_LOOP('',(#4711,#4712,#4721));
#4711 = ORIENTED_EDGE('',*,*,#4169,.F.);
#4712 = ORIENTED_EDGE('',*,*,#4713,.F.);
#4713 = EDGE_CURVE('',#4714,#4170,#4716,.T.);
#4714 = VERTEX_POINT('',#4715);
#4715 = CARTESIAN_POINT('',(3.6,2.8,-1.E-02));
#4716 = CIRCLE('',#4717,0.21);
#4717 = AXIS2_PLACEMENT_3D('',#4718,#4719,#4720);
#4718 = CARTESIAN_POINT('',(3.6,2.8,0.2));
#4719 = DIRECTION('',(1.,-5.894386446692E-16,0.));
#4720 = DIRECTION('',(5.894386446692E-16,1.,0.));
#4721 = ORIENTED_EDGE('',*,*,#4713,.T.);
#4722 = SPHERICAL_SURFACE('',#4723,0.21);
#4723 = AXIS2_PLACEMENT_3D('',#4724,#4725,#4726);
#4724 = CARTESIAN_POINT('',(3.6,2.8,0.2));
#4725 = DIRECTION('',(0.,0.,1.));
#4726 = DIRECTION('',(3.445092848398E-16,1.,-0.));
#4727 = ADVANCED_FACE('',(#4728),#4741,.T.);
#4728 = FACE_BOUND('',#4729,.T.);
#4729 = EDGE_LOOP('',(#4730,#4731,#4740));
#4730 = ORIENTED_EDGE('',*,*,#4180,.F.);
#4731 = ORIENTED_EDGE('',*,*,#4732,.F.);
#4732 = EDGE_CURVE('',#4733,#4181,#4735,.T.);
#4733 = VERTEX_POINT('',#4734);
#4734 = CARTESIAN_POINT('',(3.6,3.6,-1.E-02));
#4735 = CIRCLE('',#4736,0.21);
#4736 = AXIS2_PLACEMENT_3D('',#4737,#4738,#4739);
#4737 = CARTESIAN_POINT('',(3.6,3.6,0.2));
#4738 = DIRECTION('',(1.,-5.894386446692E-16,0.));
#4739 = DIRECTION('',(5.894386446692E-16,1.,0.));
#4740 = ORIENTED_EDGE('',*,*,#4732,.T.);
#4741 = SPHERICAL_SURFACE('',#4742,0.21);
#4742 = AXIS2_PLACEMENT_3D('',#4743,#4744,#4745);
#4743 = CARTESIAN_POINT('',(3.6,3.6,0.2));
#4744 = DIRECTION('',(0.,0.,1.));
#4745 = DIRECTION('',(3.445092848398E-16,1.,-0.));
#4746 = ADVANCED_FACE('',(#4747),#4760,.T.);
#4747 = FACE_BOUND('',#4748,.T.);
#4748 = EDGE_LOOP('',(#4749,#4750,#4759));
#4749 = ORIENTED_EDGE('',*,*,#4191,.F.);
#4750 = ORIENTED_EDGE('',*,*,#4751,.F.);
#4751 = EDGE_CURVE('',#4752,#4192,#4754,.T.);
#4752 = VERTEX_POINT('',#4753);
#4753 = CARTESIAN_POINT('',(2.8,3.6,-1.E-02));
#4754 = CIRCLE('',#4755,0.21);
#4755 = AXIS2_PLACEMENT_3D('',#4756,#4757,#4758);
#4756 = CARTESIAN_POINT('',(2.8,3.6,0.2));
#4757 = DIRECTION('',(1.,-5.894386446692E-16,0.));
#4758 = DIRECTION('',(5.894386446692E-16,1.,0.));
#4759 = ORIENTED_EDGE('',*,*,#4751,.T.);
#4760 = SPHERICAL_SURFACE('',#4761,0.21);
#4761 = AXIS2_PLACEMENT_3D('',#4762,#4763,#4764);
#4762 = CARTESIAN_POINT('',(2.8,3.6,0.2));
#4763 = DIRECTION('',(0.,0.,1.));
#4764 = DIRECTION('',(3.445092848398E-16,1.,-0.));
#4765 = ADVANCED_FACE('',(#4766),#4779,.T.);
#4766 = FACE_BOUND('',#4767,.T.);
#4767 = EDGE_LOOP('',(#4768,#4769,#4778));
#4768 = ORIENTED_EDGE('',*,*,#4202,.F.);
#4769 = ORIENTED_EDGE('',*,*,#4770,.F.);
#4770 = EDGE_CURVE('',#4771,#4203,#4773,.T.);
#4771 = VERTEX_POINT('',#4772);
#4772 = CARTESIAN_POINT('',(2.,3.6,-1.E-02));
#4773 = CIRCLE('',#4774,0.21);
#4774 = AXIS2_PLACEMENT_3D('',#4775,#4776,#4777);
#4775 = CARTESIAN_POINT('',(2.,3.6,0.2));
#4776 = DIRECTION('',(1.,-5.894386446692E-16,0.));
#4777 = DIRECTION('',(5.894386446692E-16,1.,0.));
#4778 = ORIENTED_EDGE('',*,*,#4770,.T.);
#4779 = SPHERICAL_SURFACE('',#4780,0.21);
#4780 = AXIS2_PLACEMENT_3D('',#4781,#4782,#4783);
#4781 = CARTESIAN_POINT('',(2.,3.6,0.2));
#4782 = DIRECTION('',(0.,0.,1.));
#4783 = DIRECTION('',(3.445092848398E-16,1.,-0.));
#4784 = ADVANCED_FACE('',(#4785),#4798,.T.);
#4785 = FACE_BOUND('',#4786,.T.);
#4786 = EDGE_LOOP('',(#4787,#4788,#4797));
#4787 = ORIENTED_EDGE('',*,*,#4213,.F.);
#4788 = ORIENTED_EDGE('',*,*,#4789,.F.);
#4789 = EDGE_CURVE('',#4790,#4214,#4792,.T.);
#4790 = VERTEX_POINT('',#4791);
#4791 = CARTESIAN_POINT('',(3.6,2.,-1.E-02));
#4792 = CIRCLE('',#4793,0.21);
#4793 = AXIS2_PLACEMENT_3D('',#4794,#4795,#4796);
#4794 = CARTESIAN_POINT('',(3.6,2.,0.2));
#4795 = DIRECTION('',(1.,-5.894386446692E-16,0.));
#4796 = DIRECTION('',(5.894386446692E-16,1.,0.));
#4797 = ORIENTED_EDGE('',*,*,#4789,.T.);
#4798 = SPHERICAL_SURFACE('',#4799,0.21);
#4799 = AXIS2_PLACEMENT_3D('',#4800,#4801,#4802);
#4800 = CARTESIAN_POINT('',(3.6,2.,0.2));
#4801 = DIRECTION('',(0.,0.,1.));
#4802 = DIRECTION('',(3.445092848398E-16,1.,-0.));
#4803 = ADVANCED_FACE('',(#4804),#4817,.T.);
#4804 = FACE_BOUND('',#4805,.T.);
#4805 = EDGE_LOOP('',(#4806,#4807,#4816));
#4806 = ORIENTED_EDGE('',*,*,#4224,.F.);
#4807 = ORIENTED_EDGE('',*,*,#4808,.F.);
#4808 = EDGE_CURVE('',#4809,#4225,#4811,.T.);
#4809 = VERTEX_POINT('',#4810);
#4810 = CARTESIAN_POINT('',(3.6,0.4,-1.E-02));
#4811 = CIRCLE('',#4812,0.21);
#4812 = AXIS2_PLACEMENT_3D('',#4813,#4814,#4815);
#4813 = CARTESIAN_POINT('',(3.6,0.4,0.2));
#4814 = DIRECTION('',(1.,-5.894386446692E-16,0.));
#4815 = DIRECTION('',(5.894386446692E-16,1.,0.));
#4816 = ORIENTED_EDGE('',*,*,#4808,.T.);
#4817 = SPHERICAL_SURFACE('',#4818,0.21);
#4818 = AXIS2_PLACEMENT_3D('',#4819,#4820,#4821);
#4819 = CARTESIAN_POINT('',(3.6,0.4,0.2));
#4820 = DIRECTION('',(0.,0.,1.));
#4821 = DIRECTION('',(3.445092848398E-16,1.,-0.));
#4822 = ADVANCED_FACE('',(#4823),#4836,.T.);
#4823 = FACE_BOUND('',#4824,.T.);
#4824 = EDGE_LOOP('',(#4825,#4826,#4835));
#4825 = ORIENTED_EDGE('',*,*,#4235,.F.);
#4826 = ORIENTED_EDGE('',*,*,#4827,.F.);
#4827 = EDGE_CURVE('',#4828,#4236,#4830,.T.);
#4828 = VERTEX_POINT('',#4829);
#4829 = CARTESIAN_POINT('',(3.6,1.2,-1.E-02));
#4830 = CIRCLE('',#4831,0.21);
#4831 = AXIS2_PLACEMENT_3D('',#4832,#4833,#4834);
#4832 = CARTESIAN_POINT('',(3.6,1.2,0.2));
#4833 = DIRECTION('',(1.,-5.894386446692E-16,0.));
#4834 = DIRECTION('',(5.894386446692E-16,1.,0.));
#4835 = ORIENTED_EDGE('',*,*,#4827,.T.);
#4836 = SPHERICAL_SURFACE('',#4837,0.21);
#4837 = AXIS2_PLACEMENT_3D('',#4838,#4839,#4840);
#4838 = CARTESIAN_POINT('',(3.6,1.2,0.2));
#4839 = DIRECTION('',(0.,0.,1.));
#4840 = DIRECTION('',(3.445092848398E-16,1.,-0.));
#4841 = ADVANCED_FACE('',(#4842),#4855,.T.);
#4842 = FACE_BOUND('',#4843,.T.);
#4843 = EDGE_LOOP('',(#4844,#4845,#4854));
#4844 = ORIENTED_EDGE('',*,*,#4246,.F.);
#4845 = ORIENTED_EDGE('',*,*,#4846,.F.);
#4846 = EDGE_CURVE('',#4847,#4247,#4849,.T.);
#4847 = VERTEX_POINT('',#4848);
#4848 = CARTESIAN_POINT('',(-2.8,3.6,-1.E-02));
#4849 = CIRCLE('',#4850,0.21);
#4850 = AXIS2_PLACEMENT_3D('',#4851,#4852,#4853);
#4851 = CARTESIAN_POINT('',(-2.8,3.6,0.2));
#4852 = DIRECTION('',(1.,-5.894386446692E-16,0.));
#4853 = DIRECTION('',(5.894386446692E-16,1.,0.));
#4854 = ORIENTED_EDGE('',*,*,#4846,.T.);
#4855 = SPHERICAL_SURFACE('',#4856,0.21);
#4856 = AXIS2_PLACEMENT_3D('',#4857,#4858,#4859);
#4857 = CARTESIAN_POINT('',(-2.8,3.6,0.2));
#4858 = DIRECTION('',(0.,0.,1.));
#4859 = DIRECTION('',(3.445092848398E-16,1.,-0.));
#4860 = ADVANCED_FACE('',(#4861),#4874,.T.);
#4861 = FACE_BOUND('',#4862,.T.);
#4862 = EDGE_LOOP('',(#4863,#4864,#4873));
#4863 = ORIENTED_EDGE('',*,*,#4257,.F.);
#4864 = ORIENTED_EDGE('',*,*,#4865,.F.);
#4865 = EDGE_CURVE('',#4866,#4258,#4868,.T.);
#4866 = VERTEX_POINT('',#4867);
#4867 = CARTESIAN_POINT('',(-2.,3.6,-1.E-02));
#4868 = CIRCLE('',#4869,0.21);
#4869 = AXIS2_PLACEMENT_3D('',#4870,#4871,#4872);
#4870 = CARTESIAN_POINT('',(-2.,3.6,0.2));
#4871 = DIRECTION('',(1.,-5.894386446692E-16,0.));
#4872 = DIRECTION('',(5.894386446692E-16,1.,0.));
#4873 = ORIENTED_EDGE('',*,*,#4865,.T.);
#4874 = SPHERICAL_SURFACE('',#4875,0.21);
#4875 = AXIS2_PLACEMENT_3D('',#4876,#4877,#4878);
#4876 = CARTESIAN_POINT('',(-2.,3.6,0.2));
#4877 = DIRECTION('',(0.,0.,1.));
#4878 = DIRECTION('',(3.445092848398E-16,1.,-0.));
#4879 = ADVANCED_FACE('',(#4880),#4893,.T.);
#4880 = FACE_BOUND('',#4881,.T.);
#4881 = EDGE_LOOP('',(#4882,#4883,#4892));
#4882 = ORIENTED_EDGE('',*,*,#4268,.F.);
#4883 = ORIENTED_EDGE('',*,*,#4884,.F.);
#4884 = EDGE_CURVE('',#4885,#4269,#4887,.T.);
#4885 = VERTEX_POINT('',#4886);
#4886 = CARTESIAN_POINT('',(-1.2,3.6,-1.E-02));
#4887 = CIRCLE('',#4888,0.21);
#4888 = AXIS2_PLACEMENT_3D('',#4889,#4890,#4891);
#4889 = CARTESIAN_POINT('',(-1.2,3.6,0.2));
#4890 = DIRECTION('',(1.,-5.894386446692E-16,0.));
#4891 = DIRECTION('',(5.894386446692E-16,1.,0.));
#4892 = ORIENTED_EDGE('',*,*,#4884,.T.);
#4893 = SPHERICAL_SURFACE('',#4894,0.21);
#4894 = AXIS2_PLACEMENT_3D('',#4895,#4896,#4897);
#4895 = CARTESIAN_POINT('',(-1.2,3.6,0.2));
#4896 = DIRECTION('',(0.,0.,1.));
#4897 = DIRECTION('',(3.445092848398E-16,1.,-0.));
#4898 = ADVANCED_FACE('',(#4899),#4912,.T.);
#4899 = FACE_BOUND('',#4900,.T.);
#4900 = EDGE_LOOP('',(#4901,#4902,#4911));
#4901 = ORIENTED_EDGE('',*,*,#4279,.F.);
#4902 = ORIENTED_EDGE('',*,*,#4903,.F.);
#4903 = EDGE_CURVE('',#4904,#4280,#4906,.T.);
#4904 = VERTEX_POINT('',#4905);
#4905 = CARTESIAN_POINT('',(-2.8,-3.6,-1.E-02));
#4906 = CIRCLE('',#4907,0.21);
#4907 = AXIS2_PLACEMENT_3D('',#4908,#4909,#4910);
#4908 = CARTESIAN_POINT('',(-2.8,-3.6,0.2));
#4909 = DIRECTION('',(1.,-5.894386446692E-16,0.));
#4910 = DIRECTION('',(5.894386446692E-16,1.,0.));
#4911 = ORIENTED_EDGE('',*,*,#4903,.T.);
#4912 = SPHERICAL_SURFACE('',#4913,0.21);
#4913 = AXIS2_PLACEMENT_3D('',#4914,#4915,#4916);
#4914 = CARTESIAN_POINT('',(-2.8,-3.6,0.2));
#4915 = DIRECTION('',(0.,0.,1.));
#4916 = DIRECTION('',(3.445092848398E-16,1.,-0.));
#4917 = ADVANCED_FACE('',(#4918),#4931,.T.);
#4918 = FACE_BOUND('',#4919,.T.);
#4919 = EDGE_LOOP('',(#4920,#4921,#4930));
#4920 = ORIENTED_EDGE('',*,*,#4290,.F.);
#4921 = ORIENTED_EDGE('',*,*,#4922,.F.);
#4922 = EDGE_CURVE('',#4923,#4291,#4925,.T.);
#4923 = VERTEX_POINT('',#4924);
#4924 = CARTESIAN_POINT('',(-2.,-3.6,-1.E-02));
#4925 = CIRCLE('',#4926,0.21);
#4926 = AXIS2_PLACEMENT_3D('',#4927,#4928,#4929);
#4927 = CARTESIAN_POINT('',(-2.,-3.6,0.2));
#4928 = DIRECTION('',(1.,-5.894386446692E-16,0.));
#4929 = DIRECTION('',(5.894386446692E-16,1.,0.));
#4930 = ORIENTED_EDGE('',*,*,#4922,.T.);
#4931 = SPHERICAL_SURFACE('',#4932,0.21);
#4932 = AXIS2_PLACEMENT_3D('',#4933,#4934,#4935);
#4933 = CARTESIAN_POINT('',(-2.,-3.6,0.2));
#4934 = DIRECTION('',(0.,0.,1.));
#4935 = DIRECTION('',(3.445092848398E-16,1.,-0.));
#4936 = ADVANCED_FACE('',(#4937),#4950,.T.);
#4937 = FACE_BOUND('',#4938,.T.);
#4938 = EDGE_LOOP('',(#4939,#4940,#4949));
#4939 = ORIENTED_EDGE('',*,*,#4301,.F.);
#4940 = ORIENTED_EDGE('',*,*,#4941,.F.);
#4941 = EDGE_CURVE('',#4942,#4302,#4944,.T.);
#4942 = VERTEX_POINT('',#4943);
#4943 = CARTESIAN_POINT('',(-1.2,-3.6,-1.E-02));
#4944 = CIRCLE('',#4945,0.21);
#4945 = AXIS2_PLACEMENT_3D('',#4946,#4947,#4948);
#4946 = CARTESIAN_POINT('',(-1.2,-3.6,0.2));
#4947 = DIRECTION('',(1.,-5.894386446692E-16,0.));
#4948 = DIRECTION('',(5.894386446692E-16,1.,0.));
#4949 = ORIENTED_EDGE('',*,*,#4941,.T.);
#4950 = SPHERICAL_SURFACE('',#4951,0.21);
#4951 = AXIS2_PLACEMENT_3D('',#4952,#4953,#4954);
#4952 = CARTESIAN_POINT('',(-1.2,-3.6,0.2));
#4953 = DIRECTION('',(0.,0.,1.));
#4954 = DIRECTION('',(3.445092848398E-16,1.,-0.));
#4955 = ADVANCED_FACE('',(#4956),#4969,.T.);
#4956 = FACE_BOUND('',#4957,.T.);
#4957 = EDGE_LOOP('',(#4958,#4959,#4968));
#4958 = ORIENTED_EDGE('',*,*,#4312,.F.);
#4959 = ORIENTED_EDGE('',*,*,#4960,.F.);
#4960 = EDGE_CURVE('',#4961,#4313,#4963,.T.);
#4961 = VERTEX_POINT('',#4962);
#4962 = CARTESIAN_POINT('',(-3.6,2.,-1.E-02));
#4963 = CIRCLE('',#4964,0.21);
#4964 = AXIS2_PLACEMENT_3D('',#4965,#4966,#4967);
#4965 = CARTESIAN_POINT('',(-3.6,2.,0.2));
#4966 = DIRECTION('',(1.,-5.894386446692E-16,0.));
#4967 = DIRECTION('',(5.894386446692E-16,1.,0.));
#4968 = ORIENTED_EDGE('',*,*,#4960,.T.);
#4969 = SPHERICAL_SURFACE('',#4970,0.21);
#4970 = AXIS2_PLACEMENT_3D('',#4971,#4972,#4973);
#4971 = CARTESIAN_POINT('',(-3.6,2.,0.2));
#4972 = DIRECTION('',(0.,0.,1.));
#4973 = DIRECTION('',(3.445092848398E-16,1.,-0.));
#4974 = ADVANCED_FACE('',(#4975),#4988,.T.);
#4975 = FACE_BOUND('',#4976,.T.);
#4976 = EDGE_LOOP('',(#4977,#4978,#4987));
#4977 = ORIENTED_EDGE('',*,*,#4323,.F.);
#4978 = ORIENTED_EDGE('',*,*,#4979,.F.);
#4979 = EDGE_CURVE('',#4980,#4324,#4982,.T.);
#4980 = VERTEX_POINT('',#4981);
#4981 = CARTESIAN_POINT('',(-3.6,1.2,-1.E-02));
#4982 = CIRCLE('',#4983,0.21);
#4983 = AXIS2_PLACEMENT_3D('',#4984,#4985,#4986);
#4984 = CARTESIAN_POINT('',(-3.6,1.2,0.2));
#4985 = DIRECTION('',(1.,-5.894386446692E-16,0.));
#4986 = DIRECTION('',(5.894386446692E-16,1.,0.));
#4987 = ORIENTED_EDGE('',*,*,#4979,.T.);
#4988 = SPHERICAL_SURFACE('',#4989,0.21);
#4989 = AXIS2_PLACEMENT_3D('',#4990,#4991,#4992);
#4990 = CARTESIAN_POINT('',(-3.6,1.2,0.2));
#4991 = DIRECTION('',(0.,0.,1.));
#4992 = DIRECTION('',(3.445092848398E-16,1.,-0.));
#4993 = ADVANCED_FACE('',(#4994),#5007,.T.);
#4994 = FACE_BOUND('',#4995,.T.);
#4995 = EDGE_LOOP('',(#4996,#4997,#5006));
#4996 = ORIENTED_EDGE('',*,*,#4334,.F.);
#4997 = ORIENTED_EDGE('',*,*,#4998,.F.);
#4998 = EDGE_CURVE('',#4999,#4335,#5001,.T.);
#4999 = VERTEX_POINT('',#5000);
#5000 = CARTESIAN_POINT('',(-3.6,-0.4,-1.E-02));
#5001 = CIRCLE('',#5002,0.21);
#5002 = AXIS2_PLACEMENT_3D('',#5003,#5004,#5005);
#5003 = CARTESIAN_POINT('',(-3.6,-0.4,0.2));
#5004 = DIRECTION('',(1.,-5.894386446692E-16,0.));
#5005 = DIRECTION('',(5.894386446692E-16,1.,0.));
#5006 = ORIENTED_EDGE('',*,*,#4998,.T.);
#5007 = SPHERICAL_SURFACE('',#5008,0.21);
#5008 = AXIS2_PLACEMENT_3D('',#5009,#5010,#5011);
#5009 = CARTESIAN_POINT('',(-3.6,-0.4,0.2));
#5010 = DIRECTION('',(0.,0.,1.));
#5011 = DIRECTION('',(3.445092848398E-16,1.,-0.));
#5012 = ADVANCED_FACE('',(#5013),#5026,.T.);
#5013 = FACE_BOUND('',#5014,.T.);
#5014 = EDGE_LOOP('',(#5015,#5016,#5025));
#5015 = ORIENTED_EDGE('',*,*,#4345,.F.);
#5016 = ORIENTED_EDGE('',*,*,#5017,.F.);
#5017 = EDGE_CURVE('',#5018,#4346,#5020,.T.);
#5018 = VERTEX_POINT('',#5019);
#5019 = CARTESIAN_POINT('',(-3.6,0.4,-1.E-02));
#5020 = CIRCLE('',#5021,0.21);
#5021 = AXIS2_PLACEMENT_3D('',#5022,#5023,#5024);
#5022 = CARTESIAN_POINT('',(-3.6,0.4,0.2));
#5023 = DIRECTION('',(1.,-5.894386446692E-16,0.));
#5024 = DIRECTION('',(5.894386446692E-16,1.,0.));
#5025 = ORIENTED_EDGE('',*,*,#5017,.T.);
#5026 = SPHERICAL_SURFACE('',#5027,0.21);
#5027 = AXIS2_PLACEMENT_3D('',#5028,#5029,#5030);
#5028 = CARTESIAN_POINT('',(-3.6,0.4,0.2));
#5029 = DIRECTION('',(0.,0.,1.));
#5030 = DIRECTION('',(3.445092848398E-16,1.,-0.));
#5031 = ADVANCED_FACE('',(#5032),#5045,.T.);
#5032 = FACE_BOUND('',#5033,.T.);
#5033 = EDGE_LOOP('',(#5034,#5035,#5044));
#5034 = ORIENTED_EDGE('',*,*,#4356,.F.);
#5035 = ORIENTED_EDGE('',*,*,#5036,.F.);
#5036 = EDGE_CURVE('',#5037,#4357,#5039,.T.);
#5037 = VERTEX_POINT('',#5038);
#5038 = CARTESIAN_POINT('',(-3.6,2.8,-1.E-02));
#5039 = CIRCLE('',#5040,0.21);
#5040 = AXIS2_PLACEMENT_3D('',#5041,#5042,#5043);
#5041 = CARTESIAN_POINT('',(-3.6,2.8,0.2));
#5042 = DIRECTION('',(1.,-5.894386446692E-16,0.));
#5043 = DIRECTION('',(5.894386446692E-16,1.,0.));
#5044 = ORIENTED_EDGE('',*,*,#5036,.T.);
#5045 = SPHERICAL_SURFACE('',#5046,0.21);
#5046 = AXIS2_PLACEMENT_3D('',#5047,#5048,#5049);
#5047 = CARTESIAN_POINT('',(-3.6,2.8,0.2));
#5048 = DIRECTION('',(0.,0.,1.));
#5049 = DIRECTION('',(3.445092848398E-16,1.,-0.));
#5050 = ADVANCED_FACE('',(#5051),#5064,.T.);
#5051 = FACE_BOUND('',#5052,.T.);
#5052 = EDGE_LOOP('',(#5053,#5054,#5063));
#5053 = ORIENTED_EDGE('',*,*,#4367,.F.);
#5054 = ORIENTED_EDGE('',*,*,#5055,.F.);
#5055 = EDGE_CURVE('',#5056,#4368,#5058,.T.);
#5056 = VERTEX_POINT('',#5057);
#5057 = CARTESIAN_POINT('',(-3.6,-1.2,-1.E-02));
#5058 = CIRCLE('',#5059,0.21);
#5059 = AXIS2_PLACEMENT_3D('',#5060,#5061,#5062);
#5060 = CARTESIAN_POINT('',(-3.6,-1.2,0.2));
#5061 = DIRECTION('',(1.,-5.894386446692E-16,0.));
#5062 = DIRECTION('',(5.894386446692E-16,1.,0.));
#5063 = ORIENTED_EDGE('',*,*,#5055,.T.);
#5064 = SPHERICAL_SURFACE('',#5065,0.21);
#5065 = AXIS2_PLACEMENT_3D('',#5066,#5067,#5068);
#5066 = CARTESIAN_POINT('',(-3.6,-1.2,0.2));
#5067 = DIRECTION('',(0.,0.,1.));
#5068 = DIRECTION('',(3.445092848398E-16,1.,-0.));
#5069 = ADVANCED_FACE('',(#5070),#5083,.T.);
#5070 = FACE_BOUND('',#5071,.T.);
#5071 = EDGE_LOOP('',(#5072,#5073,#5082));
#5072 = ORIENTED_EDGE('',*,*,#4378,.F.);
#5073 = ORIENTED_EDGE('',*,*,#5074,.F.);
#5074 = EDGE_CURVE('',#5075,#4379,#5077,.T.);
#5075 = VERTEX_POINT('',#5076);
#5076 = CARTESIAN_POINT('',(-3.6,-2.8,-1.E-02));
#5077 = CIRCLE('',#5078,0.21);
#5078 = AXIS2_PLACEMENT_3D('',#5079,#5080,#5081);
#5079 = CARTESIAN_POINT('',(-3.6,-2.8,0.2));
#5080 = DIRECTION('',(1.,-5.894386446692E-16,0.));
#5081 = DIRECTION('',(5.894386446692E-16,1.,0.));
#5082 = ORIENTED_EDGE('',*,*,#5074,.T.);
#5083 = SPHERICAL_SURFACE('',#5084,0.21);
#5084 = AXIS2_PLACEMENT_3D('',#5085,#5086,#5087);
#5085 = CARTESIAN_POINT('',(-3.6,-2.8,0.2));
#5086 = DIRECTION('',(0.,0.,1.));
#5087 = DIRECTION('',(3.445092848398E-16,1.,-0.));
#5088 = ADVANCED_FACE('',(#5089),#5102,.T.);
#5089 = FACE_BOUND('',#5090,.T.);
#5090 = EDGE_LOOP('',(#5091,#5092,#5101));
#5091 = ORIENTED_EDGE('',*,*,#4389,.F.);
#5092 = ORIENTED_EDGE('',*,*,#5093,.F.);
#5093 = EDGE_CURVE('',#5094,#4390,#5096,.T.);
#5094 = VERTEX_POINT('',#5095);
#5095 = CARTESIAN_POINT('',(-3.6,-2.,-1.E-02));
#5096 = CIRCLE('',#5097,0.21);
#5097 = AXIS2_PLACEMENT_3D('',#5098,#5099,#5100);
#5098 = CARTESIAN_POINT('',(-3.6,-2.,0.2));
#5099 = DIRECTION('',(1.,-5.894386446692E-16,0.));
#5100 = DIRECTION('',(5.894386446692E-16,1.,0.));
#5101 = ORIENTED_EDGE('',*,*,#5093,.T.);
#5102 = SPHERICAL_SURFACE('',#5103,0.21);
#5103 = AXIS2_PLACEMENT_3D('',#5104,#5105,#5106);
#5104 = CARTESIAN_POINT('',(-3.6,-2.,0.2));
#5105 = DIRECTION('',(0.,0.,1.));
#5106 = DIRECTION('',(3.445092848398E-16,1.,-0.));
#5107 = ADVANCED_FACE('',(#5108),#5121,.T.);
#5108 = FACE_BOUND('',#5109,.T.);
#5109 = EDGE_LOOP('',(#5110,#5111,#5120));
#5110 = ORIENTED_EDGE('',*,*,#4400,.F.);
#5111 = ORIENTED_EDGE('',*,*,#5112,.F.);
#5112 = EDGE_CURVE('',#5113,#4401,#5115,.T.);
#5113 = VERTEX_POINT('',#5114);
#5114 = CARTESIAN_POINT('',(-3.6,3.6,-1.E-02));
#5115 = CIRCLE('',#5116,0.21);
#5116 = AXIS2_PLACEMENT_3D('',#5117,#5118,#5119);
#5117 = CARTESIAN_POINT('',(-3.6,3.6,0.2));
#5118 = DIRECTION('',(1.,-5.894386446692E-16,0.));
#5119 = DIRECTION('',(5.894386446692E-16,1.,0.));
#5120 = ORIENTED_EDGE('',*,*,#5112,.T.);
#5121 = SPHERICAL_SURFACE('',#5122,0.21);
#5122 = AXIS2_PLACEMENT_3D('',#5123,#5124,#5125);
#5123 = CARTESIAN_POINT('',(-3.6,3.6,0.2));
#5124 = DIRECTION('',(0.,0.,1.));
#5125 = DIRECTION('',(3.445092848398E-16,1.,-0.));
#5126 = ADVANCED_FACE('',(#5127),#5140,.T.);
#5127 = FACE_BOUND('',#5128,.T.);
#5128 = EDGE_LOOP('',(#5129,#5130,#5139));
#5129 = ORIENTED_EDGE('',*,*,#4411,.F.);
#5130 = ORIENTED_EDGE('',*,*,#5131,.F.);
#5131 = EDGE_CURVE('',#5132,#4412,#5134,.T.);
#5132 = VERTEX_POINT('',#5133);
#5133 = CARTESIAN_POINT('',(-3.6,-3.6,-1.E-02));
#5134 = CIRCLE('',#5135,0.21);
#5135 = AXIS2_PLACEMENT_3D('',#5136,#5137,#5138);
#5136 = CARTESIAN_POINT('',(-3.6,-3.6,0.2));
#5137 = DIRECTION('',(1.,-5.894386446692E-16,0.));
#5138 = DIRECTION('',(5.894386446692E-16,1.,0.));
#5139 = ORIENTED_EDGE('',*,*,#5131,.T.);
#5140 = SPHERICAL_SURFACE('',#5141,0.21);
#5141 = AXIS2_PLACEMENT_3D('',#5142,#5143,#5144);
#5142 = CARTESIAN_POINT('',(-3.6,-3.6,0.2));
#5143 = DIRECTION('',(0.,0.,1.));
#5144 = DIRECTION('',(3.445092848398E-16,1.,-0.));
#5145 = ADVANCED_FACE('',(#5146),#5149,.T.);
#5146 = FACE_BOUND('',#5147,.T.);
#5147 = EDGE_LOOP('',(#5148));
#5148 = ORIENTED_EDGE('',*,*,#4448,.T.);
#5149 = PLANE('',#5150);
#5150 = AXIS2_PLACEMENT_3D('',#5151,#5152,#5153);
#5151 = CARTESIAN_POINT('',(-3.69,3.69,1.09));
#5152 = DIRECTION('',(0.,0.,1.));
#5153 = DIRECTION('',(-2.22044604925E-16,-1.,0.));
#5154 = ( GEOMETRIC_REPRESENTATION_CONTEXT(3) 
GLOBAL_UNCERTAINTY_ASSIGNED_CONTEXT((#5158)) 
GLOBAL_UNIT_ASSIGNED_CONTEXT((#5155,#5156,#5157)) REPRESENTATION_CONTEXT
('Context #1','3D Context with UNIT and UNCERTAINTY') );
#5155 = ( LENGTH_UNIT() NAMED_UNIT(*) SI_UNIT(.MILLI.,.METRE.) );
#5156 = ( NAMED_UNIT(*) PLANE_ANGLE_UNIT() SI_UNIT($,.RADIAN.) );
#5157 = ( NAMED_UNIT(*) SI_UNIT($,.STERADIAN.) SOLID_ANGLE_UNIT() );
#5158 = UNCERTAINTY_MEASURE_WITH_UNIT(LENGTH_MEASURE(1.E-07),#5155,
  'distance_accuracy_value','confusion accuracy');
#5159 = CONTEXT_DEPENDENT_SHAPE_REPRESENTATION(#5160,#5162);
#5160 = ( REPRESENTATION_RELATIONSHIP('','',#3878,#10) 
REPRESENTATION_RELATIONSHIP_WITH_TRANSFORMATION(#5161) 
SHAPE_REPRESENTATION_RELATIONSHIP() );
#5161 = ITEM_DEFINED_TRANSFORMATION('','',#11,#119);
#5162 = PRODUCT_DEFINITION_SHAPE('Placement','Placement of an item',
  #5163);
#5163 = NEXT_ASSEMBLY_USAGE_OCCURRENCE('27','U6','',#5,#3873,$);
#5164 = PRODUCT_RELATED_PRODUCT_CATEGORY('part',$,(#3875));
#5165 = CONTEXT_DEPENDENT_SHAPE_REPRESENTATION(#5166,#5168);
#5166 = ( REPRESENTATION_RELATIONSHIP('','',#2970,#10) 
REPRESENTATION_RELATIONSHIP_WITH_TRANSFORMATION(#5167) 
SHAPE_REPRESENTATION_RELATIONSHIP() );
#5167 = ITEM_DEFINED_TRANSFORMATION('','',#11,#123);
#5168 = PRODUCT_DEFINITION_SHAPE('Placement','Placement of an item',
  #5169);
#5169 = NEXT_ASSEMBLY_USAGE_OCCURRENCE('28','C5','',#5,#2965,$);
#5170 = CONTEXT_DEPENDENT_SHAPE_REPRESENTATION(#5171,#5173);
#5171 = ( REPRESENTATION_RELATIONSHIP('','',#340,#10) 
REPRESENTATION_RELATIONSHIP_WITH_TRANSFORMATION(#5172) 
SHAPE_REPRESENTATION_RELATIONSHIP() );
#5172 = ITEM_DEFINED_TRANSFORMATION('','',#11,#127);
#5173 = PRODUCT_DEFINITION_SHAPE('Placement','Placement of an item',
  #5174);
#5174 = NEXT_ASSEMBLY_USAGE_OCCURRENCE('29','R5','',#5,#335,$);
#5175 = CONTEXT_DEPENDENT_SHAPE_REPRESENTATION(#5176,#5178);
#5176 = ( REPRESENTATION_RELATIONSHIP('','',#340,#10) 
REPRESENTATION_RELATIONSHIP_WITH_TRANSFORMATION(#5177) 
SHAPE_REPRESENTATION_RELATIONSHIP() );
#5177 = ITEM_DEFINED_TRANSFORMATION('','',#11,#131);
#5178 = PRODUCT_DEFINITION_SHAPE('Placement','Placement of an item',
  #5179);
#5179 = NEXT_ASSEMBLY_USAGE_OCCURRENCE('30','R18','',#5,#335,$);
#5180 = CONTEXT_DEPENDENT_SHAPE_REPRESENTATION(#5181,#5183);
#5181 = ( REPRESENTATION_RELATIONSHIP('','',#1149,#10) 
REPRESENTATION_RELATIONSHIP_WITH_TRANSFORMATION(#5182) 
SHAPE_REPRESENTATION_RELATIONSHIP() );
#5182 = ITEM_DEFINED_TRANSFORMATION('','',#11,#135);
#5183 = PRODUCT_DEFINITION_SHAPE('Placement','Placement of an item',
  #5184);
#5184 = NEXT_ASSEMBLY_USAGE_OCCURRENCE('31','C6','',#5,#1144,$);
#5185 = CONTEXT_DEPENDENT_SHAPE_REPRESENTATION(#5186,#5188);
#5186 = ( REPRESENTATION_RELATIONSHIP('','',#340,#10) 
REPRESENTATION_RELATIONSHIP_WITH_TRANSFORMATION(#5187) 
SHAPE_REPRESENTATION_RELATIONSHIP() );
#5187 = ITEM_DEFINED_TRANSFORMATION('','',#11,#139);
#5188 = PRODUCT_DEFINITION_SHAPE('Placement','Placement of an item',
  #5189);
#5189 = NEXT_ASSEMBLY_USAGE_OCCURRENCE('32','R20','',#5,#335,$);
#5190 = CONTEXT_DEPENDENT_SHAPE_REPRESENTATION(#5191,#5193);
#5191 = ( REPRESENTATION_RELATIONSHIP('','',#340,#10) 
REPRESENTATION_RELATIONSHIP_WITH_TRANSFORMATION(#5192) 
SHAPE_REPRESENTATION_RELATIONSHIP() );
#5192 = ITEM_DEFINED_TRANSFORMATION('','',#11,#143);
#5193 = PRODUCT_DEFINITION_SHAPE('Placement','Placement of an item',
  #5194);
#5194 = NEXT_ASSEMBLY_USAGE_OCCURRENCE('33','R8','',#5,#335,$);
#5195 = CONTEXT_DEPENDENT_SHAPE_REPRESENTATION(#5196,#5198);
#5196 = ( REPRESENTATION_RELATIONSHIP('','',#340,#10) 
REPRESENTATION_RELATIONSHIP_WITH_TRANSFORMATION(#5197) 
SHAPE_REPRESENTATION_RELATIONSHIP() );
#5197 = ITEM_DEFINED_TRANSFORMATION('','',#11,#147);
#5198 = PRODUCT_DEFINITION_SHAPE('Placement','Placement of an item',
  #5199);
#5199 = NEXT_ASSEMBLY_USAGE_OCCURRENCE('34','R36','',#5,#335,$);
#5200 = CONTEXT_DEPENDENT_SHAPE_REPRESENTATION(#5201,#5203);
#5201 = ( REPRESENTATION_RELATIONSHIP('','',#340,#10) 
REPRESENTATION_RELATIONSHIP_WITH_TRANSFORMATION(#5202) 
SHAPE_REPRESENTATION_RELATIONSHIP() );
#5202 = ITEM_DEFINED_TRANSFORMATION('','',#11,#151);
#5203 = PRODUCT_DEFINITION_SHAPE('Placement','Placement of an item',
  #5204);
#5204 = NEXT_ASSEMBLY_USAGE_OCCURRENCE('35','R7','',#5,#335,$);
#5205 = CONTEXT_DEPENDENT_SHAPE_REPRESENTATION(#5206,#5208);
#5206 = ( REPRESENTATION_RELATIONSHIP('','',#1149,#10) 
REPRESENTATION_RELATIONSHIP_WITH_TRANSFORMATION(#5207) 
SHAPE_REPRESENTATION_RELATIONSHIP() );
#5207 = ITEM_DEFINED_TRANSFORMATION('','',#11,#155);
#5208 = PRODUCT_DEFINITION_SHAPE('Placement','Placement of an item',
  #5209);
#5209 = NEXT_ASSEMBLY_USAGE_OCCURRENCE('36','C55','',#5,#1144,$);
#5210 = CONTEXT_DEPENDENT_SHAPE_REPRESENTATION(#5211,#5213);
#5211 = ( REPRESENTATION_RELATIONSHIP('','',#2057,#10) 
REPRESENTATION_RELATIONSHIP_WITH_TRANSFORMATION(#5212) 
SHAPE_REPRESENTATION_RELATIONSHIP() );
#5212 = ITEM_DEFINED_TRANSFORMATION('','',#11,#159);
#5213 = PRODUCT_DEFINITION_SHAPE('Placement','Placement of an item',
  #5214);
#5214 = NEXT_ASSEMBLY_USAGE_OCCURRENCE('37','C1','',#5,#2052,$);
#5215 = CONTEXT_DEPENDENT_SHAPE_REPRESENTATION(#5216,#5218);
#5216 = ( REPRESENTATION_RELATIONSHIP('','',#340,#10) 
REPRESENTATION_RELATIONSHIP_WITH_TRANSFORMATION(#5217) 
SHAPE_REPRESENTATION_RELATIONSHIP() );
#5217 = ITEM_DEFINED_TRANSFORMATION('','',#11,#163);
#5218 = PRODUCT_DEFINITION_SHAPE('Placement','Placement of an item',
  #5219);
#5219 = NEXT_ASSEMBLY_USAGE_OCCURRENCE('38','R11','',#5,#335,$);
#5220 = CONTEXT_DEPENDENT_SHAPE_REPRESENTATION(#5221,#5223);
#5221 = ( REPRESENTATION_RELATIONSHIP('','',#1149,#10) 
REPRESENTATION_RELATIONSHIP_WITH_TRANSFORMATION(#5222) 
SHAPE_REPRESENTATION_RELATIONSHIP() );
#5222 = ITEM_DEFINED_TRANSFORMATION('','',#11,#167);
#5223 = PRODUCT_DEFINITION_SHAPE('Placement','Placement of an item',
  #5224);
#5224 = NEXT_ASSEMBLY_USAGE_OCCURRENCE('39','C50','',#5,#1144,$);
#5225 = CONTEXT_DEPENDENT_SHAPE_REPRESENTATION(#5226,#5228);
#5226 = ( REPRESENTATION_RELATIONSHIP('','',#1149,#10) 
REPRESENTATION_RELATIONSHIP_WITH_TRANSFORMATION(#5227) 
SHAPE_REPRESENTATION_RELATIONSHIP() );
#5227 = ITEM_DEFINED_TRANSFORMATION('','',#11,#171);
#5228 = PRODUCT_DEFINITION_SHAPE('Placement','Placement of an item',
  #5229);
#5229 = NEXT_ASSEMBLY_USAGE_OCCURRENCE('40','C48','',#5,#1144,$);
#5230 = CONTEXT_DEPENDENT_SHAPE_REPRESENTATION(#5231,#5233);
#5231 = ( REPRESENTATION_RELATIONSHIP('','',#1149,#10) 
REPRESENTATION_RELATIONSHIP_WITH_TRANSFORMATION(#5232) 
SHAPE_REPRESENTATION_RELATIONSHIP() );
#5232 = ITEM_DEFINED_TRANSFORMATION('','',#11,#175);
#5233 = PRODUCT_DEFINITION_SHAPE('Placement','Placement of an item',
  #5234);
#5234 = NEXT_ASSEMBLY_USAGE_OCCURRENCE('41','C54','',#5,#1144,$);
#5235 = CONTEXT_DEPENDENT_SHAPE_REPRESENTATION(#5236,#5238);
#5236 = ( REPRESENTATION_RELATIONSHIP('','',#1149,#10) 
REPRESENTATION_RELATIONSHIP_WITH_TRANSFORMATION(#5237) 
SHAPE_REPRESENTATION_RELATIONSHIP() );
#5237 = ITEM_DEFINED_TRANSFORMATION('','',#11,#179);
#5238 = PRODUCT_DEFINITION_SHAPE('Placement','Placement of an item',
  #5239);
#5239 = NEXT_ASSEMBLY_USAGE_OCCURRENCE('42','C36','',#5,#1144,$);
#5240 = CONTEXT_DEPENDENT_SHAPE_REPRESENTATION(#5241,#5243);
#5241 = ( REPRESENTATION_RELATIONSHIP('','',#1149,#10) 
REPRESENTATION_RELATIONSHIP_WITH_TRANSFORMATION(#5242) 
SHAPE_REPRESENTATION_RELATIONSHIP() );
#5242 = ITEM_DEFINED_TRANSFORMATION('','',#11,#183);
#5243 = PRODUCT_DEFINITION_SHAPE('Placement','Placement of an item',
  #5244);
#5244 = NEXT_ASSEMBLY_USAGE_OCCURRENCE('43','C59','',#5,#1144,$);
#5245 = CONTEXT_DEPENDENT_SHAPE_REPRESENTATION(#5246,#5248);
#5246 = ( REPRESENTATION_RELATIONSHIP('','',#1149,#10) 
REPRESENTATION_RELATIONSHIP_WITH_TRANSFORMATION(#5247) 
SHAPE_REPRESENTATION_RELATIONSHIP() );
#5247 = ITEM_DEFINED_TRANSFORMATION('','',#11,#187);
#5248 = PRODUCT_DEFINITION_SHAPE('Placement','Placement of an item',
  #5249);
#5249 = NEXT_ASSEMBLY_USAGE_OCCURRENCE('44','C51','',#5,#1144,$);
#5250 = SHAPE_DEFINITION_REPRESENTATION(#5251,#5257);
#5251 = PRODUCT_DEFINITION_SHAPE('','',#5252);
#5252 = PRODUCT_DEFINITION('design','',#5253,#5256);
#5253 = PRODUCT_DEFINITION_FORMATION('','',#5254);
#5254 = PRODUCT('R_0805_2012Metric','R_0805_2012Metric','',(#5255));
#5255 = PRODUCT_CONTEXT('',#2,'mechanical');
#5256 = PRODUCT_DEFINITION_CONTEXT('part definition',#2,'design');
#5257 = ADVANCED_BREP_SHAPE_REPRESENTATION('',(#11,#5258),#6048);
#5258 = MANIFOLD_SOLID_BREP('',#5259);
#5259 = CLOSED_SHELL('',(#5260,#5300,#5383,#5408,#5433,#5500,#5517,#5534
    ,#5583,#5600,#5617,#5666,#5683,#5752,#5783,#5807,#5876,#5900,#5917,
    #5934,#5951,#5968,#5985,#6002,#6019,#6036));
#5260 = ADVANCED_FACE('',(#5261),#5295,.F.);
#5261 = FACE_BOUND('',#5262,.F.);
#5262 = EDGE_LOOP('',(#5263,#5273,#5281,#5289));
#5263 = ORIENTED_EDGE('',*,*,#5264,.F.);
#5264 = EDGE_CURVE('',#5265,#5267,#5269,.T.);
#5265 = VERTEX_POINT('',#5266);
#5266 = CARTESIAN_POINT('',(-1.,-0.6,4.5E-02));
#5267 = VERTEX_POINT('',#5268);
#5268 = CARTESIAN_POINT('',(-1.,-0.6,0.405));
#5269 = LINE('',#5270,#5271);
#5270 = CARTESIAN_POINT('',(-1.,-0.6,0.));
#5271 = VECTOR('',#5272,1.);
#5272 = DIRECTION('',(0.,0.,1.));
#5273 = ORIENTED_EDGE('',*,*,#5274,.T.);
#5274 = EDGE_CURVE('',#5265,#5275,#5277,.T.);
#5275 = VERTEX_POINT('',#5276);
#5276 = CARTESIAN_POINT('',(-1.,0.6,4.5E-02));
#5277 = LINE('',#5278,#5279);
#5278 = CARTESIAN_POINT('',(-1.,-0.6,4.5E-02));
#5279 = VECTOR('',#5280,1.);
#5280 = DIRECTION('',(0.,1.,0.));
#5281 = ORIENTED_EDGE('',*,*,#5282,.T.);
#5282 = EDGE_CURVE('',#5275,#5283,#5285,.T.);
#5283 = VERTEX_POINT('',#5284);
#5284 = CARTESIAN_POINT('',(-1.,0.6,0.405));
#5285 = LINE('',#5286,#5287);
#5286 = CARTESIAN_POINT('',(-1.,0.6,0.));
#5287 = VECTOR('',#5288,1.);
#5288 = DIRECTION('',(0.,0.,1.));
#5289 = ORIENTED_EDGE('',*,*,#5290,.F.);
#5290 = EDGE_CURVE('',#5267,#5283,#5291,.T.);
#5291 = LINE('',#5292,#5293);
#5292 = CARTESIAN_POINT('',(-1.,-0.6,0.405));
#5293 = VECTOR('',#5294,1.);
#5294 = DIRECTION('',(0.,1.,0.));
#5295 = PLANE('',#5296);
#5296 = AXIS2_PLACEMENT_3D('',#5297,#5298,#5299);
#5297 = CARTESIAN_POINT('',(-1.,-0.6,0.));
#5298 = DIRECTION('',(1.,0.,0.));
#5299 = DIRECTION('',(0.,0.,1.));
#5300 = ADVANCED_FACE('',(#5301),#5378,.F.);
#5301 = FACE_BOUND('',#5302,.F.);
#5302 = EDGE_LOOP('',(#5303,#5313,#5320,#5321,#5330,#5338,#5347,#5355,
    #5363,#5371));
#5303 = ORIENTED_EDGE('',*,*,#5304,.F.);
#5304 = EDGE_CURVE('',#5305,#5307,#5309,.T.);
#5305 = VERTEX_POINT('',#5306);
#5306 = CARTESIAN_POINT('',(-0.955,-0.6,-2.775557561563E-17));
#5307 = VERTEX_POINT('',#5308);
#5308 = CARTESIAN_POINT('',(-0.745,-0.6,-2.775557561563E-17));
#5309 = LINE('',#5310,#5311);
#5310 = CARTESIAN_POINT('',(-1.,-0.6,0.));
#5311 = VECTOR('',#5312,1.);
#5312 = DIRECTION('',(1.,0.,0.));
#5313 = ORIENTED_EDGE('',*,*,#5314,.F.);
#5314 = EDGE_CURVE('',#5265,#5305,#5315,.T.);
#5315 = CIRCLE('',#5316,4.5E-02);
#5316 = AXIS2_PLACEMENT_3D('',#5317,#5318,#5319);
#5317 = CARTESIAN_POINT('',(-0.955,-0.6,4.5E-02));
#5318 = DIRECTION('',(0.,-1.,0.));
#5319 = DIRECTION('',(0.,0.,1.));
#5320 = ORIENTED_EDGE('',*,*,#5264,.T.);
#5321 = ORIENTED_EDGE('',*,*,#5322,.T.);
#5322 = EDGE_CURVE('',#5267,#5323,#5325,.T.);
#5323 = VERTEX_POINT('',#5324);
#5324 = CARTESIAN_POINT('',(-0.955,-0.6,0.45));
#5325 = CIRCLE('',#5326,4.5E-02);
#5326 = AXIS2_PLACEMENT_3D('',#5327,#5328,#5329);
#5327 = CARTESIAN_POINT('',(-0.955,-0.6,0.405));
#5328 = DIRECTION('',(0.,1.,0.));
#5329 = DIRECTION('',(0.,-0.,1.));
#5330 = ORIENTED_EDGE('',*,*,#5331,.T.);
#5331 = EDGE_CURVE('',#5323,#5332,#5334,.T.);
#5332 = VERTEX_POINT('',#5333);
#5333 = CARTESIAN_POINT('',(-0.745,-0.6,0.45));
#5334 = LINE('',#5335,#5336);
#5335 = CARTESIAN_POINT('',(-1.,-0.6,0.45));
#5336 = VECTOR('',#5337,1.);
#5337 = DIRECTION('',(1.,0.,0.));
#5338 = ORIENTED_EDGE('',*,*,#5339,.F.);
#5339 = EDGE_CURVE('',#5340,#5332,#5342,.T.);
#5340 = VERTEX_POINT('',#5341);
#5341 = CARTESIAN_POINT('',(-0.7,-0.6,0.405));
#5342 = CIRCLE('',#5343,4.5E-02);
#5343 = AXIS2_PLACEMENT_3D('',#5344,#5345,#5346);
#5344 = CARTESIAN_POINT('',(-0.745,-0.6,0.405));
#5345 = DIRECTION('',(0.,-1.,0.));
#5346 = DIRECTION('',(0.,0.,1.));
#5347 = ORIENTED_EDGE('',*,*,#5348,.F.);
#5348 = EDGE_CURVE('',#5349,#5340,#5351,.T.);
#5349 = VERTEX_POINT('',#5350);
#5350 = CARTESIAN_POINT('',(-0.955,-0.6,0.405));
#5351 = LINE('',#5352,#5353);
#5352 = CARTESIAN_POINT('',(-0.955,-0.6,0.405));
#5353 = VECTOR('',#5354,1.);
#5354 = DIRECTION('',(1.,0.,0.));
#5355 = ORIENTED_EDGE('',*,*,#5356,.F.);
#5356 = EDGE_CURVE('',#5357,#5349,#5359,.T.);
#5357 = VERTEX_POINT('',#5358);
#5358 = CARTESIAN_POINT('',(-0.955,-0.6,4.5E-02));
#5359 = LINE('',#5360,#5361);
#5360 = CARTESIAN_POINT('',(-0.955,-0.6,4.5E-02));
#5361 = VECTOR('',#5362,1.);
#5362 = DIRECTION('',(0.,0.,1.));
#5363 = ORIENTED_EDGE('',*,*,#5364,.T.);
#5364 = EDGE_CURVE('',#5357,#5365,#5367,.T.);
#5365 = VERTEX_POINT('',#5366);
#5366 = CARTESIAN_POINT('',(-0.7,-0.6,4.5E-02));
#5367 = LINE('',#5368,#5369);
#5368 = CARTESIAN_POINT('',(-0.955,-0.6,4.5E-02));
#5369 = VECTOR('',#5370,1.);
#5370 = DIRECTION('',(1.,0.,0.));
#5371 = ORIENTED_EDGE('',*,*,#5372,.T.);
#5372 = EDGE_CURVE('',#5365,#5307,#5373,.T.);
#5373 = CIRCLE('',#5374,4.5E-02);
#5374 = AXIS2_PLACEMENT_3D('',#5375,#5376,#5377);
#5375 = CARTESIAN_POINT('',(-0.745,-0.6,4.5E-02));
#5376 = DIRECTION('',(0.,1.,0.));
#5377 = DIRECTION('',(0.,-0.,1.));
#5378 = PLANE('',#5379);
#5379 = AXIS2_PLACEMENT_3D('',#5380,#5381,#5382);
#5380 = CARTESIAN_POINT('',(-1.,-0.6,0.));
#5381 = DIRECTION('',(0.,1.,0.));
#5382 = DIRECTION('',(0.,-0.,1.));
#5383 = ADVANCED_FACE('',(#5384),#5403,.T.);
#5384 = FACE_BOUND('',#5385,.T.);
#5385 = EDGE_LOOP('',(#5386,#5387,#5396,#5402));
#5386 = ORIENTED_EDGE('',*,*,#5274,.T.);
#5387 = ORIENTED_EDGE('',*,*,#5388,.T.);
#5388 = EDGE_CURVE('',#5275,#5389,#5391,.T.);
#5389 = VERTEX_POINT('',#5390);
#5390 = CARTESIAN_POINT('',(-0.955,0.6,-2.775557561563E-17));
#5391 = CIRCLE('',#5392,4.5E-02);
#5392 = AXIS2_PLACEMENT_3D('',#5393,#5394,#5395);
#5393 = CARTESIAN_POINT('',(-0.955,0.6,4.5E-02));
#5394 = DIRECTION('',(0.,-1.,0.));
#5395 = DIRECTION('',(0.,0.,1.));
#5396 = ORIENTED_EDGE('',*,*,#5397,.F.);
#5397 = EDGE_CURVE('',#5305,#5389,#5398,.T.);
#5398 = LINE('',#5399,#5400);
#5399 = CARTESIAN_POINT('',(-0.955,-0.6,-2.775557561563E-17));
#5400 = VECTOR('',#5401,1.);
#5401 = DIRECTION('',(0.,1.,0.));
#5402 = ORIENTED_EDGE('',*,*,#5314,.F.);
#5403 = CYLINDRICAL_SURFACE('',#5404,4.5E-02);
#5404 = AXIS2_PLACEMENT_3D('',#5405,#5406,#5407);
#5405 = CARTESIAN_POINT('',(-0.955,-0.6,4.5E-02));
#5406 = DIRECTION('',(0.,1.,0.));
#5407 = DIRECTION('',(-1.,0.,0.));
#5408 = ADVANCED_FACE('',(#5409),#5428,.T.);
#5409 = FACE_BOUND('',#5410,.T.);
#5410 = EDGE_LOOP('',(#5411,#5412,#5420,#5427));
#5411 = ORIENTED_EDGE('',*,*,#5322,.T.);
#5412 = ORIENTED_EDGE('',*,*,#5413,.T.);
#5413 = EDGE_CURVE('',#5323,#5414,#5416,.T.);
#5414 = VERTEX_POINT('',#5415);
#5415 = CARTESIAN_POINT('',(-0.955,0.6,0.45));
#5416 = LINE('',#5417,#5418);
#5417 = CARTESIAN_POINT('',(-0.955,-0.6,0.45));
#5418 = VECTOR('',#5419,1.);
#5419 = DIRECTION('',(0.,1.,0.));
#5420 = ORIENTED_EDGE('',*,*,#5421,.F.);
#5421 = EDGE_CURVE('',#5283,#5414,#5422,.T.);
#5422 = CIRCLE('',#5423,4.5E-02);
#5423 = AXIS2_PLACEMENT_3D('',#5424,#5425,#5426);
#5424 = CARTESIAN_POINT('',(-0.955,0.6,0.405));
#5425 = DIRECTION('',(0.,1.,0.));
#5426 = DIRECTION('',(0.,-0.,1.));
#5427 = ORIENTED_EDGE('',*,*,#5290,.F.);
#5428 = CYLINDRICAL_SURFACE('',#5429,4.5E-02);
#5429 = AXIS2_PLACEMENT_3D('',#5430,#5431,#5432);
#5430 = CARTESIAN_POINT('',(-0.955,-0.6,0.405));
#5431 = DIRECTION('',(0.,1.,0.));
#5432 = DIRECTION('',(-1.,0.,0.));
#5433 = ADVANCED_FACE('',(#5434),#5495,.T.);
#5434 = FACE_BOUND('',#5435,.T.);
#5435 = EDGE_LOOP('',(#5436,#5444,#5445,#5446,#5447,#5455,#5464,#5472,
    #5480,#5488));
#5436 = ORIENTED_EDGE('',*,*,#5437,.F.);
#5437 = EDGE_CURVE('',#5389,#5438,#5440,.T.);
#5438 = VERTEX_POINT('',#5439);
#5439 = CARTESIAN_POINT('',(-0.745,0.6,-2.775557561563E-17));
#5440 = LINE('',#5441,#5442);
#5441 = CARTESIAN_POINT('',(-1.,0.6,0.));
#5442 = VECTOR('',#5443,1.);
#5443 = DIRECTION('',(1.,0.,0.));
#5444 = ORIENTED_EDGE('',*,*,#5388,.F.);
#5445 = ORIENTED_EDGE('',*,*,#5282,.T.);
#5446 = ORIENTED_EDGE('',*,*,#5421,.T.);
#5447 = ORIENTED_EDGE('',*,*,#5448,.T.);
#5448 = EDGE_CURVE('',#5414,#5449,#5451,.T.);
#5449 = VERTEX_POINT('',#5450);
#5450 = CARTESIAN_POINT('',(-0.745,0.6,0.45));
#5451 = LINE('',#5452,#5453);
#5452 = CARTESIAN_POINT('',(-1.,0.6,0.45));
#5453 = VECTOR('',#5454,1.);
#5454 = DIRECTION('',(1.,0.,0.));
#5455 = ORIENTED_EDGE('',*,*,#5456,.F.);
#5456 = EDGE_CURVE('',#5457,#5449,#5459,.T.);
#5457 = VERTEX_POINT('',#5458);
#5458 = CARTESIAN_POINT('',(-0.7,0.6,0.405));
#5459 = CIRCLE('',#5460,4.5E-02);
#5460 = AXIS2_PLACEMENT_3D('',#5461,#5462,#5463);
#5461 = CARTESIAN_POINT('',(-0.745,0.6,0.405));
#5462 = DIRECTION('',(0.,-1.,0.));
#5463 = DIRECTION('',(0.,0.,1.));
#5464 = ORIENTED_EDGE('',*,*,#5465,.F.);
#5465 = EDGE_CURVE('',#5466,#5457,#5468,.T.);
#5466 = VERTEX_POINT('',#5467);
#5467 = CARTESIAN_POINT('',(-0.955,0.6,0.405));
#5468 = LINE('',#5469,#5470);
#5469 = CARTESIAN_POINT('',(-0.955,0.6,0.405));
#5470 = VECTOR('',#5471,1.);
#5471 = DIRECTION('',(1.,0.,0.));
#5472 = ORIENTED_EDGE('',*,*,#5473,.F.);
#5473 = EDGE_CURVE('',#5474,#5466,#5476,.T.);
#5474 = VERTEX_POINT('',#5475);
#5475 = CARTESIAN_POINT('',(-0.955,0.6,4.5E-02));
#5476 = LINE('',#5477,#5478);
#5477 = CARTESIAN_POINT('',(-0.955,0.6,4.5E-02));
#5478 = VECTOR('',#5479,1.);
#5479 = DIRECTION('',(0.,0.,1.));
#5480 = ORIENTED_EDGE('',*,*,#5481,.T.);
#5481 = EDGE_CURVE('',#5474,#5482,#5484,.T.);
#5482 = VERTEX_POINT('',#5483);
#5483 = CARTESIAN_POINT('',(-0.7,0.6,4.5E-02));
#5484 = LINE('',#5485,#5486);
#5485 = CARTESIAN_POINT('',(-0.955,0.6,4.5E-02));
#5486 = VECTOR('',#5487,1.);
#5487 = DIRECTION('',(1.,0.,0.));
#5488 = ORIENTED_EDGE('',*,*,#5489,.T.);
#5489 = EDGE_CURVE('',#5482,#5438,#5490,.T.);
#5490 = CIRCLE('',#5491,4.5E-02);
#5491 = AXIS2_PLACEMENT_3D('',#5492,#5493,#5494);
#5492 = CARTESIAN_POINT('',(-0.745,0.6,4.5E-02));
#5493 = DIRECTION('',(0.,1.,0.));
#5494 = DIRECTION('',(0.,-0.,1.));
#5495 = PLANE('',#5496);
#5496 = AXIS2_PLACEMENT_3D('',#5497,#5498,#5499);
#5497 = CARTESIAN_POINT('',(-1.,0.6,0.));
#5498 = DIRECTION('',(0.,1.,0.));
#5499 = DIRECTION('',(0.,-0.,1.));
#5500 = ADVANCED_FACE('',(#5501),#5512,.F.);
#5501 = FACE_BOUND('',#5502,.F.);
#5502 = EDGE_LOOP('',(#5503,#5504,#5505,#5506));
#5503 = ORIENTED_EDGE('',*,*,#5437,.F.);
#5504 = ORIENTED_EDGE('',*,*,#5397,.F.);
#5505 = ORIENTED_EDGE('',*,*,#5304,.T.);
#5506 = ORIENTED_EDGE('',*,*,#5507,.T.);
#5507 = EDGE_CURVE('',#5307,#5438,#5508,.T.);
#5508 = LINE('',#5509,#5510);
#5509 = CARTESIAN_POINT('',(-0.745,-0.6,-2.775557561563E-17));
#5510 = VECTOR('',#5511,1.);
#5511 = DIRECTION('',(0.,1.,0.));
#5512 = PLANE('',#5513);
#5513 = AXIS2_PLACEMENT_3D('',#5514,#5515,#5516);
#5514 = CARTESIAN_POINT('',(-1.,-0.6,0.));
#5515 = DIRECTION('',(0.,0.,1.));
#5516 = DIRECTION('',(1.,0.,-0.));
#5517 = ADVANCED_FACE('',(#5518),#5529,.T.);
#5518 = FACE_BOUND('',#5519,.T.);
#5519 = EDGE_LOOP('',(#5520,#5521,#5522,#5523));
#5520 = ORIENTED_EDGE('',*,*,#5372,.T.);
#5521 = ORIENTED_EDGE('',*,*,#5507,.T.);
#5522 = ORIENTED_EDGE('',*,*,#5489,.F.);
#5523 = ORIENTED_EDGE('',*,*,#5524,.F.);
#5524 = EDGE_CURVE('',#5365,#5482,#5525,.T.);
#5525 = LINE('',#5526,#5527);
#5526 = CARTESIAN_POINT('',(-0.7,-0.6,4.5E-02));
#5527 = VECTOR('',#5528,1.);
#5528 = DIRECTION('',(0.,1.,0.));
#5529 = CYLINDRICAL_SURFACE('',#5530,4.5E-02);
#5530 = AXIS2_PLACEMENT_3D('',#5531,#5532,#5533);
#5531 = CARTESIAN_POINT('',(-0.745,-0.6,4.5E-02));
#5532 = DIRECTION('',(0.,1.,0.));
#5533 = DIRECTION('',(1.,0.,0.));
#5534 = ADVANCED_FACE('',(#5535),#5578,.F.);
#5535 = FACE_BOUND('',#5536,.F.);
#5536 = EDGE_LOOP('',(#5537,#5538,#5539,#5540,#5548,#5556,#5564,#5572));
#5537 = ORIENTED_EDGE('',*,*,#5364,.F.);
#5538 = ORIENTED_EDGE('',*,*,#5356,.T.);
#5539 = ORIENTED_EDGE('',*,*,#5348,.T.);
#5540 = ORIENTED_EDGE('',*,*,#5541,.T.);
#5541 = EDGE_CURVE('',#5340,#5542,#5544,.T.);
#5542 = VERTEX_POINT('',#5543);
#5543 = CARTESIAN_POINT('',(0.7,-0.6,0.405));
#5544 = LINE('',#5545,#5546);
#5545 = CARTESIAN_POINT('',(-0.7,-0.6,0.405));
#5546 = VECTOR('',#5547,1.);
#5547 = DIRECTION('',(1.,0.,0.));
#5548 = ORIENTED_EDGE('',*,*,#5549,.T.);
#5549 = EDGE_CURVE('',#5542,#5550,#5552,.T.);
#5550 = VERTEX_POINT('',#5551);
#5551 = CARTESIAN_POINT('',(0.955,-0.6,0.405));
#5552 = LINE('',#5553,#5554);
#5553 = CARTESIAN_POINT('',(-0.955,-0.6,0.405));
#5554 = VECTOR('',#5555,1.);
#5555 = DIRECTION('',(1.,0.,0.));
#5556 = ORIENTED_EDGE('',*,*,#5557,.F.);
#5557 = EDGE_CURVE('',#5558,#5550,#5560,.T.);
#5558 = VERTEX_POINT('',#5559);
#5559 = CARTESIAN_POINT('',(0.955,-0.6,4.5E-02));
#5560 = LINE('',#5561,#5562);
#5561 = CARTESIAN_POINT('',(0.955,-0.6,4.5E-02));
#5562 = VECTOR('',#5563,1.);
#5563 = DIRECTION('',(0.,0.,1.));
#5564 = ORIENTED_EDGE('',*,*,#5565,.F.);
#5565 = EDGE_CURVE('',#5566,#5558,#5568,.T.);
#5566 = VERTEX_POINT('',#5567);
#5567 = CARTESIAN_POINT('',(0.7,-0.6,4.5E-02));
#5568 = LINE('',#5569,#5570);
#5569 = CARTESIAN_POINT('',(-0.955,-0.6,4.5E-02));
#5570 = VECTOR('',#5571,1.);
#5571 = DIRECTION('',(1.,0.,0.));
#5572 = ORIENTED_EDGE('',*,*,#5573,.F.);
#5573 = EDGE_CURVE('',#5365,#5566,#5574,.T.);
#5574 = LINE('',#5575,#5576);
#5575 = CARTESIAN_POINT('',(-0.955,-0.6,4.5E-02));
#5576 = VECTOR('',#5577,1.);
#5577 = DIRECTION('',(1.,0.,0.));
#5578 = PLANE('',#5579);
#5579 = AXIS2_PLACEMENT_3D('',#5580,#5581,#5582);
#5580 = CARTESIAN_POINT('',(-0.955,-0.6,4.5E-02));
#5581 = DIRECTION('',(0.,1.,0.));
#5582 = DIRECTION('',(0.,-0.,1.));
#5583 = ADVANCED_FACE('',(#5584),#5595,.T.);
#5584 = FACE_BOUND('',#5585,.T.);
#5585 = EDGE_LOOP('',(#5586,#5587,#5588,#5589));
#5586 = ORIENTED_EDGE('',*,*,#5448,.F.);
#5587 = ORIENTED_EDGE('',*,*,#5413,.F.);
#5588 = ORIENTED_EDGE('',*,*,#5331,.T.);
#5589 = ORIENTED_EDGE('',*,*,#5590,.T.);
#5590 = EDGE_CURVE('',#5332,#5449,#5591,.T.);
#5591 = LINE('',#5592,#5593);
#5592 = CARTESIAN_POINT('',(-0.745,-0.6,0.45));
#5593 = VECTOR('',#5594,1.);
#5594 = DIRECTION('',(0.,1.,0.));
#5595 = PLANE('',#5596);
#5596 = AXIS2_PLACEMENT_3D('',#5597,#5598,#5599);
#5597 = CARTESIAN_POINT('',(-1.,-0.6,0.45));
#5598 = DIRECTION('',(0.,0.,1.));
#5599 = DIRECTION('',(1.,0.,-0.));
#5600 = ADVANCED_FACE('',(#5601),#5612,.T.);
#5601 = FACE_BOUND('',#5602,.T.);
#5602 = EDGE_LOOP('',(#5603,#5609,#5610,#5611));
#5603 = ORIENTED_EDGE('',*,*,#5604,.T.);
#5604 = EDGE_CURVE('',#5340,#5457,#5605,.T.);
#5605 = LINE('',#5606,#5607);
#5606 = CARTESIAN_POINT('',(-0.7,-0.6,0.405));
#5607 = VECTOR('',#5608,1.);
#5608 = DIRECTION('',(0.,1.,0.));
#5609 = ORIENTED_EDGE('',*,*,#5456,.T.);
#5610 = ORIENTED_EDGE('',*,*,#5590,.F.);
#5611 = ORIENTED_EDGE('',*,*,#5339,.F.);
#5612 = CYLINDRICAL_SURFACE('',#5613,4.5E-02);
#5613 = AXIS2_PLACEMENT_3D('',#5614,#5615,#5616);
#5614 = CARTESIAN_POINT('',(-0.745,-0.6,0.405));
#5615 = DIRECTION('',(0.,1.,0.));
#5616 = DIRECTION('',(1.,0.,0.));
#5617 = ADVANCED_FACE('',(#5618),#5661,.T.);
#5618 = FACE_BOUND('',#5619,.T.);
#5619 = EDGE_LOOP('',(#5620,#5621,#5622,#5623,#5631,#5639,#5647,#5655));
#5620 = ORIENTED_EDGE('',*,*,#5481,.F.);
#5621 = ORIENTED_EDGE('',*,*,#5473,.T.);
#5622 = ORIENTED_EDGE('',*,*,#5465,.T.);
#5623 = ORIENTED_EDGE('',*,*,#5624,.T.);
#5624 = EDGE_CURVE('',#5457,#5625,#5627,.T.);
#5625 = VERTEX_POINT('',#5626);
#5626 = CARTESIAN_POINT('',(0.7,0.6,0.405));
#5627 = LINE('',#5628,#5629);
#5628 = CARTESIAN_POINT('',(-0.7,0.6,0.405));
#5629 = VECTOR('',#5630,1.);
#5630 = DIRECTION('',(1.,0.,0.));
#5631 = ORIENTED_EDGE('',*,*,#5632,.T.);
#5632 = EDGE_CURVE('',#5625,#5633,#5635,.T.);
#5633 = VERTEX_POINT('',#5634);
#5634 = CARTESIAN_POINT('',(0.955,0.6,0.405));
#5635 = LINE('',#5636,#5637);
#5636 = CARTESIAN_POINT('',(-0.955,0.6,0.405));
#5637 = VECTOR('',#5638,1.);
#5638 = DIRECTION('',(1.,0.,0.));
#5639 = ORIENTED_EDGE('',*,*,#5640,.F.);
#5640 = EDGE_CURVE('',#5641,#5633,#5643,.T.);
#5641 = VERTEX_POINT('',#5642);
#5642 = CARTESIAN_POINT('',(0.955,0.6,4.5E-02));
#5643 = LINE('',#5644,#5645);
#5644 = CARTESIAN_POINT('',(0.955,0.6,4.5E-02));
#5645 = VECTOR('',#5646,1.);
#5646 = DIRECTION('',(0.,0.,1.));
#5647 = ORIENTED_EDGE('',*,*,#5648,.F.);
#5648 = EDGE_CURVE('',#5649,#5641,#5651,.T.);
#5649 = VERTEX_POINT('',#5650);
#5650 = CARTESIAN_POINT('',(0.7,0.6,4.5E-02));
#5651 = LINE('',#5652,#5653);
#5652 = CARTESIAN_POINT('',(-0.955,0.6,4.5E-02));
#5653 = VECTOR('',#5654,1.);
#5654 = DIRECTION('',(1.,0.,0.));
#5655 = ORIENTED_EDGE('',*,*,#5656,.F.);
#5656 = EDGE_CURVE('',#5482,#5649,#5657,.T.);
#5657 = LINE('',#5658,#5659);
#5658 = CARTESIAN_POINT('',(-0.955,0.6,4.5E-02));
#5659 = VECTOR('',#5660,1.);
#5660 = DIRECTION('',(1.,0.,0.));
#5661 = PLANE('',#5662);
#5662 = AXIS2_PLACEMENT_3D('',#5663,#5664,#5665);
#5663 = CARTESIAN_POINT('',(-0.955,0.6,4.5E-02));
#5664 = DIRECTION('',(0.,1.,0.));
#5665 = DIRECTION('',(0.,-0.,1.));
#5666 = ADVANCED_FACE('',(#5667),#5678,.F.);
#5667 = FACE_BOUND('',#5668,.F.);
#5668 = EDGE_LOOP('',(#5669,#5670,#5671,#5677));
#5669 = ORIENTED_EDGE('',*,*,#5524,.F.);
#5670 = ORIENTED_EDGE('',*,*,#5573,.T.);
#5671 = ORIENTED_EDGE('',*,*,#5672,.T.);
#5672 = EDGE_CURVE('',#5566,#5649,#5673,.T.);
#5673 = LINE('',#5674,#5675);
#5674 = CARTESIAN_POINT('',(0.7,-0.6,4.5E-02));
#5675 = VECTOR('',#5676,1.);
#5676 = DIRECTION('',(0.,1.,0.));
#5677 = ORIENTED_EDGE('',*,*,#5656,.F.);
#5678 = PLANE('',#5679);
#5679 = AXIS2_PLACEMENT_3D('',#5680,#5681,#5682);
#5680 = CARTESIAN_POINT('',(-0.955,-0.6,4.5E-02));
#5681 = DIRECTION('',(0.,0.,1.));
#5682 = DIRECTION('',(1.,0.,-0.));
#5683 = ADVANCED_FACE('',(#5684),#5747,.F.);
#5684 = FACE_BOUND('',#5685,.F.);
#5685 = EDGE_LOOP('',(#5686,#5696,#5703,#5704,#5705,#5706,#5715,#5723,
    #5732,#5740));
#5686 = ORIENTED_EDGE('',*,*,#5687,.F.);
#5687 = EDGE_CURVE('',#5688,#5690,#5692,.T.);
#5688 = VERTEX_POINT('',#5689);
#5689 = CARTESIAN_POINT('',(0.745,-0.6,-2.775557561563E-17));
#5690 = VERTEX_POINT('',#5691);
#5691 = CARTESIAN_POINT('',(0.955,-0.6,-2.775557561563E-17));
#5692 = LINE('',#5693,#5694);
#5693 = CARTESIAN_POINT('',(0.7,-0.6,0.));
#5694 = VECTOR('',#5695,1.);
#5695 = DIRECTION('',(1.,0.,0.));
#5696 = ORIENTED_EDGE('',*,*,#5697,.F.);
#5697 = EDGE_CURVE('',#5566,#5688,#5698,.T.);
#5698 = CIRCLE('',#5699,4.5E-02);
#5699 = AXIS2_PLACEMENT_3D('',#5700,#5701,#5702);
#5700 = CARTESIAN_POINT('',(0.745,-0.6,4.5E-02));
#5701 = DIRECTION('',(0.,-1.,0.));
#5702 = DIRECTION('',(0.,0.,1.));
#5703 = ORIENTED_EDGE('',*,*,#5565,.T.);
#5704 = ORIENTED_EDGE('',*,*,#5557,.T.);
#5705 = ORIENTED_EDGE('',*,*,#5549,.F.);
#5706 = ORIENTED_EDGE('',*,*,#5707,.T.);
#5707 = EDGE_CURVE('',#5542,#5708,#5710,.T.);
#5708 = VERTEX_POINT('',#5709);
#5709 = CARTESIAN_POINT('',(0.745,-0.6,0.45));
#5710 = CIRCLE('',#5711,4.5E-02);
#5711 = AXIS2_PLACEMENT_3D('',#5712,#5713,#5714);
#5712 = CARTESIAN_POINT('',(0.745,-0.6,0.405));
#5713 = DIRECTION('',(0.,1.,0.));
#5714 = DIRECTION('',(0.,-0.,1.));
#5715 = ORIENTED_EDGE('',*,*,#5716,.T.);
#5716 = EDGE_CURVE('',#5708,#5717,#5719,.T.);
#5717 = VERTEX_POINT('',#5718);
#5718 = CARTESIAN_POINT('',(0.955,-0.6,0.45));
#5719 = LINE('',#5720,#5721);
#5720 = CARTESIAN_POINT('',(0.7,-0.6,0.45));
#5721 = VECTOR('',#5722,1.);
#5722 = DIRECTION('',(1.,0.,0.));
#5723 = ORIENTED_EDGE('',*,*,#5724,.F.);
#5724 = EDGE_CURVE('',#5725,#5717,#5727,.T.);
#5725 = VERTEX_POINT('',#5726);
#5726 = CARTESIAN_POINT('',(1.,-0.6,0.405));
#5727 = CIRCLE('',#5728,4.5E-02);
#5728 = AXIS2_PLACEMENT_3D('',#5729,#5730,#5731);
#5729 = CARTESIAN_POINT('',(0.955,-0.6,0.405));
#5730 = DIRECTION('',(0.,-1.,0.));
#5731 = DIRECTION('',(0.,0.,1.));
#5732 = ORIENTED_EDGE('',*,*,#5733,.F.);
#5733 = EDGE_CURVE('',#5734,#5725,#5736,.T.);
#5734 = VERTEX_POINT('',#5735);
#5735 = CARTESIAN_POINT('',(1.,-0.6,4.5E-02));
#5736 = LINE('',#5737,#5738);
#5737 = CARTESIAN_POINT('',(1.,-0.6,0.));
#5738 = VECTOR('',#5739,1.);
#5739 = DIRECTION('',(0.,0.,1.));
#5740 = ORIENTED_EDGE('',*,*,#5741,.T.);
#5741 = EDGE_CURVE('',#5734,#5690,#5742,.T.);
#5742 = CIRCLE('',#5743,4.5E-02);
#5743 = AXIS2_PLACEMENT_3D('',#5744,#5745,#5746);
#5744 = CARTESIAN_POINT('',(0.955,-0.6,4.5E-02));
#5745 = DIRECTION('',(0.,1.,0.));
#5746 = DIRECTION('',(0.,-0.,1.));
#5747 = PLANE('',#5748);
#5748 = AXIS2_PLACEMENT_3D('',#5749,#5750,#5751);
#5749 = CARTESIAN_POINT('',(0.7,-0.6,0.));
#5750 = DIRECTION('',(0.,1.,0.));
#5751 = DIRECTION('',(0.,-0.,1.));
#5752 = ADVANCED_FACE('',(#5753),#5778,.F.);
#5753 = FACE_BOUND('',#5754,.F.);
#5754 = EDGE_LOOP('',(#5755,#5756,#5764,#5772));
#5755 = ORIENTED_EDGE('',*,*,#5541,.F.);
#5756 = ORIENTED_EDGE('',*,*,#5757,.T.);
#5757 = EDGE_CURVE('',#5340,#5758,#5760,.T.);
#5758 = VERTEX_POINT('',#5759);
#5759 = CARTESIAN_POINT('',(-0.7,-0.6,0.45));
#5760 = LINE('',#5761,#5762);
#5761 = CARTESIAN_POINT('',(-0.7,-0.6,0.405));
#5762 = VECTOR('',#5763,1.);
#5763 = DIRECTION('',(0.,0.,1.));
#5764 = ORIENTED_EDGE('',*,*,#5765,.T.);
#5765 = EDGE_CURVE('',#5758,#5766,#5768,.T.);
#5766 = VERTEX_POINT('',#5767);
#5767 = CARTESIAN_POINT('',(0.7,-0.6,0.45));
#5768 = LINE('',#5769,#5770);
#5769 = CARTESIAN_POINT('',(-0.7,-0.6,0.45));
#5770 = VECTOR('',#5771,1.);
#5771 = DIRECTION('',(1.,0.,0.));
#5772 = ORIENTED_EDGE('',*,*,#5773,.F.);
#5773 = EDGE_CURVE('',#5542,#5766,#5774,.T.);
#5774 = LINE('',#5775,#5776);
#5775 = CARTESIAN_POINT('',(0.7,-0.6,0.405));
#5776 = VECTOR('',#5777,1.);
#5777 = DIRECTION('',(0.,0.,1.));
#5778 = PLANE('',#5779);
#5779 = AXIS2_PLACEMENT_3D('',#5780,#5781,#5782);
#5780 = CARTESIAN_POINT('',(-0.7,-0.6,0.405));
#5781 = DIRECTION('',(0.,1.,0.));
#5782 = DIRECTION('',(0.,-0.,1.));
#5783 = ADVANCED_FACE('',(#5784),#5802,.F.);
#5784 = FACE_BOUND('',#5785,.F.);
#5785 = EDGE_LOOP('',(#5786,#5787,#5788,#5796));
#5786 = ORIENTED_EDGE('',*,*,#5757,.F.);
#5787 = ORIENTED_EDGE('',*,*,#5604,.T.);
#5788 = ORIENTED_EDGE('',*,*,#5789,.T.);
#5789 = EDGE_CURVE('',#5457,#5790,#5792,.T.);
#5790 = VERTEX_POINT('',#5791);
#5791 = CARTESIAN_POINT('',(-0.7,0.6,0.45));
#5792 = LINE('',#5793,#5794);
#5793 = CARTESIAN_POINT('',(-0.7,0.6,0.405));
#5794 = VECTOR('',#5795,1.);
#5795 = DIRECTION('',(0.,0.,1.));
#5796 = ORIENTED_EDGE('',*,*,#5797,.F.);
#5797 = EDGE_CURVE('',#5758,#5790,#5798,.T.);
#5798 = LINE('',#5799,#5800);
#5799 = CARTESIAN_POINT('',(-0.7,-0.6,0.45));
#5800 = VECTOR('',#5801,1.);
#5801 = DIRECTION('',(0.,1.,0.));
#5802 = PLANE('',#5803);
#5803 = AXIS2_PLACEMENT_3D('',#5804,#5805,#5806);
#5804 = CARTESIAN_POINT('',(-0.7,-0.6,0.405));
#5805 = DIRECTION('',(1.,0.,0.));
#5806 = DIRECTION('',(0.,0.,1.));
#5807 = ADVANCED_FACE('',(#5808),#5871,.T.);
#5808 = FACE_BOUND('',#5809,.T.);
#5809 = EDGE_LOOP('',(#5810,#5820,#5827,#5828,#5829,#5830,#5839,#5847,
    #5856,#5864));
#5810 = ORIENTED_EDGE('',*,*,#5811,.F.);
#5811 = EDGE_CURVE('',#5812,#5814,#5816,.T.);
#5812 = VERTEX_POINT('',#5813);
#5813 = CARTESIAN_POINT('',(0.745,0.6,-2.775557561563E-17));
#5814 = VERTEX_POINT('',#5815);
#5815 = CARTESIAN_POINT('',(0.955,0.6,-2.775557561563E-17));
#5816 = LINE('',#5817,#5818);
#5817 = CARTESIAN_POINT('',(0.7,0.6,0.));
#5818 = VECTOR('',#5819,1.);
#5819 = DIRECTION('',(1.,0.,0.));
#5820 = ORIENTED_EDGE('',*,*,#5821,.F.);
#5821 = EDGE_CURVE('',#5649,#5812,#5822,.T.);
#5822 = CIRCLE('',#5823,4.5E-02);
#5823 = AXIS2_PLACEMENT_3D('',#5824,#5825,#5826);
#5824 = CARTESIAN_POINT('',(0.745,0.6,4.5E-02));
#5825 = DIRECTION('',(0.,-1.,0.));
#5826 = DIRECTION('',(0.,0.,1.));
#5827 = ORIENTED_EDGE('',*,*,#5648,.T.);
#5828 = ORIENTED_EDGE('',*,*,#5640,.T.);
#5829 = ORIENTED_EDGE('',*,*,#5632,.F.);
#5830 = ORIENTED_EDGE('',*,*,#5831,.T.);
#5831 = EDGE_CURVE('',#5625,#5832,#5834,.T.);
#5832 = VERTEX_POINT('',#5833);
#5833 = CARTESIAN_POINT('',(0.745,0.6,0.45));
#5834 = CIRCLE('',#5835,4.5E-02);
#5835 = AXIS2_PLACEMENT_3D('',#5836,#5837,#5838);
#5836 = CARTESIAN_POINT('',(0.745,0.6,0.405));
#5837 = DIRECTION('',(0.,1.,0.));
#5838 = DIRECTION('',(0.,-0.,1.));
#5839 = ORIENTED_EDGE('',*,*,#5840,.T.);
#5840 = EDGE_CURVE('',#5832,#5841,#5843,.T.);
#5841 = VERTEX_POINT('',#5842);
#5842 = CARTESIAN_POINT('',(0.955,0.6,0.45));
#5843 = LINE('',#5844,#5845);
#5844 = CARTESIAN_POINT('',(0.7,0.6,0.45));
#5845 = VECTOR('',#5846,1.);
#5846 = DIRECTION('',(1.,0.,0.));
#5847 = ORIENTED_EDGE('',*,*,#5848,.F.);
#5848 = EDGE_CURVE('',#5849,#5841,#5851,.T.);
#5849 = VERTEX_POINT('',#5850);
#5850 = CARTESIAN_POINT('',(1.,0.6,0.405));
#5851 = CIRCLE('',#5852,4.5E-02);
#5852 = AXIS2_PLACEMENT_3D('',#5853,#5854,#5855);
#5853 = CARTESIAN_POINT('',(0.955,0.6,0.405));
#5854 = DIRECTION('',(0.,-1.,0.));
#5855 = DIRECTION('',(0.,0.,1.));
#5856 = ORIENTED_EDGE('',*,*,#5857,.F.);
#5857 = EDGE_CURVE('',#5858,#5849,#5860,.T.);
#5858 = VERTEX_POINT('',#5859);
#5859 = CARTESIAN_POINT('',(1.,0.6,4.5E-02));
#5860 = LINE('',#5861,#5862);
#5861 = CARTESIAN_POINT('',(1.,0.6,0.));
#5862 = VECTOR('',#5863,1.);
#5863 = DIRECTION('',(0.,0.,1.));
#5864 = ORIENTED_EDGE('',*,*,#5865,.T.);
#5865 = EDGE_CURVE('',#5858,#5814,#5866,.T.);
#5866 = CIRCLE('',#5867,4.5E-02);
#5867 = AXIS2_PLACEMENT_3D('',#5868,#5869,#5870);
#5868 = CARTESIAN_POINT('',(0.955,0.6,4.5E-02));
#5869 = DIRECTION('',(0.,1.,0.));
#5870 = DIRECTION('',(0.,-0.,1.));
#5871 = PLANE('',#5872);
#5872 = AXIS2_PLACEMENT_3D('',#5873,#5874,#5875);
#5873 = CARTESIAN_POINT('',(0.7,0.6,0.));
#5874 = DIRECTION('',(0.,1.,0.));
#5875 = DIRECTION('',(0.,-0.,1.));
#5876 = ADVANCED_FACE('',(#5877),#5895,.T.);
#5877 = FACE_BOUND('',#5878,.T.);
#5878 = EDGE_LOOP('',(#5879,#5880,#5881,#5889));
#5879 = ORIENTED_EDGE('',*,*,#5624,.F.);
#5880 = ORIENTED_EDGE('',*,*,#5789,.T.);
#5881 = ORIENTED_EDGE('',*,*,#5882,.T.);
#5882 = EDGE_CURVE('',#5790,#5883,#5885,.T.);
#5883 = VERTEX_POINT('',#5884);
#5884 = CARTESIAN_POINT('',(0.7,0.6,0.45));
#5885 = LINE('',#5886,#5887);
#5886 = CARTESIAN_POINT('',(-0.7,0.6,0.45));
#5887 = VECTOR('',#5888,1.);
#5888 = DIRECTION('',(1.,0.,0.));
#5889 = ORIENTED_EDGE('',*,*,#5890,.F.);
#5890 = EDGE_CURVE('',#5625,#5883,#5891,.T.);
#5891 = LINE('',#5892,#5893);
#5892 = CARTESIAN_POINT('',(0.7,0.6,0.405));
#5893 = VECTOR('',#5894,1.);
#5894 = DIRECTION('',(0.,0.,1.));
#5895 = PLANE('',#5896);
#5896 = AXIS2_PLACEMENT_3D('',#5897,#5898,#5899);
#5897 = CARTESIAN_POINT('',(-0.7,0.6,0.405));
#5898 = DIRECTION('',(0.,1.,0.));
#5899 = DIRECTION('',(0.,-0.,1.));
#5900 = ADVANCED_FACE('',(#5901),#5912,.T.);
#5901 = FACE_BOUND('',#5902,.T.);
#5902 = EDGE_LOOP('',(#5903,#5904,#5905,#5911));
#5903 = ORIENTED_EDGE('',*,*,#5672,.T.);
#5904 = ORIENTED_EDGE('',*,*,#5821,.T.);
#5905 = ORIENTED_EDGE('',*,*,#5906,.F.);
#5906 = EDGE_CURVE('',#5688,#5812,#5907,.T.);
#5907 = LINE('',#5908,#5909);
#5908 = CARTESIAN_POINT('',(0.745,-0.6,-2.775557561563E-17));
#5909 = VECTOR('',#5910,1.);
#5910 = DIRECTION('',(0.,1.,0.));
#5911 = ORIENTED_EDGE('',*,*,#5697,.F.);
#5912 = CYLINDRICAL_SURFACE('',#5913,4.5E-02);
#5913 = AXIS2_PLACEMENT_3D('',#5914,#5915,#5916);
#5914 = CARTESIAN_POINT('',(0.745,-0.6,4.5E-02));
#5915 = DIRECTION('',(0.,1.,0.));
#5916 = DIRECTION('',(-1.,0.,0.));
#5917 = ADVANCED_FACE('',(#5918),#5929,.F.);
#5918 = FACE_BOUND('',#5919,.F.);
#5919 = EDGE_LOOP('',(#5920,#5921,#5922,#5923));
#5920 = ORIENTED_EDGE('',*,*,#5811,.F.);
#5921 = ORIENTED_EDGE('',*,*,#5906,.F.);
#5922 = ORIENTED_EDGE('',*,*,#5687,.T.);
#5923 = ORIENTED_EDGE('',*,*,#5924,.T.);
#5924 = EDGE_CURVE('',#5690,#5814,#5925,.T.);
#5925 = LINE('',#5926,#5927);
#5926 = CARTESIAN_POINT('',(0.955,-0.6,-2.775557561563E-17));
#5927 = VECTOR('',#5928,1.);
#5928 = DIRECTION('',(0.,1.,0.));
#5929 = PLANE('',#5930);
#5930 = AXIS2_PLACEMENT_3D('',#5931,#5932,#5933);
#5931 = CARTESIAN_POINT('',(0.7,-0.6,0.));
#5932 = DIRECTION('',(0.,0.,1.));
#5933 = DIRECTION('',(1.,0.,-0.));
#5934 = ADVANCED_FACE('',(#5935),#5946,.T.);
#5935 = FACE_BOUND('',#5936,.T.);
#5936 = EDGE_LOOP('',(#5937,#5938,#5939,#5940));
#5937 = ORIENTED_EDGE('',*,*,#5741,.T.);
#5938 = ORIENTED_EDGE('',*,*,#5924,.T.);
#5939 = ORIENTED_EDGE('',*,*,#5865,.F.);
#5940 = ORIENTED_EDGE('',*,*,#5941,.F.);
#5941 = EDGE_CURVE('',#5734,#5858,#5942,.T.);
#5942 = LINE('',#5943,#5944);
#5943 = CARTESIAN_POINT('',(1.,-0.6,4.5E-02));
#5944 = VECTOR('',#5945,1.);
#5945 = DIRECTION('',(0.,1.,0.));
#5946 = CYLINDRICAL_SURFACE('',#5947,4.5E-02);
#5947 = AXIS2_PLACEMENT_3D('',#5948,#5949,#5950);
#5948 = CARTESIAN_POINT('',(0.955,-0.6,4.5E-02));
#5949 = DIRECTION('',(0.,1.,0.));
#5950 = DIRECTION('',(1.,0.,0.));
#5951 = ADVANCED_FACE('',(#5952),#5963,.T.);
#5952 = FACE_BOUND('',#5953,.T.);
#5953 = EDGE_LOOP('',(#5954,#5955,#5956,#5957));
#5954 = ORIENTED_EDGE('',*,*,#5733,.F.);
#5955 = ORIENTED_EDGE('',*,*,#5941,.T.);
#5956 = ORIENTED_EDGE('',*,*,#5857,.T.);
#5957 = ORIENTED_EDGE('',*,*,#5958,.F.);
#5958 = EDGE_CURVE('',#5725,#5849,#5959,.T.);
#5959 = LINE('',#5960,#5961);
#5960 = CARTESIAN_POINT('',(1.,-0.6,0.405));
#5961 = VECTOR('',#5962,1.);
#5962 = DIRECTION('',(0.,1.,0.));
#5963 = PLANE('',#5964);
#5964 = AXIS2_PLACEMENT_3D('',#5965,#5966,#5967);
#5965 = CARTESIAN_POINT('',(1.,-0.6,0.));
#5966 = DIRECTION('',(1.,0.,0.));
#5967 = DIRECTION('',(0.,0.,1.));
#5968 = ADVANCED_FACE('',(#5969),#5980,.T.);
#5969 = FACE_BOUND('',#5970,.T.);
#5970 = EDGE_LOOP('',(#5971,#5972,#5973,#5979));
#5971 = ORIENTED_EDGE('',*,*,#5958,.T.);
#5972 = ORIENTED_EDGE('',*,*,#5848,.T.);
#5973 = ORIENTED_EDGE('',*,*,#5974,.F.);
#5974 = EDGE_CURVE('',#5717,#5841,#5975,.T.);
#5975 = LINE('',#5976,#5977);
#5976 = CARTESIAN_POINT('',(0.955,-0.6,0.45));
#5977 = VECTOR('',#5978,1.);
#5978 = DIRECTION('',(0.,1.,0.));
#5979 = ORIENTED_EDGE('',*,*,#5724,.F.);
#5980 = CYLINDRICAL_SURFACE('',#5981,4.5E-02);
#5981 = AXIS2_PLACEMENT_3D('',#5982,#5983,#5984);
#5982 = CARTESIAN_POINT('',(0.955,-0.6,0.405));
#5983 = DIRECTION('',(0.,1.,0.));
#5984 = DIRECTION('',(1.,0.,0.));
#5985 = ADVANCED_FACE('',(#5986),#5997,.T.);
#5986 = FACE_BOUND('',#5987,.T.);
#5987 = EDGE_LOOP('',(#5988,#5989,#5995,#5996));
#5988 = ORIENTED_EDGE('',*,*,#5840,.F.);
#5989 = ORIENTED_EDGE('',*,*,#5990,.F.);
#5990 = EDGE_CURVE('',#5708,#5832,#5991,.T.);
#5991 = LINE('',#5992,#5993);
#5992 = CARTESIAN_POINT('',(0.745,-0.6,0.45));
#5993 = VECTOR('',#5994,1.);
#5994 = DIRECTION('',(0.,1.,0.));
#5995 = ORIENTED_EDGE('',*,*,#5716,.T.);
#5996 = ORIENTED_EDGE('',*,*,#5974,.T.);
#5997 = PLANE('',#5998);
#5998 = AXIS2_PLACEMENT_3D('',#5999,#6000,#6001);
#5999 = CARTESIAN_POINT('',(0.7,-0.6,0.45));
#6000 = DIRECTION('',(0.,0.,1.));
#6001 = DIRECTION('',(1.,0.,-0.));
#6002 = ADVANCED_FACE('',(#6003),#6014,.T.);
#6003 = FACE_BOUND('',#6004,.T.);
#6004 = EDGE_LOOP('',(#6005,#6006,#6007,#6008));
#6005 = ORIENTED_EDGE('',*,*,#5707,.T.);
#6006 = ORIENTED_EDGE('',*,*,#5990,.T.);
#6007 = ORIENTED_EDGE('',*,*,#5831,.F.);
#6008 = ORIENTED_EDGE('',*,*,#6009,.F.);
#6009 = EDGE_CURVE('',#5542,#5625,#6010,.T.);
#6010 = LINE('',#6011,#6012);
#6011 = CARTESIAN_POINT('',(0.7,-0.6,0.405));
#6012 = VECTOR('',#6013,1.);
#6013 = DIRECTION('',(0.,1.,0.));
#6014 = CYLINDRICAL_SURFACE('',#6015,4.5E-02);
#6015 = AXIS2_PLACEMENT_3D('',#6016,#6017,#6018);
#6016 = CARTESIAN_POINT('',(0.745,-0.6,0.405));
#6017 = DIRECTION('',(0.,1.,0.));
#6018 = DIRECTION('',(-1.,0.,0.));
#6019 = ADVANCED_FACE('',(#6020),#6031,.T.);
#6020 = FACE_BOUND('',#6021,.T.);
#6021 = EDGE_LOOP('',(#6022,#6023,#6024,#6025));
#6022 = ORIENTED_EDGE('',*,*,#5773,.F.);
#6023 = ORIENTED_EDGE('',*,*,#6009,.T.);
#6024 = ORIENTED_EDGE('',*,*,#5890,.T.);
#6025 = ORIENTED_EDGE('',*,*,#6026,.F.);
#6026 = EDGE_CURVE('',#5766,#5883,#6027,.T.);
#6027 = LINE('',#6028,#6029);
#6028 = CARTESIAN_POINT('',(0.7,-0.6,0.45));
#6029 = VECTOR('',#6030,1.);
#6030 = DIRECTION('',(0.,1.,0.));
#6031 = PLANE('',#6032);
#6032 = AXIS2_PLACEMENT_3D('',#6033,#6034,#6035);
#6033 = CARTESIAN_POINT('',(0.7,-0.6,0.405));
#6034 = DIRECTION('',(1.,0.,0.));
#6035 = DIRECTION('',(0.,0.,1.));
#6036 = ADVANCED_FACE('',(#6037),#6043,.T.);
#6037 = FACE_BOUND('',#6038,.T.);
#6038 = EDGE_LOOP('',(#6039,#6040,#6041,#6042));
#6039 = ORIENTED_EDGE('',*,*,#5797,.F.);
#6040 = ORIENTED_EDGE('',*,*,#5765,.T.);
#6041 = ORIENTED_EDGE('',*,*,#6026,.T.);
#6042 = ORIENTED_EDGE('',*,*,#5882,.F.);
#6043 = PLANE('',#6044);
#6044 = AXIS2_PLACEMENT_3D('',#6045,#6046,#6047);
#6045 = CARTESIAN_POINT('',(-0.7,-0.6,0.45));
#6046 = DIRECTION('',(0.,0.,1.));
#6047 = DIRECTION('',(1.,0.,-0.));
#6048 = ( GEOMETRIC_REPRESENTATION_CONTEXT(3) 
GLOBAL_UNCERTAINTY_ASSIGNED_CONTEXT((#6052)) 
GLOBAL_UNIT_ASSIGNED_CONTEXT((#6049,#6050,#6051)) REPRESENTATION_CONTEXT
('Context #1','3D Context with UNIT and UNCERTAINTY') );
#6049 = ( LENGTH_UNIT() NAMED_UNIT(*) SI_UNIT(.MILLI.,.METRE.) );
#6050 = ( NAMED_UNIT(*) PLANE_ANGLE_UNIT() SI_UNIT($,.RADIAN.) );
#6051 = ( NAMED_UNIT(*) SI_UNIT($,.STERADIAN.) SOLID_ANGLE_UNIT() );
#6052 = UNCERTAINTY_MEASURE_WITH_UNIT(LENGTH_MEASURE(1.E-07),#6049,
  'distance_accuracy_value','confusion accuracy');
#6053 = CONTEXT_DEPENDENT_SHAPE_REPRESENTATION(#6054,#6056);
#6054 = ( REPRESENTATION_RELATIONSHIP('','',#5257,#10) 
REPRESENTATION_RELATIONSHIP_WITH_TRANSFORMATION(#6055) 
SHAPE_REPRESENTATION_RELATIONSHIP() );
#6055 = ITEM_DEFINED_TRANSFORMATION('','',#11,#191);
#6056 = PRODUCT_DEFINITION_SHAPE('Placement','Placement of an item',
  #6057);
#6057 = NEXT_ASSEMBLY_USAGE_OCCURRENCE('45','R9','',#5,#5252,$);
#6058 = PRODUCT_RELATED_PRODUCT_CATEGORY('part',$,(#5254));
#6059 = CONTEXT_DEPENDENT_SHAPE_REPRESENTATION(#6060,#6062);
#6060 = ( REPRESENTATION_RELATIONSHIP('','',#340,#10) 
REPRESENTATION_RELATIONSHIP_WITH_TRANSFORMATION(#6061) 
SHAPE_REPRESENTATION_RELATIONSHIP() );
#6061 = ITEM_DEFINED_TRANSFORMATION('','',#11,#195);
#6062 = PRODUCT_DEFINITION_SHAPE('Placement','Placement of an item',
  #6063);
#6063 = NEXT_ASSEMBLY_USAGE_OCCURRENCE('46','R19','',#5,#335,$);
#6064 = CONTEXT_DEPENDENT_SHAPE_REPRESENTATION(#6065,#6067);
#6065 = ( REPRESENTATION_RELATIONSHIP('','',#1149,#10) 
REPRESENTATION_RELATIONSHIP_WITH_TRANSFORMATION(#6066) 
SHAPE_REPRESENTATION_RELATIONSHIP() );
#6066 = ITEM_DEFINED_TRANSFORMATION('','',#11,#199);
#6067 = PRODUCT_DEFINITION_SHAPE('Placement','Placement of an item',
  #6068);
#6068 = NEXT_ASSEMBLY_USAGE_OCCURRENCE('47','C37','',#5,#1144,$);
#6069 = CONTEXT_DEPENDENT_SHAPE_REPRESENTATION(#6070,#6072);
#6070 = ( REPRESENTATION_RELATIONSHIP('','',#340,#10) 
REPRESENTATION_RELATIONSHIP_WITH_TRANSFORMATION(#6071) 
SHAPE_REPRESENTATION_RELATIONSHIP() );
#6071 = ITEM_DEFINED_TRANSFORMATION('','',#11,#203);
#6072 = PRODUCT_DEFINITION_SHAPE('Placement','Placement of an item',
  #6073);
#6073 = NEXT_ASSEMBLY_USAGE_OCCURRENCE('48','R16','',#5,#335,$);
#6074 = CONTEXT_DEPENDENT_SHAPE_REPRESENTATION(#6075,#6077);
#6075 = ( REPRESENTATION_RELATIONSHIP('','',#1149,#10) 
REPRESENTATION_RELATIONSHIP_WITH_TRANSFORMATION(#6076) 
SHAPE_REPRESENTATION_RELATIONSHIP() );
#6076 = ITEM_DEFINED_TRANSFORMATION('','',#11,#207);
#6077 = PRODUCT_DEFINITION_SHAPE('Placement','Placement of an item',
  #6078);
#6078 = NEXT_ASSEMBLY_USAGE_OCCURRENCE('49','C42','',#5,#1144,$);
#6079 = SHAPE_DEFINITION_REPRESENTATION(#6080,#6086);
#6080 = PRODUCT_DEFINITION_SHAPE('','',#6081);
#6081 = PRODUCT_DEFINITION('design','',#6082,#6085);
#6082 = PRODUCT_DEFINITION_FORMATION('','',#6083);
#6083 = PRODUCT('R_0402_1005Metric','R_0402_1005Metric','',(#6084));
#6084 = PRODUCT_CONTEXT('',#2,'mechanical');
#6085 = PRODUCT_DEFINITION_CONTEXT('part definition',#2,'design');
#6086 = ADVANCED_BREP_SHAPE_REPRESENTATION('',(#11,#6087),#6877);
#6087 = MANIFOLD_SOLID_BREP('',#6088);
#6088 = CLOSED_SHELL('',(#6089,#6129,#6212,#6237,#6262,#6329,#6346,#6363
    ,#6412,#6429,#6446,#6495,#6512,#6581,#6612,#6636,#6705,#6729,#6746,
    #6763,#6780,#6797,#6814,#6831,#6848,#6865));
#6089 = ADVANCED_FACE('',(#6090),#6124,.F.);
#6090 = FACE_BOUND('',#6091,.F.);
#6091 = EDGE_LOOP('',(#6092,#6102,#6110,#6118));
#6092 = ORIENTED_EDGE('',*,*,#6093,.F.);
#6093 = EDGE_CURVE('',#6094,#6096,#6098,.T.);
#6094 = VERTEX_POINT('',#6095);
#6095 = CARTESIAN_POINT('',(-0.5,-0.25,3.5E-02));
#6096 = VERTEX_POINT('',#6097);
#6097 = CARTESIAN_POINT('',(-0.5,-0.25,0.315));
#6098 = LINE('',#6099,#6100);
#6099 = CARTESIAN_POINT('',(-0.5,-0.25,0.));
#6100 = VECTOR('',#6101,1.);
#6101 = DIRECTION('',(0.,0.,1.));
#6102 = ORIENTED_EDGE('',*,*,#6103,.T.);
#6103 = EDGE_CURVE('',#6094,#6104,#6106,.T.);
#6104 = VERTEX_POINT('',#6105);
#6105 = CARTESIAN_POINT('',(-0.5,0.25,3.5E-02));
#6106 = LINE('',#6107,#6108);
#6107 = CARTESIAN_POINT('',(-0.5,-0.25,3.5E-02));
#6108 = VECTOR('',#6109,1.);
#6109 = DIRECTION('',(0.,1.,0.));
#6110 = ORIENTED_EDGE('',*,*,#6111,.T.);
#6111 = EDGE_CURVE('',#6104,#6112,#6114,.T.);
#6112 = VERTEX_POINT('',#6113);
#6113 = CARTESIAN_POINT('',(-0.5,0.25,0.315));
#6114 = LINE('',#6115,#6116);
#6115 = CARTESIAN_POINT('',(-0.5,0.25,0.));
#6116 = VECTOR('',#6117,1.);
#6117 = DIRECTION('',(0.,0.,1.));
#6118 = ORIENTED_EDGE('',*,*,#6119,.F.);
#6119 = EDGE_CURVE('',#6096,#6112,#6120,.T.);
#6120 = LINE('',#6121,#6122);
#6121 = CARTESIAN_POINT('',(-0.5,-0.25,0.315));
#6122 = VECTOR('',#6123,1.);
#6123 = DIRECTION('',(0.,1.,0.));
#6124 = PLANE('',#6125);
#6125 = AXIS2_PLACEMENT_3D('',#6126,#6127,#6128);
#6126 = CARTESIAN_POINT('',(-0.5,-0.25,0.));
#6127 = DIRECTION('',(1.,0.,0.));
#6128 = DIRECTION('',(0.,0.,1.));
#6129 = ADVANCED_FACE('',(#6130),#6207,.F.);
#6130 = FACE_BOUND('',#6131,.F.);
#6131 = EDGE_LOOP('',(#6132,#6142,#6149,#6150,#6159,#6167,#6176,#6184,
    #6192,#6200));
#6132 = ORIENTED_EDGE('',*,*,#6133,.F.);
#6133 = EDGE_CURVE('',#6134,#6136,#6138,.T.);
#6134 = VERTEX_POINT('',#6135);
#6135 = CARTESIAN_POINT('',(-0.465,-0.25,-2.775557561563E-17));
#6136 = VERTEX_POINT('',#6137);
#6137 = CARTESIAN_POINT('',(-0.335,-0.25,-2.775557561563E-17));
#6138 = LINE('',#6139,#6140);
#6139 = CARTESIAN_POINT('',(-0.5,-0.25,0.));
#6140 = VECTOR('',#6141,1.);
#6141 = DIRECTION('',(1.,0.,0.));
#6142 = ORIENTED_EDGE('',*,*,#6143,.F.);
#6143 = EDGE_CURVE('',#6094,#6134,#6144,.T.);
#6144 = CIRCLE('',#6145,3.5E-02);
#6145 = AXIS2_PLACEMENT_3D('',#6146,#6147,#6148);
#6146 = CARTESIAN_POINT('',(-0.465,-0.25,3.5E-02));
#6147 = DIRECTION('',(0.,-1.,0.));
#6148 = DIRECTION('',(0.,0.,1.));
#6149 = ORIENTED_EDGE('',*,*,#6093,.T.);
#6150 = ORIENTED_EDGE('',*,*,#6151,.T.);
#6151 = EDGE_CURVE('',#6096,#6152,#6154,.T.);
#6152 = VERTEX_POINT('',#6153);
#6153 = CARTESIAN_POINT('',(-0.465,-0.25,0.35));
#6154 = CIRCLE('',#6155,3.5E-02);
#6155 = AXIS2_PLACEMENT_3D('',#6156,#6157,#6158);
#6156 = CARTESIAN_POINT('',(-0.465,-0.25,0.315));
#6157 = DIRECTION('',(0.,1.,0.));
#6158 = DIRECTION('',(0.,-0.,1.));
#6159 = ORIENTED_EDGE('',*,*,#6160,.T.);
#6160 = EDGE_CURVE('',#6152,#6161,#6163,.T.);
#6161 = VERTEX_POINT('',#6162);
#6162 = CARTESIAN_POINT('',(-0.335,-0.25,0.35));
#6163 = LINE('',#6164,#6165);
#6164 = CARTESIAN_POINT('',(-0.5,-0.25,0.35));
#6165 = VECTOR('',#6166,1.);
#6166 = DIRECTION('',(1.,0.,0.));
#6167 = ORIENTED_EDGE('',*,*,#6168,.F.);
#6168 = EDGE_CURVE('',#6169,#6161,#6171,.T.);
#6169 = VERTEX_POINT('',#6170);
#6170 = CARTESIAN_POINT('',(-0.3,-0.25,0.315));
#6171 = CIRCLE('',#6172,3.5E-02);
#6172 = AXIS2_PLACEMENT_3D('',#6173,#6174,#6175);
#6173 = CARTESIAN_POINT('',(-0.335,-0.25,0.315));
#6174 = DIRECTION('',(0.,-1.,0.));
#6175 = DIRECTION('',(0.,0.,1.));
#6176 = ORIENTED_EDGE('',*,*,#6177,.F.);
#6177 = EDGE_CURVE('',#6178,#6169,#6180,.T.);
#6178 = VERTEX_POINT('',#6179);
#6179 = CARTESIAN_POINT('',(-0.465,-0.25,0.315));
#6180 = LINE('',#6181,#6182);
#6181 = CARTESIAN_POINT('',(-0.465,-0.25,0.315));
#6182 = VECTOR('',#6183,1.);
#6183 = DIRECTION('',(1.,0.,0.));
#6184 = ORIENTED_EDGE('',*,*,#6185,.F.);
#6185 = EDGE_CURVE('',#6186,#6178,#6188,.T.);
#6186 = VERTEX_POINT('',#6187);
#6187 = CARTESIAN_POINT('',(-0.465,-0.25,3.5E-02));
#6188 = LINE('',#6189,#6190);
#6189 = CARTESIAN_POINT('',(-0.465,-0.25,3.5E-02));
#6190 = VECTOR('',#6191,1.);
#6191 = DIRECTION('',(0.,0.,1.));
#6192 = ORIENTED_EDGE('',*,*,#6193,.T.);
#6193 = EDGE_CURVE('',#6186,#6194,#6196,.T.);
#6194 = VERTEX_POINT('',#6195);
#6195 = CARTESIAN_POINT('',(-0.3,-0.25,3.5E-02));
#6196 = LINE('',#6197,#6198);
#6197 = CARTESIAN_POINT('',(-0.465,-0.25,3.5E-02));
#6198 = VECTOR('',#6199,1.);
#6199 = DIRECTION('',(1.,0.,0.));
#6200 = ORIENTED_EDGE('',*,*,#6201,.T.);
#6201 = EDGE_CURVE('',#6194,#6136,#6202,.T.);
#6202 = CIRCLE('',#6203,3.5E-02);
#6203 = AXIS2_PLACEMENT_3D('',#6204,#6205,#6206);
#6204 = CARTESIAN_POINT('',(-0.335,-0.25,3.5E-02));
#6205 = DIRECTION('',(0.,1.,0.));
#6206 = DIRECTION('',(0.,-0.,1.));
#6207 = PLANE('',#6208);
#6208 = AXIS2_PLACEMENT_3D('',#6209,#6210,#6211);
#6209 = CARTESIAN_POINT('',(-0.5,-0.25,0.));
#6210 = DIRECTION('',(0.,1.,0.));
#6211 = DIRECTION('',(0.,-0.,1.));
#6212 = ADVANCED_FACE('',(#6213),#6232,.T.);
#6213 = FACE_BOUND('',#6214,.T.);
#6214 = EDGE_LOOP('',(#6215,#6216,#6225,#6231));
#6215 = ORIENTED_EDGE('',*,*,#6103,.T.);
#6216 = ORIENTED_EDGE('',*,*,#6217,.T.);
#6217 = EDGE_CURVE('',#6104,#6218,#6220,.T.);
#6218 = VERTEX_POINT('',#6219);
#6219 = CARTESIAN_POINT('',(-0.465,0.25,-2.775557561563E-17));
#6220 = CIRCLE('',#6221,3.5E-02);
#6221 = AXIS2_PLACEMENT_3D('',#6222,#6223,#6224);
#6222 = CARTESIAN_POINT('',(-0.465,0.25,3.5E-02));
#6223 = DIRECTION('',(0.,-1.,0.));
#6224 = DIRECTION('',(0.,0.,1.));
#6225 = ORIENTED_EDGE('',*,*,#6226,.F.);
#6226 = EDGE_CURVE('',#6134,#6218,#6227,.T.);
#6227 = LINE('',#6228,#6229);
#6228 = CARTESIAN_POINT('',(-0.465,-0.25,-2.775557561563E-17));
#6229 = VECTOR('',#6230,1.);
#6230 = DIRECTION('',(0.,1.,0.));
#6231 = ORIENTED_EDGE('',*,*,#6143,.F.);
#6232 = CYLINDRICAL_SURFACE('',#6233,3.5E-02);
#6233 = AXIS2_PLACEMENT_3D('',#6234,#6235,#6236);
#6234 = CARTESIAN_POINT('',(-0.465,-0.25,3.5E-02));
#6235 = DIRECTION('',(0.,1.,0.));
#6236 = DIRECTION('',(-1.,0.,0.));
#6237 = ADVANCED_FACE('',(#6238),#6257,.T.);
#6238 = FACE_BOUND('',#6239,.T.);
#6239 = EDGE_LOOP('',(#6240,#6241,#6249,#6256));
#6240 = ORIENTED_EDGE('',*,*,#6151,.T.);
#6241 = ORIENTED_EDGE('',*,*,#6242,.T.);
#6242 = EDGE_CURVE('',#6152,#6243,#6245,.T.);
#6243 = VERTEX_POINT('',#6244);
#6244 = CARTESIAN_POINT('',(-0.465,0.25,0.35));
#6245 = LINE('',#6246,#6247);
#6246 = CARTESIAN_POINT('',(-0.465,-0.25,0.35));
#6247 = VECTOR('',#6248,1.);
#6248 = DIRECTION('',(0.,1.,0.));
#6249 = ORIENTED_EDGE('',*,*,#6250,.F.);
#6250 = EDGE_CURVE('',#6112,#6243,#6251,.T.);
#6251 = CIRCLE('',#6252,3.5E-02);
#6252 = AXIS2_PLACEMENT_3D('',#6253,#6254,#6255);
#6253 = CARTESIAN_POINT('',(-0.465,0.25,0.315));
#6254 = DIRECTION('',(0.,1.,0.));
#6255 = DIRECTION('',(0.,-0.,1.));
#6256 = ORIENTED_EDGE('',*,*,#6119,.F.);
#6257 = CYLINDRICAL_SURFACE('',#6258,3.5E-02);
#6258 = AXIS2_PLACEMENT_3D('',#6259,#6260,#6261);
#6259 = CARTESIAN_POINT('',(-0.465,-0.25,0.315));
#6260 = DIRECTION('',(0.,1.,0.));
#6261 = DIRECTION('',(-1.,0.,0.));
#6262 = ADVANCED_FACE('',(#6263),#6324,.T.);
#6263 = FACE_BOUND('',#6264,.T.);
#6264 = EDGE_LOOP('',(#6265,#6273,#6274,#6275,#6276,#6284,#6293,#6301,
    #6309,#6317));
#6265 = ORIENTED_EDGE('',*,*,#6266,.F.);
#6266 = EDGE_CURVE('',#6218,#6267,#6269,.T.);
#6267 = VERTEX_POINT('',#6268);
#6268 = CARTESIAN_POINT('',(-0.335,0.25,-2.775557561563E-17));
#6269 = LINE('',#6270,#6271);
#6270 = CARTESIAN_POINT('',(-0.5,0.25,0.));
#6271 = VECTOR('',#6272,1.);
#6272 = DIRECTION('',(1.,0.,0.));
#6273 = ORIENTED_EDGE('',*,*,#6217,.F.);
#6274 = ORIENTED_EDGE('',*,*,#6111,.T.);
#6275 = ORIENTED_EDGE('',*,*,#6250,.T.);
#6276 = ORIENTED_EDGE('',*,*,#6277,.T.);
#6277 = EDGE_CURVE('',#6243,#6278,#6280,.T.);
#6278 = VERTEX_POINT('',#6279);
#6279 = CARTESIAN_POINT('',(-0.335,0.25,0.35));
#6280 = LINE('',#6281,#6282);
#6281 = CARTESIAN_POINT('',(-0.5,0.25,0.35));
#6282 = VECTOR('',#6283,1.);
#6283 = DIRECTION('',(1.,0.,0.));
#6284 = ORIENTED_EDGE('',*,*,#6285,.F.);
#6285 = EDGE_CURVE('',#6286,#6278,#6288,.T.);
#6286 = VERTEX_POINT('',#6287);
#6287 = CARTESIAN_POINT('',(-0.3,0.25,0.315));
#6288 = CIRCLE('',#6289,3.5E-02);
#6289 = AXIS2_PLACEMENT_3D('',#6290,#6291,#6292);
#6290 = CARTESIAN_POINT('',(-0.335,0.25,0.315));
#6291 = DIRECTION('',(0.,-1.,0.));
#6292 = DIRECTION('',(0.,0.,1.));
#6293 = ORIENTED_EDGE('',*,*,#6294,.F.);
#6294 = EDGE_CURVE('',#6295,#6286,#6297,.T.);
#6295 = VERTEX_POINT('',#6296);
#6296 = CARTESIAN_POINT('',(-0.465,0.25,0.315));
#6297 = LINE('',#6298,#6299);
#6298 = CARTESIAN_POINT('',(-0.465,0.25,0.315));
#6299 = VECTOR('',#6300,1.);
#6300 = DIRECTION('',(1.,0.,0.));
#6301 = ORIENTED_EDGE('',*,*,#6302,.F.);
#6302 = EDGE_CURVE('',#6303,#6295,#6305,.T.);
#6303 = VERTEX_POINT('',#6304);
#6304 = CARTESIAN_POINT('',(-0.465,0.25,3.5E-02));
#6305 = LINE('',#6306,#6307);
#6306 = CARTESIAN_POINT('',(-0.465,0.25,3.5E-02));
#6307 = VECTOR('',#6308,1.);
#6308 = DIRECTION('',(0.,0.,1.));
#6309 = ORIENTED_EDGE('',*,*,#6310,.T.);
#6310 = EDGE_CURVE('',#6303,#6311,#6313,.T.);
#6311 = VERTEX_POINT('',#6312);
#6312 = CARTESIAN_POINT('',(-0.3,0.25,3.5E-02));
#6313 = LINE('',#6314,#6315);
#6314 = CARTESIAN_POINT('',(-0.465,0.25,3.5E-02));
#6315 = VECTOR('',#6316,1.);
#6316 = DIRECTION('',(1.,0.,0.));
#6317 = ORIENTED_EDGE('',*,*,#6318,.T.);
#6318 = EDGE_CURVE('',#6311,#6267,#6319,.T.);
#6319 = CIRCLE('',#6320,3.5E-02);
#6320 = AXIS2_PLACEMENT_3D('',#6321,#6322,#6323);
#6321 = CARTESIAN_POINT('',(-0.335,0.25,3.5E-02));
#6322 = DIRECTION('',(0.,1.,0.));
#6323 = DIRECTION('',(0.,-0.,1.));
#6324 = PLANE('',#6325);
#6325 = AXIS2_PLACEMENT_3D('',#6326,#6327,#6328);
#6326 = CARTESIAN_POINT('',(-0.5,0.25,0.));
#6327 = DIRECTION('',(0.,1.,0.));
#6328 = DIRECTION('',(0.,-0.,1.));
#6329 = ADVANCED_FACE('',(#6330),#6341,.F.);
#6330 = FACE_BOUND('',#6331,.F.);
#6331 = EDGE_LOOP('',(#6332,#6333,#6334,#6335));
#6332 = ORIENTED_EDGE('',*,*,#6266,.F.);
#6333 = ORIENTED_EDGE('',*,*,#6226,.F.);
#6334 = ORIENTED_EDGE('',*,*,#6133,.T.);
#6335 = ORIENTED_EDGE('',*,*,#6336,.T.);
#6336 = EDGE_CURVE('',#6136,#6267,#6337,.T.);
#6337 = LINE('',#6338,#6339);
#6338 = CARTESIAN_POINT('',(-0.335,-0.25,-2.775557561563E-17));
#6339 = VECTOR('',#6340,1.);
#6340 = DIRECTION('',(0.,1.,0.));
#6341 = PLANE('',#6342);
#6342 = AXIS2_PLACEMENT_3D('',#6343,#6344,#6345);
#6343 = CARTESIAN_POINT('',(-0.5,-0.25,0.));
#6344 = DIRECTION('',(0.,0.,1.));
#6345 = DIRECTION('',(1.,0.,-0.));
#6346 = ADVANCED_FACE('',(#6347),#6358,.T.);
#6347 = FACE_BOUND('',#6348,.T.);
#6348 = EDGE_LOOP('',(#6349,#6350,#6351,#6352));
#6349 = ORIENTED_EDGE('',*,*,#6201,.T.);
#6350 = ORIENTED_EDGE('',*,*,#6336,.T.);
#6351 = ORIENTED_EDGE('',*,*,#6318,.F.);
#6352 = ORIENTED_EDGE('',*,*,#6353,.F.);
#6353 = EDGE_CURVE('',#6194,#6311,#6354,.T.);
#6354 = LINE('',#6355,#6356);
#6355 = CARTESIAN_POINT('',(-0.3,-0.25,3.5E-02));
#6356 = VECTOR('',#6357,1.);
#6357 = DIRECTION('',(0.,1.,0.));
#6358 = CYLINDRICAL_SURFACE('',#6359,3.5E-02);
#6359 = AXIS2_PLACEMENT_3D('',#6360,#6361,#6362);
#6360 = CARTESIAN_POINT('',(-0.335,-0.25,3.5E-02));
#6361 = DIRECTION('',(0.,1.,0.));
#6362 = DIRECTION('',(1.,0.,0.));
#6363 = ADVANCED_FACE('',(#6364),#6407,.F.);
#6364 = FACE_BOUND('',#6365,.F.);
#6365 = EDGE_LOOP('',(#6366,#6367,#6368,#6369,#6377,#6385,#6393,#6401));
#6366 = ORIENTED_EDGE('',*,*,#6193,.F.);
#6367 = ORIENTED_EDGE('',*,*,#6185,.T.);
#6368 = ORIENTED_EDGE('',*,*,#6177,.T.);
#6369 = ORIENTED_EDGE('',*,*,#6370,.T.);
#6370 = EDGE_CURVE('',#6169,#6371,#6373,.T.);
#6371 = VERTEX_POINT('',#6372);
#6372 = CARTESIAN_POINT('',(0.3,-0.25,0.315));
#6373 = LINE('',#6374,#6375);
#6374 = CARTESIAN_POINT('',(-0.3,-0.25,0.315));
#6375 = VECTOR('',#6376,1.);
#6376 = DIRECTION('',(1.,0.,0.));
#6377 = ORIENTED_EDGE('',*,*,#6378,.T.);
#6378 = EDGE_CURVE('',#6371,#6379,#6381,.T.);
#6379 = VERTEX_POINT('',#6380);
#6380 = CARTESIAN_POINT('',(0.465,-0.25,0.315));
#6381 = LINE('',#6382,#6383);
#6382 = CARTESIAN_POINT('',(-0.465,-0.25,0.315));
#6383 = VECTOR('',#6384,1.);
#6384 = DIRECTION('',(1.,0.,0.));
#6385 = ORIENTED_EDGE('',*,*,#6386,.F.);
#6386 = EDGE_CURVE('',#6387,#6379,#6389,.T.);
#6387 = VERTEX_POINT('',#6388);
#6388 = CARTESIAN_POINT('',(0.465,-0.25,3.5E-02));
#6389 = LINE('',#6390,#6391);
#6390 = CARTESIAN_POINT('',(0.465,-0.25,3.5E-02));
#6391 = VECTOR('',#6392,1.);
#6392 = DIRECTION('',(0.,0.,1.));
#6393 = ORIENTED_EDGE('',*,*,#6394,.F.);
#6394 = EDGE_CURVE('',#6395,#6387,#6397,.T.);
#6395 = VERTEX_POINT('',#6396);
#6396 = CARTESIAN_POINT('',(0.3,-0.25,3.5E-02));
#6397 = LINE('',#6398,#6399);
#6398 = CARTESIAN_POINT('',(-0.465,-0.25,3.5E-02));
#6399 = VECTOR('',#6400,1.);
#6400 = DIRECTION('',(1.,0.,0.));
#6401 = ORIENTED_EDGE('',*,*,#6402,.F.);
#6402 = EDGE_CURVE('',#6194,#6395,#6403,.T.);
#6403 = LINE('',#6404,#6405);
#6404 = CARTESIAN_POINT('',(-0.465,-0.25,3.5E-02));
#6405 = VECTOR('',#6406,1.);
#6406 = DIRECTION('',(1.,0.,0.));
#6407 = PLANE('',#6408);
#6408 = AXIS2_PLACEMENT_3D('',#6409,#6410,#6411);
#6409 = CARTESIAN_POINT('',(-0.465,-0.25,3.5E-02));
#6410 = DIRECTION('',(0.,1.,0.));
#6411 = DIRECTION('',(0.,-0.,1.));
#6412 = ADVANCED_FACE('',(#6413),#6424,.T.);
#6413 = FACE_BOUND('',#6414,.T.);
#6414 = EDGE_LOOP('',(#6415,#6416,#6417,#6418));
#6415 = ORIENTED_EDGE('',*,*,#6277,.F.);
#6416 = ORIENTED_EDGE('',*,*,#6242,.F.);
#6417 = ORIENTED_EDGE('',*,*,#6160,.T.);
#6418 = ORIENTED_EDGE('',*,*,#6419,.T.);
#6419 = EDGE_CURVE('',#6161,#6278,#6420,.T.);
#6420 = LINE('',#6421,#6422);
#6421 = CARTESIAN_POINT('',(-0.335,-0.25,0.35));
#6422 = VECTOR('',#6423,1.);
#6423 = DIRECTION('',(0.,1.,0.));
#6424 = PLANE('',#6425);
#6425 = AXIS2_PLACEMENT_3D('',#6426,#6427,#6428);
#6426 = CARTESIAN_POINT('',(-0.5,-0.25,0.35));
#6427 = DIRECTION('',(0.,0.,1.));
#6428 = DIRECTION('',(1.,0.,-0.));
#6429 = ADVANCED_FACE('',(#6430),#6441,.T.);
#6430 = FACE_BOUND('',#6431,.T.);
#6431 = EDGE_LOOP('',(#6432,#6438,#6439,#6440));
#6432 = ORIENTED_EDGE('',*,*,#6433,.T.);
#6433 = EDGE_CURVE('',#6169,#6286,#6434,.T.);
#6434 = LINE('',#6435,#6436);
#6435 = CARTESIAN_POINT('',(-0.3,-0.25,0.315));
#6436 = VECTOR('',#6437,1.);
#6437 = DIRECTION('',(0.,1.,0.));
#6438 = ORIENTED_EDGE('',*,*,#6285,.T.);
#6439 = ORIENTED_EDGE('',*,*,#6419,.F.);
#6440 = ORIENTED_EDGE('',*,*,#6168,.F.);
#6441 = CYLINDRICAL_SURFACE('',#6442,3.5E-02);
#6442 = AXIS2_PLACEMENT_3D('',#6443,#6444,#6445);
#6443 = CARTESIAN_POINT('',(-0.335,-0.25,0.315));
#6444 = DIRECTION('',(0.,1.,0.));
#6445 = DIRECTION('',(1.,0.,0.));
#6446 = ADVANCED_FACE('',(#6447),#6490,.T.);
#6447 = FACE_BOUND('',#6448,.T.);
#6448 = EDGE_LOOP('',(#6449,#6450,#6451,#6452,#6460,#6468,#6476,#6484));
#6449 = ORIENTED_EDGE('',*,*,#6310,.F.);
#6450 = ORIENTED_EDGE('',*,*,#6302,.T.);
#6451 = ORIENTED_EDGE('',*,*,#6294,.T.);
#6452 = ORIENTED_EDGE('',*,*,#6453,.T.);
#6453 = EDGE_CURVE('',#6286,#6454,#6456,.T.);
#6454 = VERTEX_POINT('',#6455);
#6455 = CARTESIAN_POINT('',(0.3,0.25,0.315));
#6456 = LINE('',#6457,#6458);
#6457 = CARTESIAN_POINT('',(-0.3,0.25,0.315));
#6458 = VECTOR('',#6459,1.);
#6459 = DIRECTION('',(1.,0.,0.));
#6460 = ORIENTED_EDGE('',*,*,#6461,.T.);
#6461 = EDGE_CURVE('',#6454,#6462,#6464,.T.);
#6462 = VERTEX_POINT('',#6463);
#6463 = CARTESIAN_POINT('',(0.465,0.25,0.315));
#6464 = LINE('',#6465,#6466);
#6465 = CARTESIAN_POINT('',(-0.465,0.25,0.315));
#6466 = VECTOR('',#6467,1.);
#6467 = DIRECTION('',(1.,0.,0.));
#6468 = ORIENTED_EDGE('',*,*,#6469,.F.);
#6469 = EDGE_CURVE('',#6470,#6462,#6472,.T.);
#6470 = VERTEX_POINT('',#6471);
#6471 = CARTESIAN_POINT('',(0.465,0.25,3.5E-02));
#6472 = LINE('',#6473,#6474);
#6473 = CARTESIAN_POINT('',(0.465,0.25,3.5E-02));
#6474 = VECTOR('',#6475,1.);
#6475 = DIRECTION('',(0.,0.,1.));
#6476 = ORIENTED_EDGE('',*,*,#6477,.F.);
#6477 = EDGE_CURVE('',#6478,#6470,#6480,.T.);
#6478 = VERTEX_POINT('',#6479);
#6479 = CARTESIAN_POINT('',(0.3,0.25,3.5E-02));
#6480 = LINE('',#6481,#6482);
#6481 = CARTESIAN_POINT('',(-0.465,0.25,3.5E-02));
#6482 = VECTOR('',#6483,1.);
#6483 = DIRECTION('',(1.,0.,0.));
#6484 = ORIENTED_EDGE('',*,*,#6485,.F.);
#6485 = EDGE_CURVE('',#6311,#6478,#6486,.T.);
#6486 = LINE('',#6487,#6488);
#6487 = CARTESIAN_POINT('',(-0.465,0.25,3.5E-02));
#6488 = VECTOR('',#6489,1.);
#6489 = DIRECTION('',(1.,0.,0.));
#6490 = PLANE('',#6491);
#6491 = AXIS2_PLACEMENT_3D('',#6492,#6493,#6494);
#6492 = CARTESIAN_POINT('',(-0.465,0.25,3.5E-02));
#6493 = DIRECTION('',(0.,1.,0.));
#6494 = DIRECTION('',(0.,-0.,1.));
#6495 = ADVANCED_FACE('',(#6496),#6507,.F.);
#6496 = FACE_BOUND('',#6497,.F.);
#6497 = EDGE_LOOP('',(#6498,#6499,#6500,#6506));
#6498 = ORIENTED_EDGE('',*,*,#6353,.F.);
#6499 = ORIENTED_EDGE('',*,*,#6402,.T.);
#6500 = ORIENTED_EDGE('',*,*,#6501,.T.);
#6501 = EDGE_CURVE('',#6395,#6478,#6502,.T.);
#6502 = LINE('',#6503,#6504);
#6503 = CARTESIAN_POINT('',(0.3,-0.25,3.5E-02));
#6504 = VECTOR('',#6505,1.);
#6505 = DIRECTION('',(0.,1.,0.));
#6506 = ORIENTED_EDGE('',*,*,#6485,.F.);
#6507 = PLANE('',#6508);
#6508 = AXIS2_PLACEMENT_3D('',#6509,#6510,#6511);
#6509 = CARTESIAN_POINT('',(-0.465,-0.25,3.5E-02));
#6510 = DIRECTION('',(0.,0.,1.));
#6511 = DIRECTION('',(1.,0.,-0.));
#6512 = ADVANCED_FACE('',(#6513),#6576,.F.);
#6513 = FACE_BOUND('',#6514,.F.);
#6514 = EDGE_LOOP('',(#6515,#6525,#6532,#6533,#6534,#6535,#6544,#6552,
    #6561,#6569));
#6515 = ORIENTED_EDGE('',*,*,#6516,.F.);
#6516 = EDGE_CURVE('',#6517,#6519,#6521,.T.);
#6517 = VERTEX_POINT('',#6518);
#6518 = CARTESIAN_POINT('',(0.335,-0.25,-2.775557561563E-17));
#6519 = VERTEX_POINT('',#6520);
#6520 = CARTESIAN_POINT('',(0.465,-0.25,-2.775557561563E-17));
#6521 = LINE('',#6522,#6523);
#6522 = CARTESIAN_POINT('',(0.3,-0.25,0.));
#6523 = VECTOR('',#6524,1.);
#6524 = DIRECTION('',(1.,0.,0.));
#6525 = ORIENTED_EDGE('',*,*,#6526,.F.);
#6526 = EDGE_CURVE('',#6395,#6517,#6527,.T.);
#6527 = CIRCLE('',#6528,3.5E-02);
#6528 = AXIS2_PLACEMENT_3D('',#6529,#6530,#6531);
#6529 = CARTESIAN_POINT('',(0.335,-0.25,3.5E-02));
#6530 = DIRECTION('',(0.,-1.,0.));
#6531 = DIRECTION('',(0.,0.,1.));
#6532 = ORIENTED_EDGE('',*,*,#6394,.T.);
#6533 = ORIENTED_EDGE('',*,*,#6386,.T.);
#6534 = ORIENTED_EDGE('',*,*,#6378,.F.);
#6535 = ORIENTED_EDGE('',*,*,#6536,.T.);
#6536 = EDGE_CURVE('',#6371,#6537,#6539,.T.);
#6537 = VERTEX_POINT('',#6538);
#6538 = CARTESIAN_POINT('',(0.335,-0.25,0.35));
#6539 = CIRCLE('',#6540,3.5E-02);
#6540 = AXIS2_PLACEMENT_3D('',#6541,#6542,#6543);
#6541 = CARTESIAN_POINT('',(0.335,-0.25,0.315));
#6542 = DIRECTION('',(0.,1.,0.));
#6543 = DIRECTION('',(0.,-0.,1.));
#6544 = ORIENTED_EDGE('',*,*,#6545,.T.);
#6545 = EDGE_CURVE('',#6537,#6546,#6548,.T.);
#6546 = VERTEX_POINT('',#6547);
#6547 = CARTESIAN_POINT('',(0.465,-0.25,0.35));
#6548 = LINE('',#6549,#6550);
#6549 = CARTESIAN_POINT('',(0.3,-0.25,0.35));
#6550 = VECTOR('',#6551,1.);
#6551 = DIRECTION('',(1.,0.,0.));
#6552 = ORIENTED_EDGE('',*,*,#6553,.F.);
#6553 = EDGE_CURVE('',#6554,#6546,#6556,.T.);
#6554 = VERTEX_POINT('',#6555);
#6555 = CARTESIAN_POINT('',(0.5,-0.25,0.315));
#6556 = CIRCLE('',#6557,3.5E-02);
#6557 = AXIS2_PLACEMENT_3D('',#6558,#6559,#6560);
#6558 = CARTESIAN_POINT('',(0.465,-0.25,0.315));
#6559 = DIRECTION('',(0.,-1.,0.));
#6560 = DIRECTION('',(0.,0.,1.));
#6561 = ORIENTED_EDGE('',*,*,#6562,.F.);
#6562 = EDGE_CURVE('',#6563,#6554,#6565,.T.);
#6563 = VERTEX_POINT('',#6564);
#6564 = CARTESIAN_POINT('',(0.5,-0.25,3.5E-02));
#6565 = LINE('',#6566,#6567);
#6566 = CARTESIAN_POINT('',(0.5,-0.25,0.));
#6567 = VECTOR('',#6568,1.);
#6568 = DIRECTION('',(0.,0.,1.));
#6569 = ORIENTED_EDGE('',*,*,#6570,.T.);
#6570 = EDGE_CURVE('',#6563,#6519,#6571,.T.);
#6571 = CIRCLE('',#6572,3.5E-02);
#6572 = AXIS2_PLACEMENT_3D('',#6573,#6574,#6575);
#6573 = CARTESIAN_POINT('',(0.465,-0.25,3.5E-02));
#6574 = DIRECTION('',(0.,1.,0.));
#6575 = DIRECTION('',(0.,-0.,1.));
#6576 = PLANE('',#6577);
#6577 = AXIS2_PLACEMENT_3D('',#6578,#6579,#6580);
#6578 = CARTESIAN_POINT('',(0.3,-0.25,0.));
#6579 = DIRECTION('',(0.,1.,0.));
#6580 = DIRECTION('',(0.,-0.,1.));
#6581 = ADVANCED_FACE('',(#6582),#6607,.F.);
#6582 = FACE_BOUND('',#6583,.F.);
#6583 = EDGE_LOOP('',(#6584,#6585,#6593,#6601));
#6584 = ORIENTED_EDGE('',*,*,#6370,.F.);
#6585 = ORIENTED_EDGE('',*,*,#6586,.T.);
#6586 = EDGE_CURVE('',#6169,#6587,#6589,.T.);
#6587 = VERTEX_POINT('',#6588);
#6588 = CARTESIAN_POINT('',(-0.3,-0.25,0.35));
#6589 = LINE('',#6590,#6591);
#6590 = CARTESIAN_POINT('',(-0.3,-0.25,0.315));
#6591 = VECTOR('',#6592,1.);
#6592 = DIRECTION('',(0.,0.,1.));
#6593 = ORIENTED_EDGE('',*,*,#6594,.T.);
#6594 = EDGE_CURVE('',#6587,#6595,#6597,.T.);
#6595 = VERTEX_POINT('',#6596);
#6596 = CARTESIAN_POINT('',(0.3,-0.25,0.35));
#6597 = LINE('',#6598,#6599);
#6598 = CARTESIAN_POINT('',(-0.3,-0.25,0.35));
#6599 = VECTOR('',#6600,1.);
#6600 = DIRECTION('',(1.,0.,0.));
#6601 = ORIENTED_EDGE('',*,*,#6602,.F.);
#6602 = EDGE_CURVE('',#6371,#6595,#6603,.T.);
#6603 = LINE('',#6604,#6605);
#6604 = CARTESIAN_POINT('',(0.3,-0.25,0.315));
#6605 = VECTOR('',#6606,1.);
#6606 = DIRECTION('',(0.,0.,1.));
#6607 = PLANE('',#6608);
#6608 = AXIS2_PLACEMENT_3D('',#6609,#6610,#6611);
#6609 = CARTESIAN_POINT('',(-0.3,-0.25,0.315));
#6610 = DIRECTION('',(0.,1.,0.));
#6611 = DIRECTION('',(0.,-0.,1.));
#6612 = ADVANCED_FACE('',(#6613),#6631,.F.);
#6613 = FACE_BOUND('',#6614,.F.);
#6614 = EDGE_LOOP('',(#6615,#6616,#6617,#6625));
#6615 = ORIENTED_EDGE('',*,*,#6586,.F.);
#6616 = ORIENTED_EDGE('',*,*,#6433,.T.);
#6617 = ORIENTED_EDGE('',*,*,#6618,.T.);
#6618 = EDGE_CURVE('',#6286,#6619,#6621,.T.);
#6619 = VERTEX_POINT('',#6620);
#6620 = CARTESIAN_POINT('',(-0.3,0.25,0.35));
#6621 = LINE('',#6622,#6623);
#6622 = CARTESIAN_POINT('',(-0.3,0.25,0.315));
#6623 = VECTOR('',#6624,1.);
#6624 = DIRECTION('',(0.,0.,1.));
#6625 = ORIENTED_EDGE('',*,*,#6626,.F.);
#6626 = EDGE_CURVE('',#6587,#6619,#6627,.T.);
#6627 = LINE('',#6628,#6629);
#6628 = CARTESIAN_POINT('',(-0.3,-0.25,0.35));
#6629 = VECTOR('',#6630,1.);
#6630 = DIRECTION('',(0.,1.,0.));
#6631 = PLANE('',#6632);
#6632 = AXIS2_PLACEMENT_3D('',#6633,#6634,#6635);
#6633 = CARTESIAN_POINT('',(-0.3,-0.25,0.315));
#6634 = DIRECTION('',(1.,0.,0.));
#6635 = DIRECTION('',(0.,0.,1.));
#6636 = ADVANCED_FACE('',(#6637),#6700,.T.);
#6637 = FACE_BOUND('',#6638,.T.);
#6638 = EDGE_LOOP('',(#6639,#6649,#6656,#6657,#6658,#6659,#6668,#6676,
    #6685,#6693));
#6639 = ORIENTED_EDGE('',*,*,#6640,.F.);
#6640 = EDGE_CURVE('',#6641,#6643,#6645,.T.);
#6641 = VERTEX_POINT('',#6642);
#6642 = CARTESIAN_POINT('',(0.335,0.25,-2.775557561563E-17));
#6643 = VERTEX_POINT('',#6644);
#6644 = CARTESIAN_POINT('',(0.465,0.25,-2.775557561563E-17));
#6645 = LINE('',#6646,#6647);
#6646 = CARTESIAN_POINT('',(0.3,0.25,0.));
#6647 = VECTOR('',#6648,1.);
#6648 = DIRECTION('',(1.,0.,0.));
#6649 = ORIENTED_EDGE('',*,*,#6650,.F.);
#6650 = EDGE_CURVE('',#6478,#6641,#6651,.T.);
#6651 = CIRCLE('',#6652,3.5E-02);
#6652 = AXIS2_PLACEMENT_3D('',#6653,#6654,#6655);
#6653 = CARTESIAN_POINT('',(0.335,0.25,3.5E-02));
#6654 = DIRECTION('',(0.,-1.,0.));
#6655 = DIRECTION('',(0.,0.,1.));
#6656 = ORIENTED_EDGE('',*,*,#6477,.T.);
#6657 = ORIENTED_EDGE('',*,*,#6469,.T.);
#6658 = ORIENTED_EDGE('',*,*,#6461,.F.);
#6659 = ORIENTED_EDGE('',*,*,#6660,.T.);
#6660 = EDGE_CURVE('',#6454,#6661,#6663,.T.);
#6661 = VERTEX_POINT('',#6662);
#6662 = CARTESIAN_POINT('',(0.335,0.25,0.35));
#6663 = CIRCLE('',#6664,3.5E-02);
#6664 = AXIS2_PLACEMENT_3D('',#6665,#6666,#6667);
#6665 = CARTESIAN_POINT('',(0.335,0.25,0.315));
#6666 = DIRECTION('',(0.,1.,0.));
#6667 = DIRECTION('',(0.,-0.,1.));
#6668 = ORIENTED_EDGE('',*,*,#6669,.T.);
#6669 = EDGE_CURVE('',#6661,#6670,#6672,.T.);
#6670 = VERTEX_POINT('',#6671);
#6671 = CARTESIAN_POINT('',(0.465,0.25,0.35));
#6672 = LINE('',#6673,#6674);
#6673 = CARTESIAN_POINT('',(0.3,0.25,0.35));
#6674 = VECTOR('',#6675,1.);
#6675 = DIRECTION('',(1.,0.,0.));
#6676 = ORIENTED_EDGE('',*,*,#6677,.F.);
#6677 = EDGE_CURVE('',#6678,#6670,#6680,.T.);
#6678 = VERTEX_POINT('',#6679);
#6679 = CARTESIAN_POINT('',(0.5,0.25,0.315));
#6680 = CIRCLE('',#6681,3.5E-02);
#6681 = AXIS2_PLACEMENT_3D('',#6682,#6683,#6684);
#6682 = CARTESIAN_POINT('',(0.465,0.25,0.315));
#6683 = DIRECTION('',(0.,-1.,0.));
#6684 = DIRECTION('',(0.,0.,1.));
#6685 = ORIENTED_EDGE('',*,*,#6686,.F.);
#6686 = EDGE_CURVE('',#6687,#6678,#6689,.T.);
#6687 = VERTEX_POINT('',#6688);
#6688 = CARTESIAN_POINT('',(0.5,0.25,3.5E-02));
#6689 = LINE('',#6690,#6691);
#6690 = CARTESIAN_POINT('',(0.5,0.25,0.));
#6691 = VECTOR('',#6692,1.);
#6692 = DIRECTION('',(0.,0.,1.));
#6693 = ORIENTED_EDGE('',*,*,#6694,.T.);
#6694 = EDGE_CURVE('',#6687,#6643,#6695,.T.);
#6695 = CIRCLE('',#6696,3.5E-02);
#6696 = AXIS2_PLACEMENT_3D('',#6697,#6698,#6699);
#6697 = CARTESIAN_POINT('',(0.465,0.25,3.5E-02));
#6698 = DIRECTION('',(0.,1.,0.));
#6699 = DIRECTION('',(0.,-0.,1.));
#6700 = PLANE('',#6701);
#6701 = AXIS2_PLACEMENT_3D('',#6702,#6703,#6704);
#6702 = CARTESIAN_POINT('',(0.3,0.25,0.));
#6703 = DIRECTION('',(0.,1.,0.));
#6704 = DIRECTION('',(0.,-0.,1.));
#6705 = ADVANCED_FACE('',(#6706),#6724,.T.);
#6706 = FACE_BOUND('',#6707,.T.);
#6707 = EDGE_LOOP('',(#6708,#6709,#6710,#6718));
#6708 = ORIENTED_EDGE('',*,*,#6453,.F.);
#6709 = ORIENTED_EDGE('',*,*,#6618,.T.);
#6710 = ORIENTED_EDGE('',*,*,#6711,.T.);
#6711 = EDGE_CURVE('',#6619,#6712,#6714,.T.);
#6712 = VERTEX_POINT('',#6713);
#6713 = CARTESIAN_POINT('',(0.3,0.25,0.35));
#6714 = LINE('',#6715,#6716);
#6715 = CARTESIAN_POINT('',(-0.3,0.25,0.35));
#6716 = VECTOR('',#6717,1.);
#6717 = DIRECTION('',(1.,0.,0.));
#6718 = ORIENTED_EDGE('',*,*,#6719,.F.);
#6719 = EDGE_CURVE('',#6454,#6712,#6720,.T.);
#6720 = LINE('',#6721,#6722);
#6721 = CARTESIAN_POINT('',(0.3,0.25,0.315));
#6722 = VECTOR('',#6723,1.);
#6723 = DIRECTION('',(0.,0.,1.));
#6724 = PLANE('',#6725);
#6725 = AXIS2_PLACEMENT_3D('',#6726,#6727,#6728);
#6726 = CARTESIAN_POINT('',(-0.3,0.25,0.315));
#6727 = DIRECTION('',(0.,1.,0.));
#6728 = DIRECTION('',(0.,-0.,1.));
#6729 = ADVANCED_FACE('',(#6730),#6741,.T.);
#6730 = FACE_BOUND('',#6731,.T.);
#6731 = EDGE_LOOP('',(#6732,#6733,#6734,#6740));
#6732 = ORIENTED_EDGE('',*,*,#6501,.T.);
#6733 = ORIENTED_EDGE('',*,*,#6650,.T.);
#6734 = ORIENTED_EDGE('',*,*,#6735,.F.);
#6735 = EDGE_CURVE('',#6517,#6641,#6736,.T.);
#6736 = LINE('',#6737,#6738);
#6737 = CARTESIAN_POINT('',(0.335,-0.25,-2.775557561563E-17));
#6738 = VECTOR('',#6739,1.);
#6739 = DIRECTION('',(0.,1.,0.));
#6740 = ORIENTED_EDGE('',*,*,#6526,.F.);
#6741 = CYLINDRICAL_SURFACE('',#6742,3.5E-02);
#6742 = AXIS2_PLACEMENT_3D('',#6743,#6744,#6745);
#6743 = CARTESIAN_POINT('',(0.335,-0.25,3.5E-02));
#6744 = DIRECTION('',(0.,1.,0.));
#6745 = DIRECTION('',(-1.,0.,0.));
#6746 = ADVANCED_FACE('',(#6747),#6758,.F.);
#6747 = FACE_BOUND('',#6748,.F.);
#6748 = EDGE_LOOP('',(#6749,#6750,#6751,#6752));
#6749 = ORIENTED_EDGE('',*,*,#6640,.F.);
#6750 = ORIENTED_EDGE('',*,*,#6735,.F.);
#6751 = ORIENTED_EDGE('',*,*,#6516,.T.);
#6752 = ORIENTED_EDGE('',*,*,#6753,.T.);
#6753 = EDGE_CURVE('',#6519,#6643,#6754,.T.);
#6754 = LINE('',#6755,#6756);
#6755 = CARTESIAN_POINT('',(0.465,-0.25,-2.775557561563E-17));
#6756 = VECTOR('',#6757,1.);
#6757 = DIRECTION('',(0.,1.,0.));
#6758 = PLANE('',#6759);
#6759 = AXIS2_PLACEMENT_3D('',#6760,#6761,#6762);
#6760 = CARTESIAN_POINT('',(0.3,-0.25,0.));
#6761 = DIRECTION('',(0.,0.,1.));
#6762 = DIRECTION('',(1.,0.,-0.));
#6763 = ADVANCED_FACE('',(#6764),#6775,.T.);
#6764 = FACE_BOUND('',#6765,.T.);
#6765 = EDGE_LOOP('',(#6766,#6767,#6768,#6769));
#6766 = ORIENTED_EDGE('',*,*,#6570,.T.);
#6767 = ORIENTED_EDGE('',*,*,#6753,.T.);
#6768 = ORIENTED_EDGE('',*,*,#6694,.F.);
#6769 = ORIENTED_EDGE('',*,*,#6770,.F.);
#6770 = EDGE_CURVE('',#6563,#6687,#6771,.T.);
#6771 = LINE('',#6772,#6773);
#6772 = CARTESIAN_POINT('',(0.5,-0.25,3.5E-02));
#6773 = VECTOR('',#6774,1.);
#6774 = DIRECTION('',(0.,1.,0.));
#6775 = CYLINDRICAL_SURFACE('',#6776,3.5E-02);
#6776 = AXIS2_PLACEMENT_3D('',#6777,#6778,#6779);
#6777 = CARTESIAN_POINT('',(0.465,-0.25,3.5E-02));
#6778 = DIRECTION('',(0.,1.,0.));
#6779 = DIRECTION('',(1.,0.,0.));
#6780 = ADVANCED_FACE('',(#6781),#6792,.T.);
#6781 = FACE_BOUND('',#6782,.T.);
#6782 = EDGE_LOOP('',(#6783,#6784,#6785,#6786));
#6783 = ORIENTED_EDGE('',*,*,#6562,.F.);
#6784 = ORIENTED_EDGE('',*,*,#6770,.T.);
#6785 = ORIENTED_EDGE('',*,*,#6686,.T.);
#6786 = ORIENTED_EDGE('',*,*,#6787,.F.);
#6787 = EDGE_CURVE('',#6554,#6678,#6788,.T.);
#6788 = LINE('',#6789,#6790);
#6789 = CARTESIAN_POINT('',(0.5,-0.25,0.315));
#6790 = VECTOR('',#6791,1.);
#6791 = DIRECTION('',(0.,1.,0.));
#6792 = PLANE('',#6793);
#6793 = AXIS2_PLACEMENT_3D('',#6794,#6795,#6796);
#6794 = CARTESIAN_POINT('',(0.5,-0.25,0.));
#6795 = DIRECTION('',(1.,0.,0.));
#6796 = DIRECTION('',(0.,0.,1.));
#6797 = ADVANCED_FACE('',(#6798),#6809,.T.);
#6798 = FACE_BOUND('',#6799,.T.);
#6799 = EDGE_LOOP('',(#6800,#6801,#6802,#6808));
#6800 = ORIENTED_EDGE('',*,*,#6787,.T.);
#6801 = ORIENTED_EDGE('',*,*,#6677,.T.);
#6802 = ORIENTED_EDGE('',*,*,#6803,.F.);
#6803 = EDGE_CURVE('',#6546,#6670,#6804,.T.);
#6804 = LINE('',#6805,#6806);
#6805 = CARTESIAN_POINT('',(0.465,-0.25,0.35));
#6806 = VECTOR('',#6807,1.);
#6807 = DIRECTION('',(0.,1.,0.));
#6808 = ORIENTED_EDGE('',*,*,#6553,.F.);
#6809 = CYLINDRICAL_SURFACE('',#6810,3.5E-02);
#6810 = AXIS2_PLACEMENT_3D('',#6811,#6812,#6813);
#6811 = CARTESIAN_POINT('',(0.465,-0.25,0.315));
#6812 = DIRECTION('',(0.,1.,0.));
#6813 = DIRECTION('',(1.,0.,0.));
#6814 = ADVANCED_FACE('',(#6815),#6826,.T.);
#6815 = FACE_BOUND('',#6816,.T.);
#6816 = EDGE_LOOP('',(#6817,#6818,#6824,#6825));
#6817 = ORIENTED_EDGE('',*,*,#6669,.F.);
#6818 = ORIENTED_EDGE('',*,*,#6819,.F.);
#6819 = EDGE_CURVE('',#6537,#6661,#6820,.T.);
#6820 = LINE('',#6821,#6822);
#6821 = CARTESIAN_POINT('',(0.335,-0.25,0.35));
#6822 = VECTOR('',#6823,1.);
#6823 = DIRECTION('',(0.,1.,0.));
#6824 = ORIENTED_EDGE('',*,*,#6545,.T.);
#6825 = ORIENTED_EDGE('',*,*,#6803,.T.);
#6826 = PLANE('',#6827);
#6827 = AXIS2_PLACEMENT_3D('',#6828,#6829,#6830);
#6828 = CARTESIAN_POINT('',(0.3,-0.25,0.35));
#6829 = DIRECTION('',(0.,0.,1.));
#6830 = DIRECTION('',(1.,0.,-0.));
#6831 = ADVANCED_FACE('',(#6832),#6843,.T.);
#6832 = FACE_BOUND('',#6833,.T.);
#6833 = EDGE_LOOP('',(#6834,#6835,#6836,#6837));
#6834 = ORIENTED_EDGE('',*,*,#6536,.T.);
#6835 = ORIENTED_EDGE('',*,*,#6819,.T.);
#6836 = ORIENTED_EDGE('',*,*,#6660,.F.);
#6837 = ORIENTED_EDGE('',*,*,#6838,.F.);
#6838 = EDGE_CURVE('',#6371,#6454,#6839,.T.);
#6839 = LINE('',#6840,#6841);
#6840 = CARTESIAN_POINT('',(0.3,-0.25,0.315));
#6841 = VECTOR('',#6842,1.);
#6842 = DIRECTION('',(0.,1.,0.));
#6843 = CYLINDRICAL_SURFACE('',#6844,3.5E-02);
#6844 = AXIS2_PLACEMENT_3D('',#6845,#6846,#6847);
#6845 = CARTESIAN_POINT('',(0.335,-0.25,0.315));
#6846 = DIRECTION('',(0.,1.,0.));
#6847 = DIRECTION('',(-1.,0.,0.));
#6848 = ADVANCED_FACE('',(#6849),#6860,.T.);
#6849 = FACE_BOUND('',#6850,.T.);
#6850 = EDGE_LOOP('',(#6851,#6852,#6853,#6854));
#6851 = ORIENTED_EDGE('',*,*,#6602,.F.);
#6852 = ORIENTED_EDGE('',*,*,#6838,.T.);
#6853 = ORIENTED_EDGE('',*,*,#6719,.T.);
#6854 = ORIENTED_EDGE('',*,*,#6855,.F.);
#6855 = EDGE_CURVE('',#6595,#6712,#6856,.T.);
#6856 = LINE('',#6857,#6858);
#6857 = CARTESIAN_POINT('',(0.3,-0.25,0.35));
#6858 = VECTOR('',#6859,1.);
#6859 = DIRECTION('',(0.,1.,0.));
#6860 = PLANE('',#6861);
#6861 = AXIS2_PLACEMENT_3D('',#6862,#6863,#6864);
#6862 = CARTESIAN_POINT('',(0.3,-0.25,0.315));
#6863 = DIRECTION('',(1.,0.,0.));
#6864 = DIRECTION('',(0.,0.,1.));
#6865 = ADVANCED_FACE('',(#6866),#6872,.T.);
#6866 = FACE_BOUND('',#6867,.T.);
#6867 = EDGE_LOOP('',(#6868,#6869,#6870,#6871));
#6868 = ORIENTED_EDGE('',*,*,#6626,.F.);
#6869 = ORIENTED_EDGE('',*,*,#6594,.T.);
#6870 = ORIENTED_EDGE('',*,*,#6855,.T.);
#6871 = ORIENTED_EDGE('',*,*,#6711,.F.);
#6872 = PLANE('',#6873);
#6873 = AXIS2_PLACEMENT_3D('',#6874,#6875,#6876);
#6874 = CARTESIAN_POINT('',(-0.3,-0.25,0.35));
#6875 = DIRECTION('',(0.,0.,1.));
#6876 = DIRECTION('',(1.,0.,-0.));
#6877 = ( GEOMETRIC_REPRESENTATION_CONTEXT(3) 
GLOBAL_UNCERTAINTY_ASSIGNED_CONTEXT((#6881)) 
GLOBAL_UNIT_ASSIGNED_CONTEXT((#6878,#6879,#6880)) REPRESENTATION_CONTEXT
('Context #1','3D Context with UNIT and UNCERTAINTY') );
#6878 = ( LENGTH_UNIT() NAMED_UNIT(*) SI_UNIT(.MILLI.,.METRE.) );
#6879 = ( NAMED_UNIT(*) PLANE_ANGLE_UNIT() SI_UNIT($,.RADIAN.) );
#6880 = ( NAMED_UNIT(*) SI_UNIT($,.STERADIAN.) SOLID_ANGLE_UNIT() );
#6881 = UNCERTAINTY_MEASURE_WITH_UNIT(LENGTH_MEASURE(1.E-07),#6878,
  'distance_accuracy_value','confusion accuracy');
#6882 = CONTEXT_DEPENDENT_SHAPE_REPRESENTATION(#6883,#6885);
#6883 = ( REPRESENTATION_RELATIONSHIP('','',#6086,#10) 
REPRESENTATION_RELATIONSHIP_WITH_TRANSFORMATION(#6884) 
SHAPE_REPRESENTATION_RELATIONSHIP() );
#6884 = ITEM_DEFINED_TRANSFORMATION('','',#11,#211);
#6885 = PRODUCT_DEFINITION_SHAPE('Placement','Placement of an item',
  #6886);
#6886 = NEXT_ASSEMBLY_USAGE_OCCURRENCE('50','R27','',#5,#6081,$);
#6887 = PRODUCT_RELATED_PRODUCT_CATEGORY('part',$,(#6083));
#6888 = CONTEXT_DEPENDENT_SHAPE_REPRESENTATION(#6889,#6891);
#6889 = ( REPRESENTATION_RELATIONSHIP('','',#1149,#10) 
REPRESENTATION_RELATIONSHIP_WITH_TRANSFORMATION(#6890) 
SHAPE_REPRESENTATION_RELATIONSHIP() );
#6890 = ITEM_DEFINED_TRANSFORMATION('','',#11,#215);
#6891 = PRODUCT_DEFINITION_SHAPE('Placement','Placement of an item',
  #6892);
#6892 = NEXT_ASSEMBLY_USAGE_OCCURRENCE('51','C41','',#5,#1144,$);
#6893 = CONTEXT_DEPENDENT_SHAPE_REPRESENTATION(#6894,#6896);
#6894 = ( REPRESENTATION_RELATIONSHIP('','',#340,#10) 
REPRESENTATION_RELATIONSHIP_WITH_TRANSFORMATION(#6895) 
SHAPE_REPRESENTATION_RELATIONSHIP() );
#6895 = ITEM_DEFINED_TRANSFORMATION('','',#11,#219);
#6896 = PRODUCT_DEFINITION_SHAPE('Placement','Placement of an item',
  #6897);
#6897 = NEXT_ASSEMBLY_USAGE_OCCURRENCE('52','R21','',#5,#335,$);
#6898 = CONTEXT_DEPENDENT_SHAPE_REPRESENTATION(#6899,#6901);
#6899 = ( REPRESENTATION_RELATIONSHIP('','',#1149,#10) 
REPRESENTATION_RELATIONSHIP_WITH_TRANSFORMATION(#6900) 
SHAPE_REPRESENTATION_RELATIONSHIP() );
#6900 = ITEM_DEFINED_TRANSFORMATION('','',#11,#223);
#6901 = PRODUCT_DEFINITION_SHAPE('Placement','Placement of an item',
  #6902);
#6902 = NEXT_ASSEMBLY_USAGE_OCCURRENCE('53','C20','',#5,#1144,$);
#6903 = CONTEXT_DEPENDENT_SHAPE_REPRESENTATION(#6904,#6906);
#6904 = ( REPRESENTATION_RELATIONSHIP('','',#1149,#10) 
REPRESENTATION_RELATIONSHIP_WITH_TRANSFORMATION(#6905) 
SHAPE_REPRESENTATION_RELATIONSHIP() );
#6905 = ITEM_DEFINED_TRANSFORMATION('','',#11,#227);
#6906 = PRODUCT_DEFINITION_SHAPE('Placement','Placement of an item',
  #6907);
#6907 = NEXT_ASSEMBLY_USAGE_OCCURRENCE('54','C15','',#5,#1144,$);
#6908 = CONTEXT_DEPENDENT_SHAPE_REPRESENTATION(#6909,#6911);
#6909 = ( REPRESENTATION_RELATIONSHIP('','',#1149,#10) 
REPRESENTATION_RELATIONSHIP_WITH_TRANSFORMATION(#6910) 
SHAPE_REPRESENTATION_RELATIONSHIP() );
#6910 = ITEM_DEFINED_TRANSFORMATION('','',#11,#231);
#6911 = PRODUCT_DEFINITION_SHAPE('Placement','Placement of an item',
  #6912);
#6912 = NEXT_ASSEMBLY_USAGE_OCCURRENCE('55','C35','',#5,#1144,$);
#6913 = CONTEXT_DEPENDENT_SHAPE_REPRESENTATION(#6914,#6916);
#6914 = ( REPRESENTATION_RELATIONSHIP('','',#1149,#10) 
REPRESENTATION_RELATIONSHIP_WITH_TRANSFORMATION(#6915) 
SHAPE_REPRESENTATION_RELATIONSHIP() );
#6915 = ITEM_DEFINED_TRANSFORMATION('','',#11,#235);
#6916 = PRODUCT_DEFINITION_SHAPE('Placement','Placement of an item',
  #6917);
#6917 = NEXT_ASSEMBLY_USAGE_OCCURRENCE('56','C21','',#5,#1144,$);
#6918 = CONTEXT_DEPENDENT_SHAPE_REPRESENTATION(#6919,#6921);
#6919 = ( REPRESENTATION_RELATIONSHIP('','',#1149,#10) 
REPRESENTATION_RELATIONSHIP_WITH_TRANSFORMATION(#6920) 
SHAPE_REPRESENTATION_RELATIONSHIP() );
#6920 = ITEM_DEFINED_TRANSFORMATION('','',#11,#239);
#6921 = PRODUCT_DEFINITION_SHAPE('Placement','Placement of an item',
  #6922);
#6922 = NEXT_ASSEMBLY_USAGE_OCCURRENCE('57','C39','',#5,#1144,$);
#6923 = CONTEXT_DEPENDENT_SHAPE_REPRESENTATION(#6924,#6926);
#6924 = ( REPRESENTATION_RELATIONSHIP('','',#1149,#10) 
REPRESENTATION_RELATIONSHIP_WITH_TRANSFORMATION(#6925) 
SHAPE_REPRESENTATION_RELATIONSHIP() );
#6925 = ITEM_DEFINED_TRANSFORMATION('','',#11,#243);
#6926 = PRODUCT_DEFINITION_SHAPE('Placement','Placement of an item',
  #6927);
#6927 = NEXT_ASSEMBLY_USAGE_OCCURRENCE('58','C18','',#5,#1144,$);
#6928 = CONTEXT_DEPENDENT_SHAPE_REPRESENTATION(#6929,#6931);
#6929 = ( REPRESENTATION_RELATIONSHIP('','',#1149,#10) 
REPRESENTATION_RELATIONSHIP_WITH_TRANSFORMATION(#6930) 
SHAPE_REPRESENTATION_RELATIONSHIP() );
#6930 = ITEM_DEFINED_TRANSFORMATION('','',#11,#247);
#6931 = PRODUCT_DEFINITION_SHAPE('Placement','Placement of an item',
  #6932);
#6932 = NEXT_ASSEMBLY_USAGE_OCCURRENCE('59','C38','',#5,#1144,$);
#6933 = CONTEXT_DEPENDENT_SHAPE_REPRESENTATION(#6934,#6936);
#6934 = ( REPRESENTATION_RELATIONSHIP('','',#1149,#10) 
REPRESENTATION_RELATIONSHIP_WITH_TRANSFORMATION(#6935) 
SHAPE_REPRESENTATION_RELATIONSHIP() );
#6935 = ITEM_DEFINED_TRANSFORMATION('','',#11,#251);
#6936 = PRODUCT_DEFINITION_SHAPE('Placement','Placement of an item',
  #6937);
#6937 = NEXT_ASSEMBLY_USAGE_OCCURRENCE('60','C19','',#5,#1144,$);
#6938 = CONTEXT_DEPENDENT_SHAPE_REPRESENTATION(#6939,#6941);
#6939 = ( REPRESENTATION_RELATIONSHIP('','',#1149,#10) 
REPRESENTATION_RELATIONSHIP_WITH_TRANSFORMATION(#6940) 
SHAPE_REPRESENTATION_RELATIONSHIP() );
#6940 = ITEM_DEFINED_TRANSFORMATION('','',#11,#255);
#6941 = PRODUCT_DEFINITION_SHAPE('Placement','Placement of an item',
  #6942);
#6942 = NEXT_ASSEMBLY_USAGE_OCCURRENCE('61','C29','',#5,#1144,$);
#6943 = CONTEXT_DEPENDENT_SHAPE_REPRESENTATION(#6944,#6946);
#6944 = ( REPRESENTATION_RELATIONSHIP('','',#2970,#10) 
REPRESENTATION_RELATIONSHIP_WITH_TRANSFORMATION(#6945) 
SHAPE_REPRESENTATION_RELATIONSHIP() );
#6945 = ITEM_DEFINED_TRANSFORMATION('','',#11,#259);
#6946 = PRODUCT_DEFINITION_SHAPE('Placement','Placement of an item',
  #6947);
#6947 = NEXT_ASSEMBLY_USAGE_OCCURRENCE('62','C26','',#5,#2965,$);
#6948 = CONTEXT_DEPENDENT_SHAPE_REPRESENTATION(#6949,#6951);
#6949 = ( REPRESENTATION_RELATIONSHIP('','',#340,#10) 
REPRESENTATION_RELATIONSHIP_WITH_TRANSFORMATION(#6950) 
SHAPE_REPRESENTATION_RELATIONSHIP() );
#6950 = ITEM_DEFINED_TRANSFORMATION('','',#11,#263);
#6951 = PRODUCT_DEFINITION_SHAPE('Placement','Placement of an item',
  #6952);
#6952 = NEXT_ASSEMBLY_USAGE_OCCURRENCE('63','R33','',#5,#335,$);
#6953 = CONTEXT_DEPENDENT_SHAPE_REPRESENTATION(#6954,#6956);
#6954 = ( REPRESENTATION_RELATIONSHIP('','',#1149,#10) 
REPRESENTATION_RELATIONSHIP_WITH_TRANSFORMATION(#6955) 
SHAPE_REPRESENTATION_RELATIONSHIP() );
#6955 = ITEM_DEFINED_TRANSFORMATION('','',#11,#267);
#6956 = PRODUCT_DEFINITION_SHAPE('Placement','Placement of an item',
  #6957);
#6957 = NEXT_ASSEMBLY_USAGE_OCCURRENCE('64','C17','',#5,#1144,$);
#6958 = CONTEXT_DEPENDENT_SHAPE_REPRESENTATION(#6959,#6961);
#6959 = ( REPRESENTATION_RELATIONSHIP('','',#1149,#10) 
REPRESENTATION_RELATIONSHIP_WITH_TRANSFORMATION(#6960) 
SHAPE_REPRESENTATION_RELATIONSHIP() );
#6960 = ITEM_DEFINED_TRANSFORMATION('','',#11,#271);
#6961 = PRODUCT_DEFINITION_SHAPE('Placement','Placement of an item',
  #6962);
#6962 = NEXT_ASSEMBLY_USAGE_OCCURRENCE('65','C40','',#5,#1144,$);
#6963 = CONTEXT_DEPENDENT_SHAPE_REPRESENTATION(#6964,#6966);
#6964 = ( REPRESENTATION_RELATIONSHIP('','',#1149,#10) 
REPRESENTATION_RELATIONSHIP_WITH_TRANSFORMATION(#6965) 
SHAPE_REPRESENTATION_RELATIONSHIP() );
#6965 = ITEM_DEFINED_TRANSFORMATION('','',#11,#275);
#6966 = PRODUCT_DEFINITION_SHAPE('Placement','Placement of an item',
  #6967);
#6967 = NEXT_ASSEMBLY_USAGE_OCCURRENCE('66','C43','',#5,#1144,$);
#6968 = CONTEXT_DEPENDENT_SHAPE_REPRESENTATION(#6969,#6971);
#6969 = ( REPRESENTATION_RELATIONSHIP('','',#1149,#10) 
REPRESENTATION_RELATIONSHIP_WITH_TRANSFORMATION(#6970) 
SHAPE_REPRESENTATION_RELATIONSHIP() );
#6970 = ITEM_DEFINED_TRANSFORMATION('','',#11,#279);
#6971 = PRODUCT_DEFINITION_SHAPE('Placement','Placement of an item',
  #6972);
#6972 = NEXT_ASSEMBLY_USAGE_OCCURRENCE('67','C57','',#5,#1144,$);
#6973 = CONTEXT_DEPENDENT_SHAPE_REPRESENTATION(#6974,#6976);
#6974 = ( REPRESENTATION_RELATIONSHIP('','',#1149,#10) 
REPRESENTATION_RELATIONSHIP_WITH_TRANSFORMATION(#6975) 
SHAPE_REPRESENTATION_RELATIONSHIP() );
#6975 = ITEM_DEFINED_TRANSFORMATION('','',#11,#283);
#6976 = PRODUCT_DEFINITION_SHAPE('Placement','Placement of an item',
  #6977);
#6977 = NEXT_ASSEMBLY_USAGE_OCCURRENCE('68','C14','',#5,#1144,$);
#6978 = CONTEXT_DEPENDENT_SHAPE_REPRESENTATION(#6979,#6981);
#6979 = ( REPRESENTATION_RELATIONSHIP('','',#2970,#10) 
REPRESENTATION_RELATIONSHIP_WITH_TRANSFORMATION(#6980) 
SHAPE_REPRESENTATION_RELATIONSHIP() );
#6980 = ITEM_DEFINED_TRANSFORMATION('','',#11,#287);
#6981 = PRODUCT_DEFINITION_SHAPE('Placement','Placement of an item',
  #6982);
#6982 = NEXT_ASSEMBLY_USAGE_OCCURRENCE('69','C46','',#5,#2965,$);
#6983 = CONTEXT_DEPENDENT_SHAPE_REPRESENTATION(#6984,#6986);
#6984 = ( REPRESENTATION_RELATIONSHIP('','',#6086,#10) 
REPRESENTATION_RELATIONSHIP_WITH_TRANSFORMATION(#6985) 
SHAPE_REPRESENTATION_RELATIONSHIP() );
#6985 = ITEM_DEFINED_TRANSFORMATION('','',#11,#291);
#6986 = PRODUCT_DEFINITION_SHAPE('Placement','Placement of an item',
  #6987);
#6987 = NEXT_ASSEMBLY_USAGE_OCCURRENCE('70','R26','',#5,#6081,$);
#6988 = CONTEXT_DEPENDENT_SHAPE_REPRESENTATION(#6989,#6991);
#6989 = ( REPRESENTATION_RELATIONSHIP('','',#1149,#10) 
REPRESENTATION_RELATIONSHIP_WITH_TRANSFORMATION(#6990) 
SHAPE_REPRESENTATION_RELATIONSHIP() );
#6990 = ITEM_DEFINED_TRANSFORMATION('','',#11,#295);
#6991 = PRODUCT_DEFINITION_SHAPE('Placement','Placement of an item',
  #6992);
#6992 = NEXT_ASSEMBLY_USAGE_OCCURRENCE('71','C58','',#5,#1144,$);
#6993 = CONTEXT_DEPENDENT_SHAPE_REPRESENTATION(#6994,#6996);
#6994 = ( REPRESENTATION_RELATIONSHIP('','',#2970,#10) 
REPRESENTATION_RELATIONSHIP_WITH_TRANSFORMATION(#6995) 
SHAPE_REPRESENTATION_RELATIONSHIP() );
#6995 = ITEM_DEFINED_TRANSFORMATION('','',#11,#299);
#6996 = PRODUCT_DEFINITION_SHAPE('Placement','Placement of an item',
  #6997);
#6997 = NEXT_ASSEMBLY_USAGE_OCCURRENCE('72','C25','',#5,#2965,$);
#6998 = SHAPE_DEFINITION_REPRESENTATION(#6999,#7005);
#6999 = PRODUCT_DEFINITION_SHAPE('','',#7000);
#7000 = PRODUCT_DEFINITION('design','',#7001,#7004);
#7001 = PRODUCT_DEFINITION_FORMATION('','',#7002);
#7002 = PRODUCT('SOT-23','SOT-23','',(#7003));
#7003 = PRODUCT_CONTEXT('',#2,'mechanical');
#7004 = PRODUCT_DEFINITION_CONTEXT('part definition',#2,'design');
#7005 = ADVANCED_BREP_SHAPE_REPRESENTATION('',(#11,#7006),#8988);
#7006 = MANIFOLD_SOLID_BREP('',#7007);
#7007 = CLOSED_SHELL('',(#7008,#7046,#7109,#7132,#7161,#7184,#7239,#7278
    ,#7301,#7324,#7341,#7364,#7452,#7468,#7498,#7531,#7562,#7595,#7612,
    #7629,#7662,#7692,#7715,#7738,#7755,#7784,#7838,#7861,#7884,#7907,
    #7946,#7968,#8012,#8087,#8111,#8179,#8196,#8271,#8295,#8363,#8438,
    #8462,#8530,#8547,#8564,#8610,#8626,#8642,#8659,#8671,#8688,#8705,
    #8722,#8739,#8756,#8773,#8785,#8802,#8819,#8836,#8853,#8870,#8882,
    #8899,#8916,#8933,#8950,#8967,#8979));
#7008 = ADVANCED_FACE('',(#7009),#7041,.F.);
#7009 = FACE_BOUND('',#7010,.F.);
#7010 = EDGE_LOOP('',(#7011,#7021,#7028,#7036));
#7011 = ORIENTED_EDGE('',*,*,#7012,.T.);
#7012 = EDGE_CURVE('',#7013,#7015,#7017,.T.);
#7013 = VERTEX_POINT('',#7014);
#7014 = CARTESIAN_POINT('',(-0.571621551758,1.433243103516,0.1));
#7015 = VERTEX_POINT('',#7016);
#7016 = CARTESIAN_POINT('',(0.571621551758,1.433243103516,0.1));
#7017 = LINE('',#7018,#7019);
#7018 = CARTESIAN_POINT('',(-0.571621551758,1.433243103516,0.1));
#7019 = VECTOR('',#7020,1.);
#7020 = DIRECTION('',(1.,1.110223024625E-16,0.));
#7021 = ORIENTED_EDGE('',*,*,#7022,.T.);
#7022 = EDGE_CURVE('',#7015,#7023,#7025,.T.);
#7023 = VERTEX_POINT('',#7024);
#7024 = CARTESIAN_POINT('',(0.605,1.5,0.575));
#7025 = B_SPLINE_CURVE_WITH_KNOTS('',1,(#7026,#7027),.UNSPECIFIED.,.F.,
  .F.,(2,2),(0.,1.),.PIECEWISE_BEZIER_KNOTS.);
#7026 = CARTESIAN_POINT('',(0.571621551758,1.433243103516,0.1));
#7027 = CARTESIAN_POINT('',(0.605,1.5,0.575));
#7028 = ORIENTED_EDGE('',*,*,#7029,.F.);
#7029 = EDGE_CURVE('',#7030,#7023,#7032,.T.);
#7030 = VERTEX_POINT('',#7031);
#7031 = CARTESIAN_POINT('',(-0.605,1.5,0.575));
#7032 = LINE('',#7033,#7034);
#7033 = CARTESIAN_POINT('',(-0.605,1.5,0.575));
#7034 = VECTOR('',#7035,1.);
#7035 = DIRECTION('',(1.,1.110223024625E-16,0.));
#7036 = ORIENTED_EDGE('',*,*,#7037,.F.);
#7037 = EDGE_CURVE('',#7013,#7030,#7038,.T.);
#7038 = B_SPLINE_CURVE_WITH_KNOTS('',1,(#7039,#7040),.UNSPECIFIED.,.F.,
  .F.,(2,2),(0.,1.),.PIECEWISE_BEZIER_KNOTS.);
#7039 = CARTESIAN_POINT('',(-0.571621551758,1.433243103516,0.1));
#7040 = CARTESIAN_POINT('',(-0.605,1.5,0.575));
#7041 = B_SPLINE_SURFACE_WITH_KNOTS('',1,1,(
    (#7042,#7043)
    ,(#7044,#7045
    )),.UNSPECIFIED.,.F.,.F.,.F.,(2,2),(2,2),(0.,1.21),(0.,1.),
  .PIECEWISE_BEZIER_KNOTS.);
#7042 = CARTESIAN_POINT('',(-0.571621551758,1.433243103516,0.1));
#7043 = CARTESIAN_POINT('',(-0.605,1.5,0.575));
#7044 = CARTESIAN_POINT('',(0.571621551758,1.433243103516,0.1));
#7045 = CARTESIAN_POINT('',(0.605,1.5,0.575));
#7046 = ADVANCED_FACE('',(#7047),#7104,.T.);
#7047 = FACE_BOUND('',#7048,.T.);
#7048 = EDGE_LOOP('',(#7049,#7050,#7058,#7066,#7074,#7082,#7090,#7098));
#7049 = ORIENTED_EDGE('',*,*,#7012,.T.);
#7050 = ORIENTED_EDGE('',*,*,#7051,.T.);
#7051 = EDGE_CURVE('',#7015,#7052,#7054,.T.);
#7052 = VERTEX_POINT('',#7053);
#7053 = CARTESIAN_POINT('',(0.633243103516,1.371621551758,0.1));
#7054 = LINE('',#7055,#7056);
#7055 = CARTESIAN_POINT('',(0.571621551758,1.433243103516,0.1));
#7056 = VECTOR('',#7057,1.);
#7057 = DIRECTION('',(0.707106781187,-0.707106781187,0.));
#7058 = ORIENTED_EDGE('',*,*,#7059,.T.);
#7059 = EDGE_CURVE('',#7052,#7060,#7062,.T.);
#7060 = VERTEX_POINT('',#7061);
#7061 = CARTESIAN_POINT('',(0.633243103516,-1.371621551758,0.1));
#7062 = LINE('',#7063,#7064);
#7063 = CARTESIAN_POINT('',(0.633243103516,1.371621551758,0.1));
#7064 = VECTOR('',#7065,1.);
#7065 = DIRECTION('',(1.110223024625E-16,-1.,0.));
#7066 = ORIENTED_EDGE('',*,*,#7067,.T.);
#7067 = EDGE_CURVE('',#7060,#7068,#7070,.T.);
#7068 = VERTEX_POINT('',#7069);
#7069 = CARTESIAN_POINT('',(0.571621551758,-1.433243103516,0.1));
#7070 = LINE('',#7071,#7072);
#7071 = CARTESIAN_POINT('',(0.633243103516,-1.371621551758,0.1));
#7072 = VECTOR('',#7073,1.);
#7073 = DIRECTION('',(-0.707106781187,-0.707106781187,0.));
#7074 = ORIENTED_EDGE('',*,*,#7075,.T.);
#7075 = EDGE_CURVE('',#7068,#7076,#7078,.T.);
#7076 = VERTEX_POINT('',#7077);
#7077 = CARTESIAN_POINT('',(-0.571621551758,-1.433243103516,0.1));
#7078 = LINE('',#7079,#7080);
#7079 = CARTESIAN_POINT('',(0.571621551758,-1.433243103516,0.1));
#7080 = VECTOR('',#7081,1.);
#7081 = DIRECTION('',(-1.,-1.110223024625E-16,0.));
#7082 = ORIENTED_EDGE('',*,*,#7083,.T.);
#7083 = EDGE_CURVE('',#7076,#7084,#7086,.T.);
#7084 = VERTEX_POINT('',#7085);
#7085 = CARTESIAN_POINT('',(-0.633243103516,-1.371621551758,0.1));
#7086 = LINE('',#7087,#7088);
#7087 = CARTESIAN_POINT('',(-0.571621551758,-1.433243103516,0.1));
#7088 = VECTOR('',#7089,1.);
#7089 = DIRECTION('',(-0.707106781187,0.707106781187,0.));
#7090 = ORIENTED_EDGE('',*,*,#7091,.T.);
#7091 = EDGE_CURVE('',#7084,#7092,#7094,.T.);
#7092 = VERTEX_POINT('',#7093);
#7093 = CARTESIAN_POINT('',(-0.633243103516,1.371621551758,0.1));
#7094 = LINE('',#7095,#7096);
#7095 = CARTESIAN_POINT('',(-0.633243103516,-1.371621551758,0.1));
#7096 = VECTOR('',#7097,1.);
#7097 = DIRECTION('',(-1.110223024625E-16,1.,0.));
#7098 = ORIENTED_EDGE('',*,*,#7099,.T.);
#7099 = EDGE_CURVE('',#7092,#7013,#7100,.T.);
#7100 = LINE('',#7101,#7102);
#7101 = CARTESIAN_POINT('',(-0.633243103516,1.371621551758,0.1));
#7102 = VECTOR('',#7103,1.);
#7103 = DIRECTION('',(0.707106781187,0.707106781187,0.));
#7104 = PLANE('',#7105);
#7105 = AXIS2_PLACEMENT_3D('',#7106,#7107,#7108);
#7106 = CARTESIAN_POINT('',(-0.571621551758,1.433243103516,0.1));
#7107 = DIRECTION('',(0.,0.,-1.));
#7108 = DIRECTION('',(0.370454302632,-0.928850692879,0.));
#7109 = ADVANCED_FACE('',(#7110),#7127,.F.);
#7110 = FACE_BOUND('',#7111,.F.);
#7111 = EDGE_LOOP('',(#7112,#7113,#7120,#7126));
#7112 = ORIENTED_EDGE('',*,*,#7051,.T.);
#7113 = ORIENTED_EDGE('',*,*,#7114,.T.);
#7114 = EDGE_CURVE('',#7052,#7115,#7117,.T.);
#7115 = VERTEX_POINT('',#7116);
#7116 = CARTESIAN_POINT('',(0.7,1.405,0.575));
#7117 = B_SPLINE_CURVE_WITH_KNOTS('',1,(#7118,#7119),.UNSPECIFIED.,.F.,
  .F.,(2,2),(0.,1.),.PIECEWISE_BEZIER_KNOTS.);
#7118 = CARTESIAN_POINT('',(0.633243103516,1.371621551758,0.1));
#7119 = CARTESIAN_POINT('',(0.7,1.405,0.575));
#7120 = ORIENTED_EDGE('',*,*,#7121,.F.);
#7121 = EDGE_CURVE('',#7023,#7115,#7122,.T.);
#7122 = LINE('',#7123,#7124);
#7123 = CARTESIAN_POINT('',(0.605,1.5,0.575));
#7124 = VECTOR('',#7125,1.);
#7125 = DIRECTION('',(0.707106781187,-0.707106781187,0.));
#7126 = ORIENTED_EDGE('',*,*,#7022,.F.);
#7127 = B_SPLINE_SURFACE_WITH_KNOTS('',1,1,(
    (#7128,#7129)
    ,(#7130,#7131
    )),.UNSPECIFIED.,.F.,.F.,.F.,(2,2),(2,2),(0.,0.134350288425),(0.,1.)
  ,.PIECEWISE_BEZIER_KNOTS.);
#7128 = CARTESIAN_POINT('',(0.571621551758,1.433243103516,0.1));
#7129 = CARTESIAN_POINT('',(0.605,1.5,0.575));
#7130 = CARTESIAN_POINT('',(0.633243103516,1.371621551758,0.1));
#7131 = CARTESIAN_POINT('',(0.7,1.405,0.575));
#7132 = ADVANCED_FACE('',(#7133),#7156,.F.);
#7133 = FACE_BOUND('',#7134,.F.);
#7134 = EDGE_LOOP('',(#7135,#7136,#7143,#7151));
#7135 = ORIENTED_EDGE('',*,*,#7029,.T.);
#7136 = ORIENTED_EDGE('',*,*,#7137,.T.);
#7137 = EDGE_CURVE('',#7023,#7138,#7140,.T.);
#7138 = VERTEX_POINT('',#7139);
#7139 = CARTESIAN_POINT('',(0.605,1.5,0.725));
#7140 = B_SPLINE_CURVE_WITH_KNOTS('',1,(#7141,#7142),.UNSPECIFIED.,.F.,
  .F.,(2,2),(0.,1.),.PIECEWISE_BEZIER_KNOTS.);
#7141 = CARTESIAN_POINT('',(0.605,1.5,0.575));
#7142 = CARTESIAN_POINT('',(0.605,1.5,0.725));
#7143 = ORIENTED_EDGE('',*,*,#7144,.F.);
#7144 = EDGE_CURVE('',#7145,#7138,#7147,.T.);
#7145 = VERTEX_POINT('',#7146);
#7146 = CARTESIAN_POINT('',(-0.605,1.5,0.725));
#7147 = LINE('',#7148,#7149);
#7148 = CARTESIAN_POINT('',(-0.605,1.5,0.725));
#7149 = VECTOR('',#7150,1.);
#7150 = DIRECTION('',(1.,1.110223024625E-16,0.));
#7151 = ORIENTED_EDGE('',*,*,#7152,.F.);
#7152 = EDGE_CURVE('',#7030,#7145,#7153,.T.);
#7153 = B_SPLINE_CURVE_WITH_KNOTS('',1,(#7154,#7155),.UNSPECIFIED.,.F.,
  .F.,(2,2),(0.,1.),.PIECEWISE_BEZIER_KNOTS.);
#7154 = CARTESIAN_POINT('',(-0.605,1.5,0.575));
#7155 = CARTESIAN_POINT('',(-0.605,1.5,0.725));
#7156 = PLANE('',#7157);
#7157 = AXIS2_PLACEMENT_3D('',#7158,#7159,#7160);
#7158 = CARTESIAN_POINT('',(-0.605,1.5,0.725));
#7159 = DIRECTION('',(1.110223024625E-16,-1.,0.));
#7160 = DIRECTION('',(1.,1.110223024625E-16,0.));
#7161 = ADVANCED_FACE('',(#7162),#7179,.F.);
#7162 = FACE_BOUND('',#7163,.F.);
#7163 = EDGE_LOOP('',(#7164,#7165,#7166,#7174));
#7164 = ORIENTED_EDGE('',*,*,#7099,.T.);
#7165 = ORIENTED_EDGE('',*,*,#7037,.T.);
#7166 = ORIENTED_EDGE('',*,*,#7167,.F.);
#7167 = EDGE_CURVE('',#7168,#7030,#7170,.T.);
#7168 = VERTEX_POINT('',#7169);
#7169 = CARTESIAN_POINT('',(-0.7,1.405,0.575));
#7170 = LINE('',#7171,#7172);
#7171 = CARTESIAN_POINT('',(-0.7,1.405,0.575));
#7172 = VECTOR('',#7173,1.);
#7173 = DIRECTION('',(0.707106781187,0.707106781187,0.));
#7174 = ORIENTED_EDGE('',*,*,#7175,.F.);
#7175 = EDGE_CURVE('',#7092,#7168,#7176,.T.);
#7176 = B_SPLINE_CURVE_WITH_KNOTS('',1,(#7177,#7178),.UNSPECIFIED.,.F.,
  .F.,(2,2),(0.,1.),.PIECEWISE_BEZIER_KNOTS.);
#7177 = CARTESIAN_POINT('',(-0.633243103516,1.371621551758,0.1));
#7178 = CARTESIAN_POINT('',(-0.7,1.405,0.575));
#7179 = B_SPLINE_SURFACE_WITH_KNOTS('',1,1,(
    (#7180,#7181)
    ,(#7182,#7183
    )),.UNSPECIFIED.,.F.,.F.,.F.,(2,2),(2,2),(0.,0.134350288425),(0.,1.)
  ,.PIECEWISE_BEZIER_KNOTS.);
#7180 = CARTESIAN_POINT('',(-0.633243103516,1.371621551758,0.1));
#7181 = CARTESIAN_POINT('',(-0.7,1.405,0.575));
#7182 = CARTESIAN_POINT('',(-0.571621551758,1.433243103516,0.1));
#7183 = CARTESIAN_POINT('',(-0.605,1.5,0.575));
#7184 = ADVANCED_FACE('',(#7185),#7234,.F.);
#7185 = FACE_BOUND('',#7186,.F.);
#7186 = EDGE_LOOP('',(#7187,#7188,#7189,#7197,#7205,#7213,#7221,#7229));
#7187 = ORIENTED_EDGE('',*,*,#7091,.T.);
#7188 = ORIENTED_EDGE('',*,*,#7175,.T.);
#7189 = ORIENTED_EDGE('',*,*,#7190,.F.);
#7190 = EDGE_CURVE('',#7191,#7168,#7193,.T.);
#7191 = VERTEX_POINT('',#7192);
#7192 = CARTESIAN_POINT('',(-0.7,1.15,0.575));
#7193 = LINE('',#7194,#7195);
#7194 = CARTESIAN_POINT('',(-0.7,-1.405,0.575));
#7195 = VECTOR('',#7196,1.);
#7196 = DIRECTION('',(-1.110223024625E-16,1.,0.));
#7197 = ORIENTED_EDGE('',*,*,#7198,.F.);
#7198 = EDGE_CURVE('',#7199,#7191,#7201,.T.);
#7199 = VERTEX_POINT('',#7200);
#7200 = CARTESIAN_POINT('',(-0.7,0.75,0.575));
#7201 = LINE('',#7202,#7203);
#7202 = CARTESIAN_POINT('',(-0.7,0.75,0.575));
#7203 = VECTOR('',#7204,1.);
#7204 = DIRECTION('',(1.144237745222E-17,1.,0.));
#7205 = ORIENTED_EDGE('',*,*,#7206,.F.);
#7206 = EDGE_CURVE('',#7207,#7199,#7209,.T.);
#7207 = VERTEX_POINT('',#7208);
#7208 = CARTESIAN_POINT('',(-0.7,-0.75,0.575));
#7209 = LINE('',#7210,#7211);
#7210 = CARTESIAN_POINT('',(-0.7,-1.405,0.575));
#7211 = VECTOR('',#7212,1.);
#7212 = DIRECTION('',(-1.110223024625E-16,1.,0.));
#7213 = ORIENTED_EDGE('',*,*,#7214,.F.);
#7214 = EDGE_CURVE('',#7215,#7207,#7217,.T.);
#7215 = VERTEX_POINT('',#7216);
#7216 = CARTESIAN_POINT('',(-0.7,-1.15,0.575));
#7217 = LINE('',#7218,#7219);
#7218 = CARTESIAN_POINT('',(-0.7,-1.15,0.575));
#7219 = VECTOR('',#7220,1.);
#7220 = DIRECTION('',(1.144237745222E-17,1.,0.));
#7221 = ORIENTED_EDGE('',*,*,#7222,.F.);
#7222 = EDGE_CURVE('',#7223,#7215,#7225,.T.);
#7223 = VERTEX_POINT('',#7224);
#7224 = CARTESIAN_POINT('',(-0.7,-1.405,0.575));
#7225 = LINE('',#7226,#7227);
#7226 = CARTESIAN_POINT('',(-0.7,-1.405,0.575));
#7227 = VECTOR('',#7228,1.);
#7228 = DIRECTION('',(-1.110223024625E-16,1.,0.));
#7229 = ORIENTED_EDGE('',*,*,#7230,.F.);
#7230 = EDGE_CURVE('',#7084,#7223,#7231,.T.);
#7231 = B_SPLINE_CURVE_WITH_KNOTS('',1,(#7232,#7233),.UNSPECIFIED.,.F.,
  .F.,(2,2),(0.,1.),.PIECEWISE_BEZIER_KNOTS.);
#7232 = CARTESIAN_POINT('',(-0.633243103516,-1.371621551758,0.1));
#7233 = CARTESIAN_POINT('',(-0.7,-1.405,0.575));
#7234 = B_SPLINE_SURFACE_WITH_KNOTS('',1,1,(
    (#7235,#7236)
    ,(#7237,#7238
    )),.UNSPECIFIED.,.F.,.F.,.F.,(2,2),(2,2),(0.,2.81),(0.,1.),
  .PIECEWISE_BEZIER_KNOTS.);
#7235 = CARTESIAN_POINT('',(-0.633243103516,-1.371621551758,0.1));
#7236 = CARTESIAN_POINT('',(-0.7,-1.405,0.575));
#7237 = CARTESIAN_POINT('',(-0.633243103516,1.371621551758,0.1));
#7238 = CARTESIAN_POINT('',(-0.7,1.405,0.575));
#7239 = ADVANCED_FACE('',(#7240),#7273,.F.);
#7240 = FACE_BOUND('',#7241,.F.);
#7241 = EDGE_LOOP('',(#7242,#7243,#7250,#7258,#7266,#7272));
#7242 = ORIENTED_EDGE('',*,*,#7059,.T.);
#7243 = ORIENTED_EDGE('',*,*,#7244,.T.);
#7244 = EDGE_CURVE('',#7060,#7245,#7247,.T.);
#7245 = VERTEX_POINT('',#7246);
#7246 = CARTESIAN_POINT('',(0.7,-1.405,0.575));
#7247 = B_SPLINE_CURVE_WITH_KNOTS('',1,(#7248,#7249),.UNSPECIFIED.,.F.,
  .F.,(2,2),(0.,1.),.PIECEWISE_BEZIER_KNOTS.);
#7248 = CARTESIAN_POINT('',(0.633243103516,-1.371621551758,0.1));
#7249 = CARTESIAN_POINT('',(0.7,-1.405,0.575));
#7250 = ORIENTED_EDGE('',*,*,#7251,.F.);
#7251 = EDGE_CURVE('',#7252,#7245,#7254,.T.);
#7252 = VERTEX_POINT('',#7253);
#7253 = CARTESIAN_POINT('',(0.7,-0.2,0.575));
#7254 = LINE('',#7255,#7256);
#7255 = CARTESIAN_POINT('',(0.7,1.405,0.575));
#7256 = VECTOR('',#7257,1.);
#7257 = DIRECTION('',(1.110223024625E-16,-1.,0.));
#7258 = ORIENTED_EDGE('',*,*,#7259,.F.);
#7259 = EDGE_CURVE('',#7260,#7252,#7262,.T.);
#7260 = VERTEX_POINT('',#7261);
#7261 = CARTESIAN_POINT('',(0.7,0.2,0.575));
#7262 = LINE('',#7263,#7264);
#7263 = CARTESIAN_POINT('',(0.7,0.2,0.575));
#7264 = VECTOR('',#7265,1.);
#7265 = DIRECTION('',(1.110223024625E-16,-1.,0.));
#7266 = ORIENTED_EDGE('',*,*,#7267,.F.);
#7267 = EDGE_CURVE('',#7115,#7260,#7268,.T.);
#7268 = LINE('',#7269,#7270);
#7269 = CARTESIAN_POINT('',(0.7,1.405,0.575));
#7270 = VECTOR('',#7271,1.);
#7271 = DIRECTION('',(1.110223024625E-16,-1.,0.));
#7272 = ORIENTED_EDGE('',*,*,#7114,.F.);
#7273 = B_SPLINE_SURFACE_WITH_KNOTS('',1,1,(
    (#7274,#7275)
    ,(#7276,#7277
    )),.UNSPECIFIED.,.F.,.F.,.F.,(2,2),(2,2),(0.,2.81),(0.,1.),
  .PIECEWISE_BEZIER_KNOTS.);
#7274 = CARTESIAN_POINT('',(0.633243103516,1.371621551758,0.1));
#7275 = CARTESIAN_POINT('',(0.7,1.405,0.575));
#7276 = CARTESIAN_POINT('',(0.633243103516,-1.371621551758,0.1));
#7277 = CARTESIAN_POINT('',(0.7,-1.405,0.575));
#7278 = ADVANCED_FACE('',(#7279),#7296,.F.);
#7279 = FACE_BOUND('',#7280,.F.);
#7280 = EDGE_LOOP('',(#7281,#7282,#7283,#7291));
#7281 = ORIENTED_EDGE('',*,*,#7083,.T.);
#7282 = ORIENTED_EDGE('',*,*,#7230,.T.);
#7283 = ORIENTED_EDGE('',*,*,#7284,.F.);
#7284 = EDGE_CURVE('',#7285,#7223,#7287,.T.);
#7285 = VERTEX_POINT('',#7286);
#7286 = CARTESIAN_POINT('',(-0.605,-1.5,0.575));
#7287 = LINE('',#7288,#7289);
#7288 = CARTESIAN_POINT('',(-0.605,-1.5,0.575));
#7289 = VECTOR('',#7290,1.);
#7290 = DIRECTION('',(-0.707106781187,0.707106781187,0.));
#7291 = ORIENTED_EDGE('',*,*,#7292,.F.);
#7292 = EDGE_CURVE('',#7076,#7285,#7293,.T.);
#7293 = B_SPLINE_CURVE_WITH_KNOTS('',1,(#7294,#7295),.UNSPECIFIED.,.F.,
  .F.,(2,2),(0.,1.),.PIECEWISE_BEZIER_KNOTS.);
#7294 = CARTESIAN_POINT('',(-0.571621551758,-1.433243103516,0.1));
#7295 = CARTESIAN_POINT('',(-0.605,-1.5,0.575));
#7296 = B_SPLINE_SURFACE_WITH_KNOTS('',1,1,(
    (#7297,#7298)
    ,(#7299,#7300
    )),.UNSPECIFIED.,.F.,.F.,.F.,(2,2),(2,2),(0.,0.134350288425),(0.,1.)
  ,.PIECEWISE_BEZIER_KNOTS.);
#7297 = CARTESIAN_POINT('',(-0.571621551758,-1.433243103516,0.1));
#7298 = CARTESIAN_POINT('',(-0.605,-1.5,0.575));
#7299 = CARTESIAN_POINT('',(-0.633243103516,-1.371621551758,0.1));
#7300 = CARTESIAN_POINT('',(-0.7,-1.405,0.575));
#7301 = ADVANCED_FACE('',(#7302),#7319,.F.);
#7302 = FACE_BOUND('',#7303,.F.);
#7303 = EDGE_LOOP('',(#7304,#7305,#7312,#7318));
#7304 = ORIENTED_EDGE('',*,*,#7067,.T.);
#7305 = ORIENTED_EDGE('',*,*,#7306,.T.);
#7306 = EDGE_CURVE('',#7068,#7307,#7309,.T.);
#7307 = VERTEX_POINT('',#7308);
#7308 = CARTESIAN_POINT('',(0.605,-1.5,0.575));
#7309 = B_SPLINE_CURVE_WITH_KNOTS('',1,(#7310,#7311),.UNSPECIFIED.,.F.,
  .F.,(2,2),(0.,1.),.PIECEWISE_BEZIER_KNOTS.);
#7310 = CARTESIAN_POINT('',(0.571621551758,-1.433243103516,0.1));
#7311 = CARTESIAN_POINT('',(0.605,-1.5,0.575));
#7312 = ORIENTED_EDGE('',*,*,#7313,.F.);
#7313 = EDGE_CURVE('',#7245,#7307,#7314,.T.);
#7314 = LINE('',#7315,#7316);
#7315 = CARTESIAN_POINT('',(0.7,-1.405,0.575));
#7316 = VECTOR('',#7317,1.);
#7317 = DIRECTION('',(-0.707106781187,-0.707106781187,0.));
#7318 = ORIENTED_EDGE('',*,*,#7244,.F.);
#7319 = B_SPLINE_SURFACE_WITH_KNOTS('',1,1,(
    (#7320,#7321)
    ,(#7322,#7323
    )),.UNSPECIFIED.,.F.,.F.,.F.,(2,2),(2,2),(0.,0.134350288425),(0.,1.)
  ,.PIECEWISE_BEZIER_KNOTS.);
#7320 = CARTESIAN_POINT('',(0.633243103516,-1.371621551758,0.1));
#7321 = CARTESIAN_POINT('',(0.7,-1.405,0.575));
#7322 = CARTESIAN_POINT('',(0.571621551758,-1.433243103516,0.1));
#7323 = CARTESIAN_POINT('',(0.605,-1.5,0.575));
#7324 = ADVANCED_FACE('',(#7325),#7336,.F.);
#7325 = FACE_BOUND('',#7326,.F.);
#7326 = EDGE_LOOP('',(#7327,#7328,#7329,#7335));
#7327 = ORIENTED_EDGE('',*,*,#7075,.T.);
#7328 = ORIENTED_EDGE('',*,*,#7292,.T.);
#7329 = ORIENTED_EDGE('',*,*,#7330,.F.);
#7330 = EDGE_CURVE('',#7307,#7285,#7331,.T.);
#7331 = LINE('',#7332,#7333);
#7332 = CARTESIAN_POINT('',(0.605,-1.5,0.575));
#7333 = VECTOR('',#7334,1.);
#7334 = DIRECTION('',(-1.,-1.110223024625E-16,0.));
#7335 = ORIENTED_EDGE('',*,*,#7306,.F.);
#7336 = B_SPLINE_SURFACE_WITH_KNOTS('',1,1,(
    (#7337,#7338)
    ,(#7339,#7340
    )),.UNSPECIFIED.,.F.,.F.,.F.,(2,2),(2,2),(0.,1.21),(0.,1.),
  .PIECEWISE_BEZIER_KNOTS.);
#7337 = CARTESIAN_POINT('',(0.571621551758,-1.433243103516,0.1));
#7338 = CARTESIAN_POINT('',(0.605,-1.5,0.575));
#7339 = CARTESIAN_POINT('',(-0.571621551758,-1.433243103516,0.1));
#7340 = CARTESIAN_POINT('',(-0.605,-1.5,0.575));
#7341 = ADVANCED_FACE('',(#7342),#7359,.F.);
#7342 = FACE_BOUND('',#7343,.F.);
#7343 = EDGE_LOOP('',(#7344,#7345,#7352,#7358));
#7344 = ORIENTED_EDGE('',*,*,#7121,.T.);
#7345 = ORIENTED_EDGE('',*,*,#7346,.T.);
#7346 = EDGE_CURVE('',#7115,#7347,#7349,.T.);
#7347 = VERTEX_POINT('',#7348);
#7348 = CARTESIAN_POINT('',(0.7,1.405,0.725));
#7349 = B_SPLINE_CURVE_WITH_KNOTS('',1,(#7350,#7351),.UNSPECIFIED.,.F.,
  .F.,(2,2),(0.,1.),.PIECEWISE_BEZIER_KNOTS.);
#7350 = CARTESIAN_POINT('',(0.7,1.405,0.575));
#7351 = CARTESIAN_POINT('',(0.7,1.405,0.725));
#7352 = ORIENTED_EDGE('',*,*,#7353,.F.);
#7353 = EDGE_CURVE('',#7138,#7347,#7354,.T.);
#7354 = LINE('',#7355,#7356);
#7355 = CARTESIAN_POINT('',(0.605,1.5,0.725));
#7356 = VECTOR('',#7357,1.);
#7357 = DIRECTION('',(0.707106781187,-0.707106781187,0.));
#7358 = ORIENTED_EDGE('',*,*,#7137,.F.);
#7359 = PLANE('',#7360);
#7360 = AXIS2_PLACEMENT_3D('',#7361,#7362,#7363);
#7361 = CARTESIAN_POINT('',(0.605,1.5,0.725));
#7362 = DIRECTION('',(-0.707106781187,-0.707106781187,0.));
#7363 = DIRECTION('',(0.707106781187,-0.707106781187,0.));
#7364 = ADVANCED_FACE('',(#7365),#7447,.F.);
#7365 = FACE_BOUND('',#7366,.F.);
#7366 = EDGE_LOOP('',(#7367,#7375,#7376,#7377,#7385,#7393,#7401,#7409,
    #7417,#7425,#7433,#7441));
#7367 = ORIENTED_EDGE('',*,*,#7368,.T.);
#7368 = EDGE_CURVE('',#7369,#7145,#7371,.T.);
#7369 = VERTEX_POINT('',#7370);
#7370 = CARTESIAN_POINT('',(-0.7,1.405,0.725));
#7371 = LINE('',#7372,#7373);
#7372 = CARTESIAN_POINT('',(-0.7,1.405,0.725));
#7373 = VECTOR('',#7374,1.);
#7374 = DIRECTION('',(0.707106781187,0.707106781187,0.));
#7375 = ORIENTED_EDGE('',*,*,#7144,.T.);
#7376 = ORIENTED_EDGE('',*,*,#7353,.T.);
#7377 = ORIENTED_EDGE('',*,*,#7378,.T.);
#7378 = EDGE_CURVE('',#7347,#7379,#7381,.T.);
#7379 = VERTEX_POINT('',#7380);
#7380 = CARTESIAN_POINT('',(0.7,0.2,0.725));
#7381 = LINE('',#7382,#7383);
#7382 = CARTESIAN_POINT('',(0.7,1.405,0.725));
#7383 = VECTOR('',#7384,1.);
#7384 = DIRECTION('',(1.110223024625E-16,-1.,0.));
#7385 = ORIENTED_EDGE('',*,*,#7386,.T.);
#7386 = EDGE_CURVE('',#7379,#7387,#7389,.T.);
#7387 = VERTEX_POINT('',#7388);
#7388 = CARTESIAN_POINT('',(0.675,0.2,0.725));
#7389 = LINE('',#7390,#7391);
#7390 = CARTESIAN_POINT('',(0.7,0.2,0.725));
#7391 = VECTOR('',#7392,1.);
#7392 = DIRECTION('',(-1.,-1.110223024625E-16,0.));
#7393 = ORIENTED_EDGE('',*,*,#7394,.F.);
#7394 = EDGE_CURVE('',#7395,#7387,#7397,.T.);
#7395 = VERTEX_POINT('',#7396);
#7396 = CARTESIAN_POINT('',(0.675,1.3925,0.725));
#7397 = LINE('',#7398,#7399);
#7398 = CARTESIAN_POINT('',(0.675,1.3925,0.725));
#7399 = VECTOR('',#7400,1.);
#7400 = DIRECTION('',(1.110223024625E-16,-1.,0.));
#7401 = ORIENTED_EDGE('',*,*,#7402,.F.);
#7402 = EDGE_CURVE('',#7403,#7395,#7405,.T.);
#7403 = VERTEX_POINT('',#7404);
#7404 = CARTESIAN_POINT('',(0.5925,1.475,0.725));
#7405 = LINE('',#7406,#7407);
#7406 = CARTESIAN_POINT('',(0.5925,1.475,0.725));
#7407 = VECTOR('',#7408,1.);
#7408 = DIRECTION('',(0.707106781187,-0.707106781187,0.));
#7409 = ORIENTED_EDGE('',*,*,#7410,.F.);
#7410 = EDGE_CURVE('',#7411,#7403,#7413,.T.);
#7411 = VERTEX_POINT('',#7412);
#7412 = CARTESIAN_POINT('',(-0.5925,1.475,0.725));
#7413 = LINE('',#7414,#7415);
#7414 = CARTESIAN_POINT('',(-0.5925,1.475,0.725));
#7415 = VECTOR('',#7416,1.);
#7416 = DIRECTION('',(1.,1.110223024625E-16,0.));
#7417 = ORIENTED_EDGE('',*,*,#7418,.F.);
#7418 = EDGE_CURVE('',#7419,#7411,#7421,.T.);
#7419 = VERTEX_POINT('',#7420);
#7420 = CARTESIAN_POINT('',(-0.675,1.3925,0.725));
#7421 = LINE('',#7422,#7423);
#7422 = CARTESIAN_POINT('',(-0.675,1.3925,0.725));
#7423 = VECTOR('',#7424,1.);
#7424 = DIRECTION('',(0.707106781187,0.707106781187,0.));
#7425 = ORIENTED_EDGE('',*,*,#7426,.F.);
#7426 = EDGE_CURVE('',#7427,#7419,#7429,.T.);
#7427 = VERTEX_POINT('',#7428);
#7428 = CARTESIAN_POINT('',(-0.675,1.15,0.725));
#7429 = LINE('',#7430,#7431);
#7430 = CARTESIAN_POINT('',(-0.675,-1.3925,0.725));
#7431 = VECTOR('',#7432,1.);
#7432 = DIRECTION('',(-1.110223024625E-16,1.,0.));
#7433 = ORIENTED_EDGE('',*,*,#7434,.F.);
#7434 = EDGE_CURVE('',#7435,#7427,#7437,.T.);
#7435 = VERTEX_POINT('',#7436);
#7436 = CARTESIAN_POINT('',(-0.7,1.15,0.725));
#7437 = LINE('',#7438,#7439);
#7438 = CARTESIAN_POINT('',(-0.7,1.15,0.725));
#7439 = VECTOR('',#7440,1.);
#7440 = DIRECTION('',(1.,-1.144237745222E-17,0.));
#7441 = ORIENTED_EDGE('',*,*,#7442,.T.);
#7442 = EDGE_CURVE('',#7435,#7369,#7443,.T.);
#7443 = LINE('',#7444,#7445);
#7444 = CARTESIAN_POINT('',(-0.7,-1.405,0.725));
#7445 = VECTOR('',#7446,1.);
#7446 = DIRECTION('',(-1.110223024625E-16,1.,0.));
#7447 = PLANE('',#7448);
#7448 = AXIS2_PLACEMENT_3D('',#7449,#7450,#7451);
#7449 = CARTESIAN_POINT('',(-1.486299604971E-16,1.4875,0.725));
#7450 = DIRECTION('',(1.022886882533E-31,-6.310887241768E-27,-1.));
#7451 = DIRECTION('',(1.,1.217738924546E-16,1.022886882525E-31));
#7452 = ADVANCED_FACE('',(#7453),#7463,.F.);
#7453 = FACE_BOUND('',#7454,.F.);
#7454 = EDGE_LOOP('',(#7455,#7456,#7457,#7458));
#7455 = ORIENTED_EDGE('',*,*,#7167,.T.);
#7456 = ORIENTED_EDGE('',*,*,#7152,.T.);
#7457 = ORIENTED_EDGE('',*,*,#7368,.F.);
#7458 = ORIENTED_EDGE('',*,*,#7459,.F.);
#7459 = EDGE_CURVE('',#7168,#7369,#7460,.T.);
#7460 = B_SPLINE_CURVE_WITH_KNOTS('',1,(#7461,#7462),.UNSPECIFIED.,.F.,
  .F.,(2,2),(0.,1.),.PIECEWISE_BEZIER_KNOTS.);
#7461 = CARTESIAN_POINT('',(-0.7,1.405,0.575));
#7462 = CARTESIAN_POINT('',(-0.7,1.405,0.725));
#7463 = PLANE('',#7464);
#7464 = AXIS2_PLACEMENT_3D('',#7465,#7466,#7467);
#7465 = CARTESIAN_POINT('',(-0.7,1.405,0.725));
#7466 = DIRECTION('',(0.707106781187,-0.707106781187,0.));
#7467 = DIRECTION('',(0.707106781187,0.707106781187,0.));
#7468 = ADVANCED_FACE('',(#7469),#7493,.F.);
#7469 = FACE_BOUND('',#7470,.F.);
#7470 = EDGE_LOOP('',(#7471,#7478,#7479,#7487));
#7471 = ORIENTED_EDGE('',*,*,#7472,.F.);
#7472 = EDGE_CURVE('',#7223,#7473,#7475,.T.);
#7473 = VERTEX_POINT('',#7474);
#7474 = CARTESIAN_POINT('',(-0.7,-1.405,0.725));
#7475 = B_SPLINE_CURVE_WITH_KNOTS('',1,(#7476,#7477),.UNSPECIFIED.,.F.,
  .F.,(2,2),(0.,1.),.PIECEWISE_BEZIER_KNOTS.);
#7476 = CARTESIAN_POINT('',(-0.7,-1.405,0.575));
#7477 = CARTESIAN_POINT('',(-0.7,-1.405,0.725));
#7478 = ORIENTED_EDGE('',*,*,#7222,.T.);
#7479 = ORIENTED_EDGE('',*,*,#7480,.T.);
#7480 = EDGE_CURVE('',#7215,#7481,#7483,.T.);
#7481 = VERTEX_POINT('',#7482);
#7482 = CARTESIAN_POINT('',(-0.7,-1.15,0.725));
#7483 = LINE('',#7484,#7485);
#7484 = CARTESIAN_POINT('',(-0.7,-1.15,0.529763586955));
#7485 = VECTOR('',#7486,1.);
#7486 = DIRECTION('',(0.,0.,1.));
#7487 = ORIENTED_EDGE('',*,*,#7488,.F.);
#7488 = EDGE_CURVE('',#7473,#7481,#7489,.T.);
#7489 = LINE('',#7490,#7491);
#7490 = CARTESIAN_POINT('',(-0.7,-1.405,0.725));
#7491 = VECTOR('',#7492,1.);
#7492 = DIRECTION('',(-1.110223024625E-16,1.,0.));
#7493 = PLANE('',#7494);
#7494 = AXIS2_PLACEMENT_3D('',#7495,#7496,#7497);
#7495 = CARTESIAN_POINT('',(-0.7,-1.405,0.725));
#7496 = DIRECTION('',(1.,1.110223024625E-16,0.));
#7497 = DIRECTION('',(-1.110223024625E-16,1.,0.));
#7498 = ADVANCED_FACE('',(#7499),#7526,.F.);
#7499 = FACE_BOUND('',#7500,.F.);
#7500 = EDGE_LOOP('',(#7501,#7502,#7511,#7519));
#7501 = ORIENTED_EDGE('',*,*,#7214,.T.);
#7502 = ORIENTED_EDGE('',*,*,#7503,.T.);
#7503 = EDGE_CURVE('',#7207,#7504,#7506,.T.);
#7504 = VERTEX_POINT('',#7505);
#7505 = CARTESIAN_POINT('',(-0.798480775301,-0.75,0.492364817767));
#7506 = CIRCLE('',#7507,0.1);
#7507 = AXIS2_PLACEMENT_3D('',#7508,#7509,#7510);
#7508 = CARTESIAN_POINT('',(-0.7,-0.75,0.475));
#7509 = DIRECTION('',(-1.144237745222E-17,-1.,-5.473822126269E-48));
#7510 = DIRECTION('',(2.22044604925E-15,-2.540718180781E-32,1.));
#7511 = ORIENTED_EDGE('',*,*,#7512,.F.);
#7512 = EDGE_CURVE('',#7513,#7504,#7515,.T.);
#7513 = VERTEX_POINT('',#7514);
#7514 = CARTESIAN_POINT('',(-0.798480775301,-1.15,0.492364817767));
#7515 = LINE('',#7516,#7517);
#7516 = CARTESIAN_POINT('',(-0.798480775301,-1.15,0.492364817767));
#7517 = VECTOR('',#7518,1.);
#7518 = DIRECTION('',(1.144237745222E-17,1.,0.));
#7519 = ORIENTED_EDGE('',*,*,#7520,.F.);
#7520 = EDGE_CURVE('',#7215,#7513,#7521,.T.);
#7521 = CIRCLE('',#7522,0.1);
#7522 = AXIS2_PLACEMENT_3D('',#7523,#7524,#7525);
#7523 = CARTESIAN_POINT('',(-0.7,-1.15,0.475));
#7524 = DIRECTION('',(-1.144237745222E-17,-1.,-5.473822126269E-48));
#7525 = DIRECTION('',(2.22044604925E-15,-2.540718180781E-32,1.));
#7526 = CYLINDRICAL_SURFACE('',#7527,0.1);
#7527 = AXIS2_PLACEMENT_3D('',#7528,#7529,#7530);
#7528 = CARTESIAN_POINT('',(-0.7,-1.15,0.475));
#7529 = DIRECTION('',(-1.144237745222E-17,-1.,0.));
#7530 = DIRECTION('',(2.22044604925E-15,-2.540718180781E-32,1.));
#7531 = ADVANCED_FACE('',(#7532),#7557,.F.);
#7532 = FACE_BOUND('',#7533,.F.);
#7533 = EDGE_LOOP('',(#7534,#7542,#7543,#7551));
#7534 = ORIENTED_EDGE('',*,*,#7535,.F.);
#7535 = EDGE_CURVE('',#7207,#7536,#7538,.T.);
#7536 = VERTEX_POINT('',#7537);
#7537 = CARTESIAN_POINT('',(-0.7,-0.75,0.725));
#7538 = LINE('',#7539,#7540);
#7539 = CARTESIAN_POINT('',(-0.7,-0.75,0.529763586955));
#7540 = VECTOR('',#7541,1.);
#7541 = DIRECTION('',(0.,0.,1.));
#7542 = ORIENTED_EDGE('',*,*,#7206,.T.);
#7543 = ORIENTED_EDGE('',*,*,#7544,.T.);
#7544 = EDGE_CURVE('',#7199,#7545,#7547,.T.);
#7545 = VERTEX_POINT('',#7546);
#7546 = CARTESIAN_POINT('',(-0.7,0.75,0.725));
#7547 = LINE('',#7548,#7549);
#7548 = CARTESIAN_POINT('',(-0.7,0.75,0.529763586955));
#7549 = VECTOR('',#7550,1.);
#7550 = DIRECTION('',(0.,0.,1.));
#7551 = ORIENTED_EDGE('',*,*,#7552,.F.);
#7552 = EDGE_CURVE('',#7536,#7545,#7553,.T.);
#7553 = LINE('',#7554,#7555);
#7554 = CARTESIAN_POINT('',(-0.7,-1.405,0.725));
#7555 = VECTOR('',#7556,1.);
#7556 = DIRECTION('',(-1.110223024625E-16,1.,0.));
#7557 = PLANE('',#7558);
#7558 = AXIS2_PLACEMENT_3D('',#7559,#7560,#7561);
#7559 = CARTESIAN_POINT('',(-0.7,-1.405,0.725));
#7560 = DIRECTION('',(1.,1.110223024625E-16,0.));
#7561 = DIRECTION('',(-1.110223024625E-16,1.,0.));
#7562 = ADVANCED_FACE('',(#7563),#7590,.F.);
#7563 = FACE_BOUND('',#7564,.F.);
#7564 = EDGE_LOOP('',(#7565,#7566,#7575,#7583));
#7565 = ORIENTED_EDGE('',*,*,#7198,.T.);
#7566 = ORIENTED_EDGE('',*,*,#7567,.T.);
#7567 = EDGE_CURVE('',#7191,#7568,#7570,.T.);
#7568 = VERTEX_POINT('',#7569);
#7569 = CARTESIAN_POINT('',(-0.798480775301,1.15,0.492364817767));
#7570 = CIRCLE('',#7571,0.1);
#7571 = AXIS2_PLACEMENT_3D('',#7572,#7573,#7574);
#7572 = CARTESIAN_POINT('',(-0.7,1.15,0.475));
#7573 = DIRECTION('',(-1.144237745222E-17,-1.,-5.473822126269E-48));
#7574 = DIRECTION('',(2.22044604925E-15,-2.540718180781E-32,1.));
#7575 = ORIENTED_EDGE('',*,*,#7576,.F.);
#7576 = EDGE_CURVE('',#7577,#7568,#7579,.T.);
#7577 = VERTEX_POINT('',#7578);
#7578 = CARTESIAN_POINT('',(-0.798480775301,0.75,0.492364817767));
#7579 = LINE('',#7580,#7581);
#7580 = CARTESIAN_POINT('',(-0.798480775301,0.75,0.492364817767));
#7581 = VECTOR('',#7582,1.);
#7582 = DIRECTION('',(1.144237745222E-17,1.,0.));
#7583 = ORIENTED_EDGE('',*,*,#7584,.F.);
#7584 = EDGE_CURVE('',#7199,#7577,#7585,.T.);
#7585 = CIRCLE('',#7586,0.1);
#7586 = AXIS2_PLACEMENT_3D('',#7587,#7588,#7589);
#7587 = CARTESIAN_POINT('',(-0.7,0.75,0.475));
#7588 = DIRECTION('',(-1.144237745222E-17,-1.,-5.473822126269E-48));
#7589 = DIRECTION('',(2.22044604925E-15,-2.540718180781E-32,1.));
#7590 = CYLINDRICAL_SURFACE('',#7591,0.1);
#7591 = AXIS2_PLACEMENT_3D('',#7592,#7593,#7594);
#7592 = CARTESIAN_POINT('',(-0.7,0.75,0.475));
#7593 = DIRECTION('',(-1.144237745222E-17,-1.,0.));
#7594 = DIRECTION('',(2.22044604925E-15,-2.540718180781E-32,1.));
#7595 = ADVANCED_FACE('',(#7596),#7607,.F.);
#7596 = FACE_BOUND('',#7597,.F.);
#7597 = EDGE_LOOP('',(#7598,#7604,#7605,#7606));
#7598 = ORIENTED_EDGE('',*,*,#7599,.F.);
#7599 = EDGE_CURVE('',#7191,#7435,#7600,.T.);
#7600 = LINE('',#7601,#7602);
#7601 = CARTESIAN_POINT('',(-0.7,1.15,0.529763586955));
#7602 = VECTOR('',#7603,1.);
#7603 = DIRECTION('',(0.,0.,1.));
#7604 = ORIENTED_EDGE('',*,*,#7190,.T.);
#7605 = ORIENTED_EDGE('',*,*,#7459,.T.);
#7606 = ORIENTED_EDGE('',*,*,#7442,.F.);
#7607 = PLANE('',#7608);
#7608 = AXIS2_PLACEMENT_3D('',#7609,#7610,#7611);
#7609 = CARTESIAN_POINT('',(-0.7,-1.405,0.725));
#7610 = DIRECTION('',(1.,1.110223024625E-16,0.));
#7611 = DIRECTION('',(-1.110223024625E-16,1.,0.));
#7612 = ADVANCED_FACE('',(#7613),#7624,.F.);
#7613 = FACE_BOUND('',#7614,.F.);
#7614 = EDGE_LOOP('',(#7615,#7616,#7617,#7623));
#7615 = ORIENTED_EDGE('',*,*,#7346,.F.);
#7616 = ORIENTED_EDGE('',*,*,#7267,.T.);
#7617 = ORIENTED_EDGE('',*,*,#7618,.T.);
#7618 = EDGE_CURVE('',#7260,#7379,#7619,.T.);
#7619 = LINE('',#7620,#7621);
#7620 = CARTESIAN_POINT('',(0.7,0.2,0.529763586955));
#7621 = VECTOR('',#7622,1.);
#7622 = DIRECTION('',(0.,0.,1.));
#7623 = ORIENTED_EDGE('',*,*,#7378,.F.);
#7624 = PLANE('',#7625);
#7625 = AXIS2_PLACEMENT_3D('',#7626,#7627,#7628);
#7626 = CARTESIAN_POINT('',(0.7,1.405,0.725));
#7627 = DIRECTION('',(-1.,-1.110223024625E-16,0.));
#7628 = DIRECTION('',(1.110223024625E-16,-1.,0.));
#7629 = ADVANCED_FACE('',(#7630),#7657,.F.);
#7630 = FACE_BOUND('',#7631,.F.);
#7631 = EDGE_LOOP('',(#7632,#7633,#7642,#7650));
#7632 = ORIENTED_EDGE('',*,*,#7259,.T.);
#7633 = ORIENTED_EDGE('',*,*,#7634,.T.);
#7634 = EDGE_CURVE('',#7252,#7635,#7637,.T.);
#7635 = VERTEX_POINT('',#7636);
#7636 = CARTESIAN_POINT('',(0.798480775301,-0.2,0.492364817767));
#7637 = CIRCLE('',#7638,0.1);
#7638 = AXIS2_PLACEMENT_3D('',#7639,#7640,#7641);
#7639 = CARTESIAN_POINT('',(0.7,-0.2,0.475));
#7640 = DIRECTION('',(-1.110223024625E-16,1.,0.));
#7641 = DIRECTION('',(-2.22044604925E-15,-2.465190328815E-31,1.));
#7642 = ORIENTED_EDGE('',*,*,#7643,.F.);
#7643 = EDGE_CURVE('',#7644,#7635,#7646,.T.);
#7644 = VERTEX_POINT('',#7645);
#7645 = CARTESIAN_POINT('',(0.798480775301,0.2,0.492364817767));
#7646 = LINE('',#7647,#7648);
#7647 = CARTESIAN_POINT('',(0.798480775301,0.2,0.492364817767));
#7648 = VECTOR('',#7649,1.);
#7649 = DIRECTION('',(1.110223024625E-16,-1.,0.));
#7650 = ORIENTED_EDGE('',*,*,#7651,.F.);
#7651 = EDGE_CURVE('',#7260,#7644,#7652,.T.);
#7652 = CIRCLE('',#7653,0.1);
#7653 = AXIS2_PLACEMENT_3D('',#7654,#7655,#7656);
#7654 = CARTESIAN_POINT('',(0.7,0.2,0.475));
#7655 = DIRECTION('',(-1.110223024625E-16,1.,0.));
#7656 = DIRECTION('',(-2.22044604925E-15,-2.465190328815E-31,1.));
#7657 = CYLINDRICAL_SURFACE('',#7658,0.1);
#7658 = AXIS2_PLACEMENT_3D('',#7659,#7660,#7661);
#7659 = CARTESIAN_POINT('',(0.7,0.2,0.475));
#7660 = DIRECTION('',(-1.110223024625E-16,1.,0.));
#7661 = DIRECTION('',(-2.22044604925E-15,-2.465190328815E-31,1.));
#7662 = ADVANCED_FACE('',(#7663),#7687,.F.);
#7663 = FACE_BOUND('',#7664,.F.);
#7664 = EDGE_LOOP('',(#7665,#7673,#7674,#7681));
#7665 = ORIENTED_EDGE('',*,*,#7666,.F.);
#7666 = EDGE_CURVE('',#7252,#7667,#7669,.T.);
#7667 = VERTEX_POINT('',#7668);
#7668 = CARTESIAN_POINT('',(0.7,-0.2,0.725));
#7669 = LINE('',#7670,#7671);
#7670 = CARTESIAN_POINT('',(0.7,-0.2,0.529763586955));
#7671 = VECTOR('',#7672,1.);
#7672 = DIRECTION('',(0.,0.,1.));
#7673 = ORIENTED_EDGE('',*,*,#7251,.T.);
#7674 = ORIENTED_EDGE('',*,*,#7675,.T.);
#7675 = EDGE_CURVE('',#7245,#7676,#7678,.T.);
#7676 = VERTEX_POINT('',#7677);
#7677 = CARTESIAN_POINT('',(0.7,-1.405,0.725));
#7678 = B_SPLINE_CURVE_WITH_KNOTS('',1,(#7679,#7680),.UNSPECIFIED.,.F.,
  .F.,(2,2),(0.,1.),.PIECEWISE_BEZIER_KNOTS.);
#7679 = CARTESIAN_POINT('',(0.7,-1.405,0.575));
#7680 = CARTESIAN_POINT('',(0.7,-1.405,0.725));
#7681 = ORIENTED_EDGE('',*,*,#7682,.F.);
#7682 = EDGE_CURVE('',#7667,#7676,#7683,.T.);
#7683 = LINE('',#7684,#7685);
#7684 = CARTESIAN_POINT('',(0.7,1.405,0.725));
#7685 = VECTOR('',#7686,1.);
#7686 = DIRECTION('',(1.110223024625E-16,-1.,0.));
#7687 = PLANE('',#7688);
#7688 = AXIS2_PLACEMENT_3D('',#7689,#7690,#7691);
#7689 = CARTESIAN_POINT('',(0.7,1.405,0.725));
#7690 = DIRECTION('',(-1.,-1.110223024625E-16,0.));
#7691 = DIRECTION('',(1.110223024625E-16,-1.,0.));
#7692 = ADVANCED_FACE('',(#7693),#7710,.F.);
#7693 = FACE_BOUND('',#7694,.F.);
#7694 = EDGE_LOOP('',(#7695,#7696,#7697,#7705));
#7695 = ORIENTED_EDGE('',*,*,#7284,.T.);
#7696 = ORIENTED_EDGE('',*,*,#7472,.T.);
#7697 = ORIENTED_EDGE('',*,*,#7698,.F.);
#7698 = EDGE_CURVE('',#7699,#7473,#7701,.T.);
#7699 = VERTEX_POINT('',#7700);
#7700 = CARTESIAN_POINT('',(-0.605,-1.5,0.725));
#7701 = LINE('',#7702,#7703);
#7702 = CARTESIAN_POINT('',(-0.605,-1.5,0.725));
#7703 = VECTOR('',#7704,1.);
#7704 = DIRECTION('',(-0.707106781187,0.707106781187,0.));
#7705 = ORIENTED_EDGE('',*,*,#7706,.F.);
#7706 = EDGE_CURVE('',#7285,#7699,#7707,.T.);
#7707 = B_SPLINE_CURVE_WITH_KNOTS('',1,(#7708,#7709),.UNSPECIFIED.,.F.,
  .F.,(2,2),(0.,1.),.PIECEWISE_BEZIER_KNOTS.);
#7708 = CARTESIAN_POINT('',(-0.605,-1.5,0.575));
#7709 = CARTESIAN_POINT('',(-0.605,-1.5,0.725));
#7710 = PLANE('',#7711);
#7711 = AXIS2_PLACEMENT_3D('',#7712,#7713,#7714);
#7712 = CARTESIAN_POINT('',(-0.605,-1.5,0.725));
#7713 = DIRECTION('',(0.707106781187,0.707106781187,0.));
#7714 = DIRECTION('',(-0.707106781187,0.707106781187,0.));
#7715 = ADVANCED_FACE('',(#7716),#7733,.F.);
#7716 = FACE_BOUND('',#7717,.F.);
#7717 = EDGE_LOOP('',(#7718,#7719,#7726,#7732));
#7718 = ORIENTED_EDGE('',*,*,#7313,.T.);
#7719 = ORIENTED_EDGE('',*,*,#7720,.T.);
#7720 = EDGE_CURVE('',#7307,#7721,#7723,.T.);
#7721 = VERTEX_POINT('',#7722);
#7722 = CARTESIAN_POINT('',(0.605,-1.5,0.725));
#7723 = B_SPLINE_CURVE_WITH_KNOTS('',1,(#7724,#7725),.UNSPECIFIED.,.F.,
  .F.,(2,2),(0.,1.),.PIECEWISE_BEZIER_KNOTS.);
#7724 = CARTESIAN_POINT('',(0.605,-1.5,0.575));
#7725 = CARTESIAN_POINT('',(0.605,-1.5,0.725));
#7726 = ORIENTED_EDGE('',*,*,#7727,.F.);
#7727 = EDGE_CURVE('',#7676,#7721,#7728,.T.);
#7728 = LINE('',#7729,#7730);
#7729 = CARTESIAN_POINT('',(0.7,-1.405,0.725));
#7730 = VECTOR('',#7731,1.);
#7731 = DIRECTION('',(-0.707106781187,-0.707106781187,0.));
#7732 = ORIENTED_EDGE('',*,*,#7675,.F.);
#7733 = PLANE('',#7734);
#7734 = AXIS2_PLACEMENT_3D('',#7735,#7736,#7737);
#7735 = CARTESIAN_POINT('',(0.7,-1.405,0.725));
#7736 = DIRECTION('',(-0.707106781187,0.707106781187,0.));
#7737 = DIRECTION('',(-0.707106781187,-0.707106781187,0.));
#7738 = ADVANCED_FACE('',(#7739),#7750,.F.);
#7739 = FACE_BOUND('',#7740,.F.);
#7740 = EDGE_LOOP('',(#7741,#7742,#7743,#7749));
#7741 = ORIENTED_EDGE('',*,*,#7330,.T.);
#7742 = ORIENTED_EDGE('',*,*,#7706,.T.);
#7743 = ORIENTED_EDGE('',*,*,#7744,.F.);
#7744 = EDGE_CURVE('',#7721,#7699,#7745,.T.);
#7745 = LINE('',#7746,#7747);
#7746 = CARTESIAN_POINT('',(0.605,-1.5,0.725));
#7747 = VECTOR('',#7748,1.);
#7748 = DIRECTION('',(-1.,-1.110223024625E-16,0.));
#7749 = ORIENTED_EDGE('',*,*,#7720,.F.);
#7750 = PLANE('',#7751);
#7751 = AXIS2_PLACEMENT_3D('',#7752,#7753,#7754);
#7752 = CARTESIAN_POINT('',(0.605,-1.5,0.725));
#7753 = DIRECTION('',(-1.110223024625E-16,1.,0.));
#7754 = DIRECTION('',(-1.,-1.110223024625E-16,0.));
#7755 = ADVANCED_FACE('',(#7756),#7779,.F.);
#7756 = FACE_BOUND('',#7757,.F.);
#7757 = EDGE_LOOP('',(#7758,#7766,#7772,#7773));
#7758 = ORIENTED_EDGE('',*,*,#7759,.F.);
#7759 = EDGE_CURVE('',#7545,#7760,#7762,.T.);
#7760 = VERTEX_POINT('',#7761);
#7761 = CARTESIAN_POINT('',(-0.675,0.75,0.725));
#7762 = LINE('',#7763,#7764);
#7763 = CARTESIAN_POINT('',(-0.7,0.75,0.725));
#7764 = VECTOR('',#7765,1.);
#7765 = DIRECTION('',(1.,-1.144237745222E-17,0.));
#7766 = ORIENTED_EDGE('',*,*,#7767,.T.);
#7767 = EDGE_CURVE('',#7545,#7435,#7768,.T.);
#7768 = LINE('',#7769,#7770);
#7769 = CARTESIAN_POINT('',(-0.7,0.75,0.725));
#7770 = VECTOR('',#7771,1.);
#7771 = DIRECTION('',(1.144237745222E-17,1.,0.));
#7772 = ORIENTED_EDGE('',*,*,#7434,.T.);
#7773 = ORIENTED_EDGE('',*,*,#7774,.F.);
#7774 = EDGE_CURVE('',#7760,#7427,#7775,.T.);
#7775 = LINE('',#7776,#7777);
#7776 = CARTESIAN_POINT('',(-0.675,-1.3925,0.725));
#7777 = VECTOR('',#7778,1.);
#7778 = DIRECTION('',(-1.110223024625E-16,1.,0.));
#7779 = PLANE('',#7780);
#7780 = AXIS2_PLACEMENT_3D('',#7781,#7782,#7783);
#7781 = CARTESIAN_POINT('',(-0.7,0.75,0.725));
#7782 = DIRECTION('',(0.,0.,-1.));
#7783 = DIRECTION('',(1.,-1.144237745222E-17,0.));
#7784 = ADVANCED_FACE('',(#7785),#7833,.F.);
#7785 = FACE_BOUND('',#7786,.F.);
#7786 = EDGE_LOOP('',(#7787,#7797,#7805,#7811,#7812,#7813,#7820,#7828));
#7787 = ORIENTED_EDGE('',*,*,#7788,.T.);
#7788 = EDGE_CURVE('',#7789,#7791,#7793,.T.);
#7789 = VERTEX_POINT('',#7790);
#7790 = CARTESIAN_POINT('',(-0.675,-1.3925,0.725));
#7791 = VERTEX_POINT('',#7792);
#7792 = CARTESIAN_POINT('',(-0.675,-1.15,0.725));
#7793 = LINE('',#7794,#7795);
#7794 = CARTESIAN_POINT('',(-0.675,-1.3925,0.725));
#7795 = VECTOR('',#7796,1.);
#7796 = DIRECTION('',(-1.110223024625E-16,1.,0.));
#7797 = ORIENTED_EDGE('',*,*,#7798,.T.);
#7798 = EDGE_CURVE('',#7791,#7799,#7801,.T.);
#7799 = VERTEX_POINT('',#7800);
#7800 = CARTESIAN_POINT('',(-0.675,-0.75,0.725));
#7801 = LINE('',#7802,#7803);
#7802 = CARTESIAN_POINT('',(-0.675,-1.3925,0.725));
#7803 = VECTOR('',#7804,1.);
#7804 = DIRECTION('',(-1.110223024625E-16,1.,0.));
#7805 = ORIENTED_EDGE('',*,*,#7806,.T.);
#7806 = EDGE_CURVE('',#7799,#7760,#7807,.T.);
#7807 = LINE('',#7808,#7809);
#7808 = CARTESIAN_POINT('',(-0.675,-1.3925,0.725));
#7809 = VECTOR('',#7810,1.);
#7810 = DIRECTION('',(-1.110223024625E-16,1.,0.));
#7811 = ORIENTED_EDGE('',*,*,#7774,.T.);
#7812 = ORIENTED_EDGE('',*,*,#7426,.T.);
#7813 = ORIENTED_EDGE('',*,*,#7814,.T.);
#7814 = EDGE_CURVE('',#7419,#7815,#7817,.T.);
#7815 = VERTEX_POINT('',#7816);
#7816 = CARTESIAN_POINT('',(-0.608243103516,1.359121551758,1.2));
#7817 = B_SPLINE_CURVE_WITH_KNOTS('',1,(#7818,#7819),.UNSPECIFIED.,.F.,
  .F.,(2,2),(0.,1.),.PIECEWISE_BEZIER_KNOTS.);
#7818 = CARTESIAN_POINT('',(-0.675,1.3925,0.725));
#7819 = CARTESIAN_POINT('',(-0.608243103516,1.359121551758,1.2));
#7820 = ORIENTED_EDGE('',*,*,#7821,.F.);
#7821 = EDGE_CURVE('',#7822,#7815,#7824,.T.);
#7822 = VERTEX_POINT('',#7823);
#7823 = CARTESIAN_POINT('',(-0.608243103516,-1.359121551758,1.2));
#7824 = LINE('',#7825,#7826);
#7825 = CARTESIAN_POINT('',(-0.608243103516,-1.359121551758,1.2));
#7826 = VECTOR('',#7827,1.);
#7827 = DIRECTION('',(-1.110223024625E-16,1.,0.));
#7828 = ORIENTED_EDGE('',*,*,#7829,.F.);
#7829 = EDGE_CURVE('',#7789,#7822,#7830,.T.);
#7830 = B_SPLINE_CURVE_WITH_KNOTS('',1,(#7831,#7832),.UNSPECIFIED.,.F.,
  .F.,(2,2),(0.,1.),.PIECEWISE_BEZIER_KNOTS.);
#7831 = CARTESIAN_POINT('',(-0.675,-1.3925,0.725));
#7832 = CARTESIAN_POINT('',(-0.608243103516,-1.359121551758,1.2));
#7833 = B_SPLINE_SURFACE_WITH_KNOTS('',1,1,(
    (#7834,#7835)
    ,(#7836,#7837
    )),.UNSPECIFIED.,.F.,.F.,.F.,(2,2),(2,2),(0.,2.785),(0.,1.),
  .PIECEWISE_BEZIER_KNOTS.);
#7834 = CARTESIAN_POINT('',(-0.675,-1.3925,0.725));
#7835 = CARTESIAN_POINT('',(-0.608243103516,-1.359121551758,1.2));
#7836 = CARTESIAN_POINT('',(-0.675,1.3925,0.725));
#7837 = CARTESIAN_POINT('',(-0.608243103516,1.359121551758,1.2));
#7838 = ADVANCED_FACE('',(#7839),#7856,.F.);
#7839 = FACE_BOUND('',#7840,.F.);
#7840 = EDGE_LOOP('',(#7841,#7842,#7849,#7855));
#7841 = ORIENTED_EDGE('',*,*,#7418,.T.);
#7842 = ORIENTED_EDGE('',*,*,#7843,.T.);
#7843 = EDGE_CURVE('',#7411,#7844,#7846,.T.);
#7844 = VERTEX_POINT('',#7845);
#7845 = CARTESIAN_POINT('',(-0.559121551758,1.408243103516,1.2));
#7846 = B_SPLINE_CURVE_WITH_KNOTS('',1,(#7847,#7848),.UNSPECIFIED.,.F.,
  .F.,(2,2),(0.,1.),.PIECEWISE_BEZIER_KNOTS.);
#7847 = CARTESIAN_POINT('',(-0.5925,1.475,0.725));
#7848 = CARTESIAN_POINT('',(-0.559121551758,1.408243103516,1.2));
#7849 = ORIENTED_EDGE('',*,*,#7850,.F.);
#7850 = EDGE_CURVE('',#7815,#7844,#7851,.T.);
#7851 = LINE('',#7852,#7853);
#7852 = CARTESIAN_POINT('',(-0.608243103516,1.359121551758,1.2));
#7853 = VECTOR('',#7854,1.);
#7854 = DIRECTION('',(0.707106781187,0.707106781187,0.));
#7855 = ORIENTED_EDGE('',*,*,#7814,.F.);
#7856 = B_SPLINE_SURFACE_WITH_KNOTS('',1,1,(
    (#7857,#7858)
    ,(#7859,#7860
    )),.UNSPECIFIED.,.F.,.F.,.F.,(2,2),(2,2),(0.,0.116672618896),(0.,1.)
  ,.PIECEWISE_BEZIER_KNOTS.);
#7857 = CARTESIAN_POINT('',(-0.675,1.3925,0.725));
#7858 = CARTESIAN_POINT('',(-0.608243103516,1.359121551758,1.2));
#7859 = CARTESIAN_POINT('',(-0.5925,1.475,0.725));
#7860 = CARTESIAN_POINT('',(-0.559121551758,1.408243103516,1.2));
#7861 = ADVANCED_FACE('',(#7862),#7879,.F.);
#7862 = FACE_BOUND('',#7863,.F.);
#7863 = EDGE_LOOP('',(#7864,#7865,#7872,#7878));
#7864 = ORIENTED_EDGE('',*,*,#7410,.T.);
#7865 = ORIENTED_EDGE('',*,*,#7866,.T.);
#7866 = EDGE_CURVE('',#7403,#7867,#7869,.T.);
#7867 = VERTEX_POINT('',#7868);
#7868 = CARTESIAN_POINT('',(0.559121551758,1.408243103516,1.2));
#7869 = B_SPLINE_CURVE_WITH_KNOTS('',1,(#7870,#7871),.UNSPECIFIED.,.F.,
  .F.,(2,2),(0.,1.),.PIECEWISE_BEZIER_KNOTS.);
#7870 = CARTESIAN_POINT('',(0.5925,1.475,0.725));
#7871 = CARTESIAN_POINT('',(0.559121551758,1.408243103516,1.2));
#7872 = ORIENTED_EDGE('',*,*,#7873,.F.);
#7873 = EDGE_CURVE('',#7844,#7867,#7874,.T.);
#7874 = LINE('',#7875,#7876);
#7875 = CARTESIAN_POINT('',(-0.559121551758,1.408243103516,1.2));
#7876 = VECTOR('',#7877,1.);
#7877 = DIRECTION('',(1.,1.110223024625E-16,0.));
#7878 = ORIENTED_EDGE('',*,*,#7843,.F.);
#7879 = B_SPLINE_SURFACE_WITH_KNOTS('',1,1,(
    (#7880,#7881)
    ,(#7882,#7883
    )),.UNSPECIFIED.,.F.,.F.,.F.,(2,2),(2,2),(0.,1.185),(0.,1.),
  .PIECEWISE_BEZIER_KNOTS.);
#7880 = CARTESIAN_POINT('',(-0.5925,1.475,0.725));
#7881 = CARTESIAN_POINT('',(-0.559121551758,1.408243103516,1.2));
#7882 = CARTESIAN_POINT('',(0.5925,1.475,0.725));
#7883 = CARTESIAN_POINT('',(0.559121551758,1.408243103516,1.2));
#7884 = ADVANCED_FACE('',(#7885),#7902,.F.);
#7885 = FACE_BOUND('',#7886,.F.);
#7886 = EDGE_LOOP('',(#7887,#7888,#7895,#7901));
#7887 = ORIENTED_EDGE('',*,*,#7402,.T.);
#7888 = ORIENTED_EDGE('',*,*,#7889,.T.);
#7889 = EDGE_CURVE('',#7395,#7890,#7892,.T.);
#7890 = VERTEX_POINT('',#7891);
#7891 = CARTESIAN_POINT('',(0.608243103516,1.359121551758,1.2));
#7892 = B_SPLINE_CURVE_WITH_KNOTS('',1,(#7893,#7894),.UNSPECIFIED.,.F.,
  .F.,(2,2),(0.,1.),.PIECEWISE_BEZIER_KNOTS.);
#7893 = CARTESIAN_POINT('',(0.675,1.3925,0.725));
#7894 = CARTESIAN_POINT('',(0.608243103516,1.359121551758,1.2));
#7895 = ORIENTED_EDGE('',*,*,#7896,.F.);
#7896 = EDGE_CURVE('',#7867,#7890,#7897,.T.);
#7897 = LINE('',#7898,#7899);
#7898 = CARTESIAN_POINT('',(0.559121551758,1.408243103516,1.2));
#7899 = VECTOR('',#7900,1.);
#7900 = DIRECTION('',(0.707106781187,-0.707106781187,0.));
#7901 = ORIENTED_EDGE('',*,*,#7866,.F.);
#7902 = B_SPLINE_SURFACE_WITH_KNOTS('',1,1,(
    (#7903,#7904)
    ,(#7905,#7906
    )),.UNSPECIFIED.,.F.,.F.,.F.,(2,2),(2,2),(0.,0.116672618896),(0.,1.)
  ,.PIECEWISE_BEZIER_KNOTS.);
#7903 = CARTESIAN_POINT('',(0.5925,1.475,0.725));
#7904 = CARTESIAN_POINT('',(0.559121551758,1.408243103516,1.2));
#7905 = CARTESIAN_POINT('',(0.675,1.3925,0.725));
#7906 = CARTESIAN_POINT('',(0.608243103516,1.359121551758,1.2));
#7907 = ADVANCED_FACE('',(#7908),#7941,.F.);
#7908 = FACE_BOUND('',#7909,.F.);
#7909 = EDGE_LOOP('',(#7910,#7911,#7919,#7927,#7934,#7940));
#7910 = ORIENTED_EDGE('',*,*,#7394,.T.);
#7911 = ORIENTED_EDGE('',*,*,#7912,.T.);
#7912 = EDGE_CURVE('',#7387,#7913,#7915,.T.);
#7913 = VERTEX_POINT('',#7914);
#7914 = CARTESIAN_POINT('',(0.675,-0.2,0.725));
#7915 = LINE('',#7916,#7917);
#7916 = CARTESIAN_POINT('',(0.675,1.3925,0.725));
#7917 = VECTOR('',#7918,1.);
#7918 = DIRECTION('',(1.110223024625E-16,-1.,0.));
#7919 = ORIENTED_EDGE('',*,*,#7920,.T.);
#7920 = EDGE_CURVE('',#7913,#7921,#7923,.T.);
#7921 = VERTEX_POINT('',#7922);
#7922 = CARTESIAN_POINT('',(0.675,-1.3925,0.725));
#7923 = LINE('',#7924,#7925);
#7924 = CARTESIAN_POINT('',(0.675,1.3925,0.725));
#7925 = VECTOR('',#7926,1.);
#7926 = DIRECTION('',(1.110223024625E-16,-1.,0.));
#7927 = ORIENTED_EDGE('',*,*,#7928,.T.);
#7928 = EDGE_CURVE('',#7921,#7929,#7931,.T.);
#7929 = VERTEX_POINT('',#7930);
#7930 = CARTESIAN_POINT('',(0.608243103516,-1.359121551758,1.2));
#7931 = B_SPLINE_CURVE_WITH_KNOTS('',1,(#7932,#7933),.UNSPECIFIED.,.F.,
  .F.,(2,2),(0.,1.),.PIECEWISE_BEZIER_KNOTS.);
#7932 = CARTESIAN_POINT('',(0.675,-1.3925,0.725));
#7933 = CARTESIAN_POINT('',(0.608243103516,-1.359121551758,1.2));
#7934 = ORIENTED_EDGE('',*,*,#7935,.F.);
#7935 = EDGE_CURVE('',#7890,#7929,#7936,.T.);
#7936 = LINE('',#7937,#7938);
#7937 = CARTESIAN_POINT('',(0.608243103516,1.359121551758,1.2));
#7938 = VECTOR('',#7939,1.);
#7939 = DIRECTION('',(1.110223024625E-16,-1.,0.));
#7940 = ORIENTED_EDGE('',*,*,#7889,.F.);
#7941 = B_SPLINE_SURFACE_WITH_KNOTS('',1,1,(
    (#7942,#7943)
    ,(#7944,#7945
    )),.UNSPECIFIED.,.F.,.F.,.F.,(2,2),(2,2),(0.,2.785),(0.,1.),
  .PIECEWISE_BEZIER_KNOTS.);
#7942 = CARTESIAN_POINT('',(0.675,1.3925,0.725));
#7943 = CARTESIAN_POINT('',(0.608243103516,1.359121551758,1.2));
#7944 = CARTESIAN_POINT('',(0.675,-1.3925,0.725));
#7945 = CARTESIAN_POINT('',(0.608243103516,-1.359121551758,1.2));
#7946 = ADVANCED_FACE('',(#7947),#7963,.F.);
#7947 = FACE_BOUND('',#7948,.F.);
#7948 = EDGE_LOOP('',(#7949,#7950,#7956,#7962));
#7949 = ORIENTED_EDGE('',*,*,#7386,.F.);
#7950 = ORIENTED_EDGE('',*,*,#7951,.T.);
#7951 = EDGE_CURVE('',#7379,#7667,#7952,.T.);
#7952 = LINE('',#7953,#7954);
#7953 = CARTESIAN_POINT('',(0.7,0.2,0.725));
#7954 = VECTOR('',#7955,1.);
#7955 = DIRECTION('',(1.110223024625E-16,-1.,0.));
#7956 = ORIENTED_EDGE('',*,*,#7957,.T.);
#7957 = EDGE_CURVE('',#7667,#7913,#7958,.T.);
#7958 = LINE('',#7959,#7960);
#7959 = CARTESIAN_POINT('',(0.7,-0.2,0.725));
#7960 = VECTOR('',#7961,1.);
#7961 = DIRECTION('',(-1.,-1.110223024625E-16,0.));
#7962 = ORIENTED_EDGE('',*,*,#7912,.F.);
#7963 = PLANE('',#7964);
#7964 = AXIS2_PLACEMENT_3D('',#7965,#7966,#7967);
#7965 = CARTESIAN_POINT('',(0.7,0.2,0.725));
#7966 = DIRECTION('',(0.,0.,-1.));
#7967 = DIRECTION('',(-1.,-1.110223024625E-16,-0.));
#7968 = ADVANCED_FACE('',(#7969),#8007,.F.);
#7969 = FACE_BOUND('',#7970,.F.);
#7970 = EDGE_LOOP('',(#7971,#7972,#7973,#7974,#7975,#7976,#7977,#7983,
    #7984,#7992,#8000,#8006));
#7971 = ORIENTED_EDGE('',*,*,#7957,.F.);
#7972 = ORIENTED_EDGE('',*,*,#7682,.T.);
#7973 = ORIENTED_EDGE('',*,*,#7727,.T.);
#7974 = ORIENTED_EDGE('',*,*,#7744,.T.);
#7975 = ORIENTED_EDGE('',*,*,#7698,.T.);
#7976 = ORIENTED_EDGE('',*,*,#7488,.T.);
#7977 = ORIENTED_EDGE('',*,*,#7978,.T.);
#7978 = EDGE_CURVE('',#7481,#7791,#7979,.T.);
#7979 = LINE('',#7980,#7981);
#7980 = CARTESIAN_POINT('',(-0.7,-1.15,0.725));
#7981 = VECTOR('',#7982,1.);
#7982 = DIRECTION('',(1.,-1.144237745222E-17,0.));
#7983 = ORIENTED_EDGE('',*,*,#7788,.F.);
#7984 = ORIENTED_EDGE('',*,*,#7985,.F.);
#7985 = EDGE_CURVE('',#7986,#7789,#7988,.T.);
#7986 = VERTEX_POINT('',#7987);
#7987 = CARTESIAN_POINT('',(-0.5925,-1.475,0.725));
#7988 = LINE('',#7989,#7990);
#7989 = CARTESIAN_POINT('',(-0.5925,-1.475,0.725));
#7990 = VECTOR('',#7991,1.);
#7991 = DIRECTION('',(-0.707106781187,0.707106781187,0.));
#7992 = ORIENTED_EDGE('',*,*,#7993,.F.);
#7993 = EDGE_CURVE('',#7994,#7986,#7996,.T.);
#7994 = VERTEX_POINT('',#7995);
#7995 = CARTESIAN_POINT('',(0.5925,-1.475,0.725));
#7996 = LINE('',#7997,#7998);
#7997 = CARTESIAN_POINT('',(0.5925,-1.475,0.725));
#7998 = VECTOR('',#7999,1.);
#7999 = DIRECTION('',(-1.,-1.110223024625E-16,0.));
#8000 = ORIENTED_EDGE('',*,*,#8001,.F.);
#8001 = EDGE_CURVE('',#7921,#7994,#8002,.T.);
#8002 = LINE('',#8003,#8004);
#8003 = CARTESIAN_POINT('',(0.675,-1.3925,0.725));
#8004 = VECTOR('',#8005,1.);
#8005 = DIRECTION('',(-0.707106781187,-0.707106781187,0.));
#8006 = ORIENTED_EDGE('',*,*,#7920,.F.);
#8007 = PLANE('',#8008);
#8008 = AXIS2_PLACEMENT_3D('',#8009,#8010,#8011);
#8009 = CARTESIAN_POINT('',(-1.486299604971E-16,1.4875,0.725));
#8010 = DIRECTION('',(1.022886882533E-31,-6.310887241768E-27,-1.));
#8011 = DIRECTION('',(1.,1.217738924546E-16,1.022886882525E-31));
#8012 = ADVANCED_FACE('',(#8013),#8082,.F.);
#8013 = FACE_BOUND('',#8014,.F.);
#8014 = EDGE_LOOP('',(#8015,#8016,#8017,#8025,#8034,#8042,#8050,#8058,
    #8067,#8075));
#8015 = ORIENTED_EDGE('',*,*,#7480,.F.);
#8016 = ORIENTED_EDGE('',*,*,#7520,.T.);
#8017 = ORIENTED_EDGE('',*,*,#8018,.T.);
#8018 = EDGE_CURVE('',#7513,#8019,#8021,.T.);
#8019 = VERTEX_POINT('',#8020);
#8020 = CARTESIAN_POINT('',(-0.843471632406,-1.15,0.206587955583));
#8021 = LINE('',#8022,#8023);
#8022 = CARTESIAN_POINT('',(-0.798480775301,-1.15,0.492364817767));
#8023 = VECTOR('',#8024,1.);
#8024 = DIRECTION('',(-0.155518033909,1.779496044609E-18,-0.987833053268
    ));
#8025 = ORIENTED_EDGE('',*,*,#8026,.T.);
#8026 = EDGE_CURVE('',#8019,#8027,#8029,.T.);
#8027 = VERTEX_POINT('',#8028);
#8028 = CARTESIAN_POINT('',(-1.089673570659,-1.15,5.551115123126E-17));
#8029 = CIRCLE('',#8030,0.25);
#8030 = AXIS2_PLACEMENT_3D('',#8031,#8032,#8033);
#8031 = CARTESIAN_POINT('',(-1.089673570659,-1.15,0.25));
#8032 = DIRECTION('',(1.144237745222E-17,1.,3.851859888774E-34));
#8033 = DIRECTION('',(0.984807753012,-1.126854202784E-17,-0.173648177667
    ));
#8034 = ORIENTED_EDGE('',*,*,#8035,.T.);
#8035 = EDGE_CURVE('',#8027,#8036,#8038,.T.);
#8036 = VERTEX_POINT('',#8037);
#8037 = CARTESIAN_POINT('',(-1.25,-1.15,5.551115123126E-17));
#8038 = LINE('',#8039,#8040);
#8039 = CARTESIAN_POINT('',(-1.089673570659,-1.15,5.551115123126E-17));
#8040 = VECTOR('',#8041,1.);
#8041 = DIRECTION('',(-1.,1.144237745222E-17,0.));
#8042 = ORIENTED_EDGE('',*,*,#8043,.T.);
#8043 = EDGE_CURVE('',#8036,#8044,#8046,.T.);
#8044 = VERTEX_POINT('',#8045);
#8045 = CARTESIAN_POINT('',(-1.25,-1.15,0.15));
#8046 = LINE('',#8047,#8048);
#8047 = CARTESIAN_POINT('',(-1.25,-1.15,5.551115123126E-17));
#8048 = VECTOR('',#8049,1.);
#8049 = DIRECTION('',(0.,0.,1.));
#8050 = ORIENTED_EDGE('',*,*,#8051,.T.);
#8051 = EDGE_CURVE('',#8044,#8052,#8054,.T.);
#8052 = VERTEX_POINT('',#8053);
#8053 = CARTESIAN_POINT('',(-1.089673570659,-1.15,0.15));
#8054 = LINE('',#8055,#8056);
#8055 = CARTESIAN_POINT('',(-1.25,-1.15,0.15));
#8056 = VECTOR('',#8057,1.);
#8057 = DIRECTION('',(1.,-1.144237745222E-17,0.));
#8058 = ORIENTED_EDGE('',*,*,#8059,.T.);
#8059 = EDGE_CURVE('',#8052,#8060,#8062,.T.);
#8060 = VERTEX_POINT('',#8061);
#8061 = CARTESIAN_POINT('',(-0.991192795358,-1.15,0.232635182233));
#8062 = CIRCLE('',#8063,0.1);
#8063 = AXIS2_PLACEMENT_3D('',#8064,#8065,#8066);
#8064 = CARTESIAN_POINT('',(-1.089673570659,-1.15,0.25));
#8065 = DIRECTION('',(-1.144237745222E-17,-1.,1.094764425254E-47));
#8066 = DIRECTION('',(-2.22044604925E-15,2.540718180781E-32,-1.));
#8067 = ORIENTED_EDGE('',*,*,#8068,.T.);
#8068 = EDGE_CURVE('',#8060,#8069,#8071,.T.);
#8069 = VERTEX_POINT('',#8070);
#8070 = CARTESIAN_POINT('',(-0.946201938253,-1.15,0.518412044417));
#8071 = LINE('',#8072,#8073);
#8072 = CARTESIAN_POINT('',(-0.991192795358,-1.15,0.232635182233));
#8073 = VECTOR('',#8074,1.);
#8074 = DIRECTION('',(0.155518033909,-1.779496044609E-18,0.987833053268)
  );
#8075 = ORIENTED_EDGE('',*,*,#8076,.T.);
#8076 = EDGE_CURVE('',#8069,#7481,#8077,.T.);
#8077 = CIRCLE('',#8078,0.25);
#8078 = AXIS2_PLACEMENT_3D('',#8079,#8080,#8081);
#8079 = CARTESIAN_POINT('',(-0.7,-1.15,0.475));
#8080 = DIRECTION('',(1.144237745222E-17,1.,0.));
#8081 = DIRECTION('',(-0.984807753012,1.126854202784E-17,0.173648177667)
  );
#8082 = PLANE('',#8083);
#8083 = AXIS2_PLACEMENT_3D('',#8084,#8085,#8086);
#8084 = CARTESIAN_POINT('',(-0.931323080229,-1.15,0.33452717391));
#8085 = DIRECTION('',(1.144237745222E-17,1.,0.));
#8086 = DIRECTION('',(0.,-0.,1.));
#8087 = ADVANCED_FACE('',(#8088),#8106,.F.);
#8088 = FACE_BOUND('',#8089,.F.);
#8089 = EDGE_LOOP('',(#8090,#8091,#8099,#8105));
#8090 = ORIENTED_EDGE('',*,*,#7512,.T.);
#8091 = ORIENTED_EDGE('',*,*,#8092,.T.);
#8092 = EDGE_CURVE('',#7504,#8093,#8095,.T.);
#8093 = VERTEX_POINT('',#8094);
#8094 = CARTESIAN_POINT('',(-0.843471632406,-0.75,0.206587955583));
#8095 = LINE('',#8096,#8097);
#8096 = CARTESIAN_POINT('',(-0.798480775301,-0.75,0.492364817767));
#8097 = VECTOR('',#8098,1.);
#8098 = DIRECTION('',(-0.155518033909,1.779496044609E-18,-0.987833053268
    ));
#8099 = ORIENTED_EDGE('',*,*,#8100,.F.);
#8100 = EDGE_CURVE('',#8019,#8093,#8101,.T.);
#8101 = LINE('',#8102,#8103);
#8102 = CARTESIAN_POINT('',(-0.843471632406,-1.15,0.206587955583));
#8103 = VECTOR('',#8104,1.);
#8104 = DIRECTION('',(1.144237745222E-17,1.,0.));
#8105 = ORIENTED_EDGE('',*,*,#8018,.F.);
#8106 = PLANE('',#8107);
#8107 = AXIS2_PLACEMENT_3D('',#8108,#8109,#8110);
#8108 = CARTESIAN_POINT('',(-0.798480775301,-1.15,0.492364817767));
#8109 = DIRECTION('',(-0.987833053268,1.130315865527E-17,0.155518033909)
  );
#8110 = DIRECTION('',(-0.155518033909,1.779496044609E-18,-0.987833053268
    ));
#8111 = ADVANCED_FACE('',(#8112),#8174,.T.);
#8112 = FACE_BOUND('',#8113,.T.);
#8113 = EDGE_LOOP('',(#8114,#8115,#8116,#8117,#8126,#8134,#8142,#8150,
    #8159,#8167));
#8114 = ORIENTED_EDGE('',*,*,#7535,.F.);
#8115 = ORIENTED_EDGE('',*,*,#7503,.T.);
#8116 = ORIENTED_EDGE('',*,*,#8092,.T.);
#8117 = ORIENTED_EDGE('',*,*,#8118,.T.);
#8118 = EDGE_CURVE('',#8093,#8119,#8121,.T.);
#8119 = VERTEX_POINT('',#8120);
#8120 = CARTESIAN_POINT('',(-1.089673570659,-0.75,5.551115123126E-17));
#8121 = CIRCLE('',#8122,0.25);
#8122 = AXIS2_PLACEMENT_3D('',#8123,#8124,#8125);
#8123 = CARTESIAN_POINT('',(-1.089673570659,-0.75,0.25));
#8124 = DIRECTION('',(1.144237745222E-17,1.,3.851859888774E-34));
#8125 = DIRECTION('',(0.984807753012,-1.126854202784E-17,-0.173648177667
    ));
#8126 = ORIENTED_EDGE('',*,*,#8127,.T.);
#8127 = EDGE_CURVE('',#8119,#8128,#8130,.T.);
#8128 = VERTEX_POINT('',#8129);
#8129 = CARTESIAN_POINT('',(-1.25,-0.75,5.551115123126E-17));
#8130 = LINE('',#8131,#8132);
#8131 = CARTESIAN_POINT('',(-1.089673570659,-0.75,5.551115123126E-17));
#8132 = VECTOR('',#8133,1.);
#8133 = DIRECTION('',(-1.,1.144237745222E-17,0.));
#8134 = ORIENTED_EDGE('',*,*,#8135,.T.);
#8135 = EDGE_CURVE('',#8128,#8136,#8138,.T.);
#8136 = VERTEX_POINT('',#8137);
#8137 = CARTESIAN_POINT('',(-1.25,-0.75,0.15));
#8138 = LINE('',#8139,#8140);
#8139 = CARTESIAN_POINT('',(-1.25,-0.75,5.551115123126E-17));
#8140 = VECTOR('',#8141,1.);
#8141 = DIRECTION('',(0.,0.,1.));
#8142 = ORIENTED_EDGE('',*,*,#8143,.T.);
#8143 = EDGE_CURVE('',#8136,#8144,#8146,.T.);
#8144 = VERTEX_POINT('',#8145);
#8145 = CARTESIAN_POINT('',(-1.089673570659,-0.75,0.15));
#8146 = LINE('',#8147,#8148);
#8147 = CARTESIAN_POINT('',(-1.25,-0.75,0.15));
#8148 = VECTOR('',#8149,1.);
#8149 = DIRECTION('',(1.,-1.144237745222E-17,0.));
#8150 = ORIENTED_EDGE('',*,*,#8151,.T.);
#8151 = EDGE_CURVE('',#8144,#8152,#8154,.T.);
#8152 = VERTEX_POINT('',#8153);
#8153 = CARTESIAN_POINT('',(-0.991192795358,-0.75,0.232635182233));
#8154 = CIRCLE('',#8155,0.1);
#8155 = AXIS2_PLACEMENT_3D('',#8156,#8157,#8158);
#8156 = CARTESIAN_POINT('',(-1.089673570659,-0.75,0.25));
#8157 = DIRECTION('',(-1.144237745222E-17,-1.,1.094764425254E-47));
#8158 = DIRECTION('',(-2.22044604925E-15,2.540718180781E-32,-1.));
#8159 = ORIENTED_EDGE('',*,*,#8160,.T.);
#8160 = EDGE_CURVE('',#8152,#8161,#8163,.T.);
#8161 = VERTEX_POINT('',#8162);
#8162 = CARTESIAN_POINT('',(-0.946201938253,-0.75,0.518412044417));
#8163 = LINE('',#8164,#8165);
#8164 = CARTESIAN_POINT('',(-0.991192795358,-0.75,0.232635182233));
#8165 = VECTOR('',#8166,1.);
#8166 = DIRECTION('',(0.155518033909,-1.779496044609E-18,0.987833053268)
  );
#8167 = ORIENTED_EDGE('',*,*,#8168,.T.);
#8168 = EDGE_CURVE('',#8161,#7536,#8169,.T.);
#8169 = CIRCLE('',#8170,0.25);
#8170 = AXIS2_PLACEMENT_3D('',#8171,#8172,#8173);
#8171 = CARTESIAN_POINT('',(-0.7,-0.75,0.475));
#8172 = DIRECTION('',(1.144237745222E-17,1.,0.));
#8173 = DIRECTION('',(-0.984807753012,1.126854202784E-17,0.173648177667)
  );
#8174 = PLANE('',#8175);
#8175 = AXIS2_PLACEMENT_3D('',#8176,#8177,#8178);
#8176 = CARTESIAN_POINT('',(-0.931323080229,-0.75,0.33452717391));
#8177 = DIRECTION('',(1.144237745222E-17,1.,0.));
#8178 = DIRECTION('',(0.,-0.,1.));
#8179 = ADVANCED_FACE('',(#8180),#8191,.F.);
#8180 = FACE_BOUND('',#8181,.F.);
#8181 = EDGE_LOOP('',(#8182,#8183,#8184,#8185));
#8182 = ORIENTED_EDGE('',*,*,#7552,.T.);
#8183 = ORIENTED_EDGE('',*,*,#7759,.T.);
#8184 = ORIENTED_EDGE('',*,*,#7806,.F.);
#8185 = ORIENTED_EDGE('',*,*,#8186,.F.);
#8186 = EDGE_CURVE('',#7536,#7799,#8187,.T.);
#8187 = LINE('',#8188,#8189);
#8188 = CARTESIAN_POINT('',(-0.7,-0.75,0.725));
#8189 = VECTOR('',#8190,1.);
#8190 = DIRECTION('',(1.,-1.144237745222E-17,0.));
#8191 = PLANE('',#8192);
#8192 = AXIS2_PLACEMENT_3D('',#8193,#8194,#8195);
#8193 = CARTESIAN_POINT('',(-1.486299604971E-16,1.4875,0.725));
#8194 = DIRECTION('',(1.022886882533E-31,-6.310887241768E-27,-1.));
#8195 = DIRECTION('',(1.,1.217738924546E-16,1.022886882525E-31));
#8196 = ADVANCED_FACE('',(#8197),#8266,.F.);
#8197 = FACE_BOUND('',#8198,.F.);
#8198 = EDGE_LOOP('',(#8199,#8200,#8201,#8209,#8218,#8226,#8234,#8242,
    #8251,#8259));
#8199 = ORIENTED_EDGE('',*,*,#7544,.F.);
#8200 = ORIENTED_EDGE('',*,*,#7584,.T.);
#8201 = ORIENTED_EDGE('',*,*,#8202,.T.);
#8202 = EDGE_CURVE('',#7577,#8203,#8205,.T.);
#8203 = VERTEX_POINT('',#8204);
#8204 = CARTESIAN_POINT('',(-0.843471632406,0.75,0.206587955583));
#8205 = LINE('',#8206,#8207);
#8206 = CARTESIAN_POINT('',(-0.798480775301,0.75,0.492364817767));
#8207 = VECTOR('',#8208,1.);
#8208 = DIRECTION('',(-0.155518033909,1.779496044609E-18,-0.987833053268
    ));
#8209 = ORIENTED_EDGE('',*,*,#8210,.T.);
#8210 = EDGE_CURVE('',#8203,#8211,#8213,.T.);
#8211 = VERTEX_POINT('',#8212);
#8212 = CARTESIAN_POINT('',(-1.089673570659,0.75,5.551115123126E-17));
#8213 = CIRCLE('',#8214,0.25);
#8214 = AXIS2_PLACEMENT_3D('',#8215,#8216,#8217);
#8215 = CARTESIAN_POINT('',(-1.089673570659,0.75,0.25));
#8216 = DIRECTION('',(1.144237745222E-17,1.,3.851859888774E-34));
#8217 = DIRECTION('',(0.984807753012,-1.126854202784E-17,-0.173648177667
    ));
#8218 = ORIENTED_EDGE('',*,*,#8219,.T.);
#8219 = EDGE_CURVE('',#8211,#8220,#8222,.T.);
#8220 = VERTEX_POINT('',#8221);
#8221 = CARTESIAN_POINT('',(-1.25,0.75,5.551115123126E-17));
#8222 = LINE('',#8223,#8224);
#8223 = CARTESIAN_POINT('',(-1.089673570659,0.75,5.551115123126E-17));
#8224 = VECTOR('',#8225,1.);
#8225 = DIRECTION('',(-1.,1.144237745222E-17,0.));
#8226 = ORIENTED_EDGE('',*,*,#8227,.T.);
#8227 = EDGE_CURVE('',#8220,#8228,#8230,.T.);
#8228 = VERTEX_POINT('',#8229);
#8229 = CARTESIAN_POINT('',(-1.25,0.75,0.15));
#8230 = LINE('',#8231,#8232);
#8231 = CARTESIAN_POINT('',(-1.25,0.75,5.551115123126E-17));
#8232 = VECTOR('',#8233,1.);
#8233 = DIRECTION('',(0.,0.,1.));
#8234 = ORIENTED_EDGE('',*,*,#8235,.T.);
#8235 = EDGE_CURVE('',#8228,#8236,#8238,.T.);
#8236 = VERTEX_POINT('',#8237);
#8237 = CARTESIAN_POINT('',(-1.089673570659,0.75,0.15));
#8238 = LINE('',#8239,#8240);
#8239 = CARTESIAN_POINT('',(-1.25,0.75,0.15));
#8240 = VECTOR('',#8241,1.);
#8241 = DIRECTION('',(1.,-1.144237745222E-17,0.));
#8242 = ORIENTED_EDGE('',*,*,#8243,.T.);
#8243 = EDGE_CURVE('',#8236,#8244,#8246,.T.);
#8244 = VERTEX_POINT('',#8245);
#8245 = CARTESIAN_POINT('',(-0.991192795358,0.75,0.232635182233));
#8246 = CIRCLE('',#8247,0.1);
#8247 = AXIS2_PLACEMENT_3D('',#8248,#8249,#8250);
#8248 = CARTESIAN_POINT('',(-1.089673570659,0.75,0.25));
#8249 = DIRECTION('',(-1.144237745222E-17,-1.,1.094764425254E-47));
#8250 = DIRECTION('',(-2.22044604925E-15,2.540718180781E-32,-1.));
#8251 = ORIENTED_EDGE('',*,*,#8252,.T.);
#8252 = EDGE_CURVE('',#8244,#8253,#8255,.T.);
#8253 = VERTEX_POINT('',#8254);
#8254 = CARTESIAN_POINT('',(-0.946201938253,0.75,0.518412044417));
#8255 = LINE('',#8256,#8257);
#8256 = CARTESIAN_POINT('',(-0.991192795358,0.75,0.232635182233));
#8257 = VECTOR('',#8258,1.);
#8258 = DIRECTION('',(0.155518033909,-1.779496044609E-18,0.987833053268)
  );
#8259 = ORIENTED_EDGE('',*,*,#8260,.T.);
#8260 = EDGE_CURVE('',#8253,#7545,#8261,.T.);
#8261 = CIRCLE('',#8262,0.25);
#8262 = AXIS2_PLACEMENT_3D('',#8263,#8264,#8265);
#8263 = CARTESIAN_POINT('',(-0.7,0.75,0.475));
#8264 = DIRECTION('',(1.144237745222E-17,1.,0.));
#8265 = DIRECTION('',(-0.984807753012,1.126854202784E-17,0.173648177667)
  );
#8266 = PLANE('',#8267);
#8267 = AXIS2_PLACEMENT_3D('',#8268,#8269,#8270);
#8268 = CARTESIAN_POINT('',(-0.931323080229,0.75,0.33452717391));
#8269 = DIRECTION('',(1.144237745222E-17,1.,0.));
#8270 = DIRECTION('',(0.,-0.,1.));
#8271 = ADVANCED_FACE('',(#8272),#8290,.F.);
#8272 = FACE_BOUND('',#8273,.F.);
#8273 = EDGE_LOOP('',(#8274,#8275,#8283,#8289));
#8274 = ORIENTED_EDGE('',*,*,#7576,.T.);
#8275 = ORIENTED_EDGE('',*,*,#8276,.T.);
#8276 = EDGE_CURVE('',#7568,#8277,#8279,.T.);
#8277 = VERTEX_POINT('',#8278);
#8278 = CARTESIAN_POINT('',(-0.843471632406,1.15,0.206587955583));
#8279 = LINE('',#8280,#8281);
#8280 = CARTESIAN_POINT('',(-0.798480775301,1.15,0.492364817767));
#8281 = VECTOR('',#8282,1.);
#8282 = DIRECTION('',(-0.155518033909,1.779496044609E-18,-0.987833053268
    ));
#8283 = ORIENTED_EDGE('',*,*,#8284,.F.);
#8284 = EDGE_CURVE('',#8203,#8277,#8285,.T.);
#8285 = LINE('',#8286,#8287);
#8286 = CARTESIAN_POINT('',(-0.843471632406,0.75,0.206587955583));
#8287 = VECTOR('',#8288,1.);
#8288 = DIRECTION('',(1.144237745222E-17,1.,0.));
#8289 = ORIENTED_EDGE('',*,*,#8202,.F.);
#8290 = PLANE('',#8291);
#8291 = AXIS2_PLACEMENT_3D('',#8292,#8293,#8294);
#8292 = CARTESIAN_POINT('',(-0.798480775301,0.75,0.492364817767));
#8293 = DIRECTION('',(-0.987833053268,1.130315865527E-17,0.155518033909)
  );
#8294 = DIRECTION('',(-0.155518033909,1.779496044609E-18,-0.987833053268
    ));
#8295 = ADVANCED_FACE('',(#8296),#8358,.T.);
#8296 = FACE_BOUND('',#8297,.T.);
#8297 = EDGE_LOOP('',(#8298,#8299,#8300,#8301,#8310,#8318,#8326,#8334,
    #8343,#8351));
#8298 = ORIENTED_EDGE('',*,*,#7599,.F.);
#8299 = ORIENTED_EDGE('',*,*,#7567,.T.);
#8300 = ORIENTED_EDGE('',*,*,#8276,.T.);
#8301 = ORIENTED_EDGE('',*,*,#8302,.T.);
#8302 = EDGE_CURVE('',#8277,#8303,#8305,.T.);
#8303 = VERTEX_POINT('',#8304);
#8304 = CARTESIAN_POINT('',(-1.089673570659,1.15,5.551115123126E-17));
#8305 = CIRCLE('',#8306,0.25);
#8306 = AXIS2_PLACEMENT_3D('',#8307,#8308,#8309);
#8307 = CARTESIAN_POINT('',(-1.089673570659,1.15,0.25));
#8308 = DIRECTION('',(1.144237745222E-17,1.,3.851859888774E-34));
#8309 = DIRECTION('',(0.984807753012,-1.126854202784E-17,-0.173648177667
    ));
#8310 = ORIENTED_EDGE('',*,*,#8311,.T.);
#8311 = EDGE_CURVE('',#8303,#8312,#8314,.T.);
#8312 = VERTEX_POINT('',#8313);
#8313 = CARTESIAN_POINT('',(-1.25,1.15,5.551115123126E-17));
#8314 = LINE('',#8315,#8316);
#8315 = CARTESIAN_POINT('',(-1.089673570659,1.15,5.551115123126E-17));
#8316 = VECTOR('',#8317,1.);
#8317 = DIRECTION('',(-1.,1.144237745222E-17,0.));
#8318 = ORIENTED_EDGE('',*,*,#8319,.T.);
#8319 = EDGE_CURVE('',#8312,#8320,#8322,.T.);
#8320 = VERTEX_POINT('',#8321);
#8321 = CARTESIAN_POINT('',(-1.25,1.15,0.15));
#8322 = LINE('',#8323,#8324);
#8323 = CARTESIAN_POINT('',(-1.25,1.15,5.551115123126E-17));
#8324 = VECTOR('',#8325,1.);
#8325 = DIRECTION('',(0.,0.,1.));
#8326 = ORIENTED_EDGE('',*,*,#8327,.T.);
#8327 = EDGE_CURVE('',#8320,#8328,#8330,.T.);
#8328 = VERTEX_POINT('',#8329);
#8329 = CARTESIAN_POINT('',(-1.089673570659,1.15,0.15));
#8330 = LINE('',#8331,#8332);
#8331 = CARTESIAN_POINT('',(-1.25,1.15,0.15));
#8332 = VECTOR('',#8333,1.);
#8333 = DIRECTION('',(1.,-1.144237745222E-17,0.));
#8334 = ORIENTED_EDGE('',*,*,#8335,.T.);
#8335 = EDGE_CURVE('',#8328,#8336,#8338,.T.);
#8336 = VERTEX_POINT('',#8337);
#8337 = CARTESIAN_POINT('',(-0.991192795358,1.15,0.232635182233));
#8338 = CIRCLE('',#8339,0.1);
#8339 = AXIS2_PLACEMENT_3D('',#8340,#8341,#8342);
#8340 = CARTESIAN_POINT('',(-1.089673570659,1.15,0.25));
#8341 = DIRECTION('',(-1.144237745222E-17,-1.,1.094764425254E-47));
#8342 = DIRECTION('',(-2.22044604925E-15,2.540718180781E-32,-1.));
#8343 = ORIENTED_EDGE('',*,*,#8344,.T.);
#8344 = EDGE_CURVE('',#8336,#8345,#8347,.T.);
#8345 = VERTEX_POINT('',#8346);
#8346 = CARTESIAN_POINT('',(-0.946201938253,1.15,0.518412044417));
#8347 = LINE('',#8348,#8349);
#8348 = CARTESIAN_POINT('',(-0.991192795358,1.15,0.232635182233));
#8349 = VECTOR('',#8350,1.);
#8350 = DIRECTION('',(0.155518033909,-1.779496044609E-18,0.987833053268)
  );
#8351 = ORIENTED_EDGE('',*,*,#8352,.T.);
#8352 = EDGE_CURVE('',#8345,#7435,#8353,.T.);
#8353 = CIRCLE('',#8354,0.25);
#8354 = AXIS2_PLACEMENT_3D('',#8355,#8356,#8357);
#8355 = CARTESIAN_POINT('',(-0.7,1.15,0.475));
#8356 = DIRECTION('',(1.144237745222E-17,1.,0.));
#8357 = DIRECTION('',(-0.984807753012,1.126854202784E-17,0.173648177667)
  );
#8358 = PLANE('',#8359);
#8359 = AXIS2_PLACEMENT_3D('',#8360,#8361,#8362);
#8360 = CARTESIAN_POINT('',(-0.931323080229,1.15,0.33452717391));
#8361 = DIRECTION('',(1.144237745222E-17,1.,0.));
#8362 = DIRECTION('',(0.,-0.,1.));
#8363 = ADVANCED_FACE('',(#8364),#8433,.F.);
#8364 = FACE_BOUND('',#8365,.F.);
#8365 = EDGE_LOOP('',(#8366,#8367,#8368,#8376,#8385,#8393,#8401,#8409,
    #8418,#8426));
#8366 = ORIENTED_EDGE('',*,*,#7618,.F.);
#8367 = ORIENTED_EDGE('',*,*,#7651,.T.);
#8368 = ORIENTED_EDGE('',*,*,#8369,.T.);
#8369 = EDGE_CURVE('',#7644,#8370,#8372,.T.);
#8370 = VERTEX_POINT('',#8371);
#8371 = CARTESIAN_POINT('',(0.843471632406,0.2,0.206587955583));
#8372 = LINE('',#8373,#8374);
#8373 = CARTESIAN_POINT('',(0.798480775301,0.2,0.492364817767));
#8374 = VECTOR('',#8375,1.);
#8375 = DIRECTION('',(0.155518033909,1.726597019897E-17,-0.987833053268)
  );
#8376 = ORIENTED_EDGE('',*,*,#8377,.T.);
#8377 = EDGE_CURVE('',#8370,#8378,#8380,.T.);
#8378 = VERTEX_POINT('',#8379);
#8379 = CARTESIAN_POINT('',(1.089673570659,0.2,5.551115123126E-17));
#8380 = CIRCLE('',#8381,0.25);
#8381 = AXIS2_PLACEMENT_3D('',#8382,#8383,#8384);
#8382 = CARTESIAN_POINT('',(1.089673570659,0.2,0.25));
#8383 = DIRECTION('',(1.110223024625E-16,-1.,0.));
#8384 = DIRECTION('',(-0.984807753012,-1.093356242223E-16,
    -0.173648177667));
#8385 = ORIENTED_EDGE('',*,*,#8386,.T.);
#8386 = EDGE_CURVE('',#8378,#8387,#8389,.T.);
#8387 = VERTEX_POINT('',#8388);
#8388 = CARTESIAN_POINT('',(1.25,0.2,5.551115123126E-17));
#8389 = LINE('',#8390,#8391);
#8390 = CARTESIAN_POINT('',(1.089673570659,0.2,5.551115123126E-17));
#8391 = VECTOR('',#8392,1.);
#8392 = DIRECTION('',(1.,1.110223024625E-16,0.));
#8393 = ORIENTED_EDGE('',*,*,#8394,.T.);
#8394 = EDGE_CURVE('',#8387,#8395,#8397,.T.);
#8395 = VERTEX_POINT('',#8396);
#8396 = CARTESIAN_POINT('',(1.25,0.2,0.15));
#8397 = LINE('',#8398,#8399);
#8398 = CARTESIAN_POINT('',(1.25,0.2,5.551115123126E-17));
#8399 = VECTOR('',#8400,1.);
#8400 = DIRECTION('',(0.,0.,1.));
#8401 = ORIENTED_EDGE('',*,*,#8402,.T.);
#8402 = EDGE_CURVE('',#8395,#8403,#8405,.T.);
#8403 = VERTEX_POINT('',#8404);
#8404 = CARTESIAN_POINT('',(1.089673570659,0.2,0.15));
#8405 = LINE('',#8406,#8407);
#8406 = CARTESIAN_POINT('',(1.25,0.2,0.15));
#8407 = VECTOR('',#8408,1.);
#8408 = DIRECTION('',(-1.,-1.110223024625E-16,0.));
#8409 = ORIENTED_EDGE('',*,*,#8410,.T.);
#8410 = EDGE_CURVE('',#8403,#8411,#8413,.T.);
#8411 = VERTEX_POINT('',#8412);
#8412 = CARTESIAN_POINT('',(0.991192795358,0.2,0.232635182233));
#8413 = CIRCLE('',#8414,0.1);
#8414 = AXIS2_PLACEMENT_3D('',#8415,#8416,#8417);
#8415 = CARTESIAN_POINT('',(1.089673570659,0.2,0.25));
#8416 = DIRECTION('',(-1.110223024625E-16,1.,0.));
#8417 = DIRECTION('',(2.22044604925E-15,2.465190328815E-31,-1.));
#8418 = ORIENTED_EDGE('',*,*,#8419,.T.);
#8419 = EDGE_CURVE('',#8411,#8420,#8422,.T.);
#8420 = VERTEX_POINT('',#8421);
#8421 = CARTESIAN_POINT('',(0.946201938253,0.2,0.518412044417));
#8422 = LINE('',#8423,#8424);
#8423 = CARTESIAN_POINT('',(0.991192795358,0.2,0.232635182233));
#8424 = VECTOR('',#8425,1.);
#8425 = DIRECTION('',(-0.155518033909,-1.726597019897E-17,0.987833053268
    ));
#8426 = ORIENTED_EDGE('',*,*,#8427,.T.);
#8427 = EDGE_CURVE('',#8420,#7379,#8428,.T.);
#8428 = CIRCLE('',#8429,0.25);
#8429 = AXIS2_PLACEMENT_3D('',#8430,#8431,#8432);
#8430 = CARTESIAN_POINT('',(0.7,0.2,0.475));
#8431 = DIRECTION('',(1.110223024625E-16,-1.,0.));
#8432 = DIRECTION('',(0.984807753012,1.093356242223E-16,0.173648177667)
  );
#8433 = PLANE('',#8434);
#8434 = AXIS2_PLACEMENT_3D('',#8435,#8436,#8437);
#8435 = CARTESIAN_POINT('',(0.931323080229,0.2,0.33452717391));
#8436 = DIRECTION('',(1.110223024625E-16,-1.,0.));
#8437 = DIRECTION('',(0.,0.,1.));
#8438 = ADVANCED_FACE('',(#8439),#8457,.F.);
#8439 = FACE_BOUND('',#8440,.F.);
#8440 = EDGE_LOOP('',(#8441,#8442,#8450,#8456));
#8441 = ORIENTED_EDGE('',*,*,#7643,.T.);
#8442 = ORIENTED_EDGE('',*,*,#8443,.T.);
#8443 = EDGE_CURVE('',#7635,#8444,#8446,.T.);
#8444 = VERTEX_POINT('',#8445);
#8445 = CARTESIAN_POINT('',(0.843471632406,-0.2,0.206587955583));
#8446 = LINE('',#8447,#8448);
#8447 = CARTESIAN_POINT('',(0.798480775301,-0.2,0.492364817767));
#8448 = VECTOR('',#8449,1.);
#8449 = DIRECTION('',(0.155518033909,1.726597019897E-17,-0.987833053268)
  );
#8450 = ORIENTED_EDGE('',*,*,#8451,.F.);
#8451 = EDGE_CURVE('',#8370,#8444,#8452,.T.);
#8452 = LINE('',#8453,#8454);
#8453 = CARTESIAN_POINT('',(0.843471632406,0.2,0.206587955583));
#8454 = VECTOR('',#8455,1.);
#8455 = DIRECTION('',(1.110223024625E-16,-1.,0.));
#8456 = ORIENTED_EDGE('',*,*,#8369,.F.);
#8457 = PLANE('',#8458);
#8458 = AXIS2_PLACEMENT_3D('',#8459,#8460,#8461);
#8459 = CARTESIAN_POINT('',(0.798480775301,0.2,0.492364817767));
#8460 = DIRECTION('',(0.987833053268,1.096715000224E-16,0.155518033909)
  );
#8461 = DIRECTION('',(0.155518033909,1.726597019897E-17,-0.987833053268)
  );
#8462 = ADVANCED_FACE('',(#8463),#8525,.T.);
#8463 = FACE_BOUND('',#8464,.T.);
#8464 = EDGE_LOOP('',(#8465,#8466,#8467,#8468,#8477,#8485,#8493,#8501,
    #8510,#8518));
#8465 = ORIENTED_EDGE('',*,*,#7666,.F.);
#8466 = ORIENTED_EDGE('',*,*,#7634,.T.);
#8467 = ORIENTED_EDGE('',*,*,#8443,.T.);
#8468 = ORIENTED_EDGE('',*,*,#8469,.T.);
#8469 = EDGE_CURVE('',#8444,#8470,#8472,.T.);
#8470 = VERTEX_POINT('',#8471);
#8471 = CARTESIAN_POINT('',(1.089673570659,-0.2,5.551115123126E-17));
#8472 = CIRCLE('',#8473,0.25);
#8473 = AXIS2_PLACEMENT_3D('',#8474,#8475,#8476);
#8474 = CARTESIAN_POINT('',(1.089673570659,-0.2,0.25));
#8475 = DIRECTION('',(1.110223024625E-16,-1.,0.));
#8476 = DIRECTION('',(-0.984807753012,-1.093356242223E-16,
    -0.173648177667));
#8477 = ORIENTED_EDGE('',*,*,#8478,.T.);
#8478 = EDGE_CURVE('',#8470,#8479,#8481,.T.);
#8479 = VERTEX_POINT('',#8480);
#8480 = CARTESIAN_POINT('',(1.25,-0.2,5.551115123126E-17));
#8481 = LINE('',#8482,#8483);
#8482 = CARTESIAN_POINT('',(1.089673570659,-0.2,5.551115123126E-17));
#8483 = VECTOR('',#8484,1.);
#8484 = DIRECTION('',(1.,1.110223024625E-16,0.));
#8485 = ORIENTED_EDGE('',*,*,#8486,.T.);
#8486 = EDGE_CURVE('',#8479,#8487,#8489,.T.);
#8487 = VERTEX_POINT('',#8488);
#8488 = CARTESIAN_POINT('',(1.25,-0.2,0.15));
#8489 = LINE('',#8490,#8491);
#8490 = CARTESIAN_POINT('',(1.25,-0.2,5.551115123126E-17));
#8491 = VECTOR('',#8492,1.);
#8492 = DIRECTION('',(0.,0.,1.));
#8493 = ORIENTED_EDGE('',*,*,#8494,.T.);
#8494 = EDGE_CURVE('',#8487,#8495,#8497,.T.);
#8495 = VERTEX_POINT('',#8496);
#8496 = CARTESIAN_POINT('',(1.089673570659,-0.2,0.15));
#8497 = LINE('',#8498,#8499);
#8498 = CARTESIAN_POINT('',(1.25,-0.2,0.15));
#8499 = VECTOR('',#8500,1.);
#8500 = DIRECTION('',(-1.,-1.110223024625E-16,0.));
#8501 = ORIENTED_EDGE('',*,*,#8502,.T.);
#8502 = EDGE_CURVE('',#8495,#8503,#8505,.T.);
#8503 = VERTEX_POINT('',#8504);
#8504 = CARTESIAN_POINT('',(0.991192795358,-0.2,0.232635182233));
#8505 = CIRCLE('',#8506,0.1);
#8506 = AXIS2_PLACEMENT_3D('',#8507,#8508,#8509);
#8507 = CARTESIAN_POINT('',(1.089673570659,-0.2,0.25));
#8508 = DIRECTION('',(-1.110223024625E-16,1.,0.));
#8509 = DIRECTION('',(2.22044604925E-15,2.465190328815E-31,-1.));
#8510 = ORIENTED_EDGE('',*,*,#8511,.T.);
#8511 = EDGE_CURVE('',#8503,#8512,#8514,.T.);
#8512 = VERTEX_POINT('',#8513);
#8513 = CARTESIAN_POINT('',(0.946201938253,-0.2,0.518412044417));
#8514 = LINE('',#8515,#8516);
#8515 = CARTESIAN_POINT('',(0.991192795358,-0.2,0.232635182233));
#8516 = VECTOR('',#8517,1.);
#8517 = DIRECTION('',(-0.155518033909,-1.726597019897E-17,0.987833053268
    ));
#8518 = ORIENTED_EDGE('',*,*,#8519,.T.);
#8519 = EDGE_CURVE('',#8512,#7667,#8520,.T.);
#8520 = CIRCLE('',#8521,0.25);
#8521 = AXIS2_PLACEMENT_3D('',#8522,#8523,#8524);
#8522 = CARTESIAN_POINT('',(0.7,-0.2,0.475));
#8523 = DIRECTION('',(1.110223024625E-16,-1.,0.));
#8524 = DIRECTION('',(0.984807753012,1.093356242223E-16,0.173648177667)
  );
#8525 = PLANE('',#8526);
#8526 = AXIS2_PLACEMENT_3D('',#8527,#8528,#8529);
#8527 = CARTESIAN_POINT('',(0.931323080229,-0.2,0.33452717391));
#8528 = DIRECTION('',(1.110223024625E-16,-1.,0.));
#8529 = DIRECTION('',(0.,0.,1.));
#8530 = ADVANCED_FACE('',(#8531),#8542,.T.);
#8531 = FACE_BOUND('',#8532,.T.);
#8532 = EDGE_LOOP('',(#8533,#8534,#8535,#8536));
#8533 = ORIENTED_EDGE('',*,*,#8260,.T.);
#8534 = ORIENTED_EDGE('',*,*,#7767,.T.);
#8535 = ORIENTED_EDGE('',*,*,#8352,.F.);
#8536 = ORIENTED_EDGE('',*,*,#8537,.F.);
#8537 = EDGE_CURVE('',#8253,#8345,#8538,.T.);
#8538 = LINE('',#8539,#8540);
#8539 = CARTESIAN_POINT('',(-0.946201938253,0.75,0.518412044417));
#8540 = VECTOR('',#8541,1.);
#8541 = DIRECTION('',(1.144237745222E-17,1.,0.));
#8542 = CYLINDRICAL_SURFACE('',#8543,0.25);
#8543 = AXIS2_PLACEMENT_3D('',#8544,#8545,#8546);
#8544 = CARTESIAN_POINT('',(-0.7,0.75,0.475));
#8545 = DIRECTION('',(-1.144237745222E-17,-1.,0.));
#8546 = DIRECTION('',(-0.984807753012,1.126854202784E-17,0.173648177667)
  );
#8547 = ADVANCED_FACE('',(#8548),#8559,.F.);
#8548 = FACE_BOUND('',#8549,.F.);
#8549 = EDGE_LOOP('',(#8550,#8551,#8557,#8558));
#8550 = ORIENTED_EDGE('',*,*,#7978,.F.);
#8551 = ORIENTED_EDGE('',*,*,#8552,.T.);
#8552 = EDGE_CURVE('',#7481,#7536,#8553,.T.);
#8553 = LINE('',#8554,#8555);
#8554 = CARTESIAN_POINT('',(-0.7,-1.15,0.725));
#8555 = VECTOR('',#8556,1.);
#8556 = DIRECTION('',(1.144237745222E-17,1.,0.));
#8557 = ORIENTED_EDGE('',*,*,#8186,.T.);
#8558 = ORIENTED_EDGE('',*,*,#7798,.F.);
#8559 = PLANE('',#8560);
#8560 = AXIS2_PLACEMENT_3D('',#8561,#8562,#8563);
#8561 = CARTESIAN_POINT('',(-0.7,-1.15,0.725));
#8562 = DIRECTION('',(0.,0.,-1.));
#8563 = DIRECTION('',(1.,-1.144237745222E-17,0.));
#8564 = ADVANCED_FACE('',(#8565,#8594),#8605,.T.);
#8565 = FACE_BOUND('',#8566,.T.);
#8566 = EDGE_LOOP('',(#8567,#8568,#8569,#8570,#8578,#8586,#8592,#8593));
#8567 = ORIENTED_EDGE('',*,*,#7873,.F.);
#8568 = ORIENTED_EDGE('',*,*,#7850,.F.);
#8569 = ORIENTED_EDGE('',*,*,#7821,.F.);
#8570 = ORIENTED_EDGE('',*,*,#8571,.F.);
#8571 = EDGE_CURVE('',#8572,#7822,#8574,.T.);
#8572 = VERTEX_POINT('',#8573);
#8573 = CARTESIAN_POINT('',(-0.559121551758,-1.408243103516,1.2));
#8574 = LINE('',#8575,#8576);
#8575 = CARTESIAN_POINT('',(-0.559121551758,-1.408243103516,1.2));
#8576 = VECTOR('',#8577,1.);
#8577 = DIRECTION('',(-0.707106781187,0.707106781187,0.));
#8578 = ORIENTED_EDGE('',*,*,#8579,.F.);
#8579 = EDGE_CURVE('',#8580,#8572,#8582,.T.);
#8580 = VERTEX_POINT('',#8581);
#8581 = CARTESIAN_POINT('',(0.559121551758,-1.408243103516,1.2));
#8582 = LINE('',#8583,#8584);
#8583 = CARTESIAN_POINT('',(0.559121551758,-1.408243103516,1.2));
#8584 = VECTOR('',#8585,1.);
#8585 = DIRECTION('',(-1.,-1.110223024625E-16,0.));
#8586 = ORIENTED_EDGE('',*,*,#8587,.F.);
#8587 = EDGE_CURVE('',#7929,#8580,#8588,.T.);
#8588 = LINE('',#8589,#8590);
#8589 = CARTESIAN_POINT('',(0.608243103516,-1.359121551758,1.2));
#8590 = VECTOR('',#8591,1.);
#8591 = DIRECTION('',(-0.707106781187,-0.707106781187,0.));
#8592 = ORIENTED_EDGE('',*,*,#7935,.F.);
#8593 = ORIENTED_EDGE('',*,*,#7896,.F.);
#8594 = FACE_BOUND('',#8595,.T.);
#8595 = EDGE_LOOP('',(#8596));
#8596 = ORIENTED_EDGE('',*,*,#8597,.T.);
#8597 = EDGE_CURVE('',#8598,#8598,#8600,.T.);
#8598 = VERTEX_POINT('',#8599);
#8599 = CARTESIAN_POINT('',(-0.428243103516,1.178243103516,1.2));
#8600 = CIRCLE('',#8601,5.E-02);
#8601 = AXIS2_PLACEMENT_3D('',#8602,#8603,#8604);
#8602 = CARTESIAN_POINT('',(-0.428243103516,1.228243103516,1.2));
#8603 = DIRECTION('',(0.,-0.,-1.));
#8604 = DIRECTION('',(1.110223024625E-16,-1.,0.));
#8605 = PLANE('',#8606);
#8606 = AXIS2_PLACEMENT_3D('',#8607,#8608,#8609);
#8607 = CARTESIAN_POINT('',(-0.559121551758,1.408243103516,1.2));
#8608 = DIRECTION('',(0.,0.,1.));
#8609 = DIRECTION('',(0.369013679242,-0.929423963825,0.));
#8610 = ADVANCED_FACE('',(#8611),#8621,.F.);
#8611 = FACE_BOUND('',#8612,.F.);
#8612 = EDGE_LOOP('',(#8613,#8614,#8615,#8616));
#8613 = ORIENTED_EDGE('',*,*,#7985,.T.);
#8614 = ORIENTED_EDGE('',*,*,#7829,.T.);
#8615 = ORIENTED_EDGE('',*,*,#8571,.F.);
#8616 = ORIENTED_EDGE('',*,*,#8617,.F.);
#8617 = EDGE_CURVE('',#7986,#8572,#8618,.T.);
#8618 = B_SPLINE_CURVE_WITH_KNOTS('',1,(#8619,#8620),.UNSPECIFIED.,.F.,
  .F.,(2,2),(0.,1.),.PIECEWISE_BEZIER_KNOTS.);
#8619 = CARTESIAN_POINT('',(-0.5925,-1.475,0.725));
#8620 = CARTESIAN_POINT('',(-0.559121551758,-1.408243103516,1.2));
#8621 = B_SPLINE_SURFACE_WITH_KNOTS('',1,1,(
    (#8622,#8623)
    ,(#8624,#8625
    )),.UNSPECIFIED.,.F.,.F.,.F.,(2,2),(2,2),(0.,0.116672618896),(0.,1.)
  ,.PIECEWISE_BEZIER_KNOTS.);
#8622 = CARTESIAN_POINT('',(-0.5925,-1.475,0.725));
#8623 = CARTESIAN_POINT('',(-0.559121551758,-1.408243103516,1.2));
#8624 = CARTESIAN_POINT('',(-0.675,-1.3925,0.725));
#8625 = CARTESIAN_POINT('',(-0.608243103516,-1.359121551758,1.2));
#8626 = ADVANCED_FACE('',(#8627),#8637,.F.);
#8627 = FACE_BOUND('',#8628,.F.);
#8628 = EDGE_LOOP('',(#8629,#8630,#8635,#8636));
#8629 = ORIENTED_EDGE('',*,*,#8001,.T.);
#8630 = ORIENTED_EDGE('',*,*,#8631,.T.);
#8631 = EDGE_CURVE('',#7994,#8580,#8632,.T.);
#8632 = B_SPLINE_CURVE_WITH_KNOTS('',1,(#8633,#8634),.UNSPECIFIED.,.F.,
  .F.,(2,2),(0.,1.),.PIECEWISE_BEZIER_KNOTS.);
#8633 = CARTESIAN_POINT('',(0.5925,-1.475,0.725));
#8634 = CARTESIAN_POINT('',(0.559121551758,-1.408243103516,1.2));
#8635 = ORIENTED_EDGE('',*,*,#8587,.F.);
#8636 = ORIENTED_EDGE('',*,*,#7928,.F.);
#8637 = B_SPLINE_SURFACE_WITH_KNOTS('',1,1,(
    (#8638,#8639)
    ,(#8640,#8641
    )),.UNSPECIFIED.,.F.,.F.,.F.,(2,2),(2,2),(0.,0.116672618896),(0.,1.)
  ,.PIECEWISE_BEZIER_KNOTS.);
#8638 = CARTESIAN_POINT('',(0.675,-1.3925,0.725));
#8639 = CARTESIAN_POINT('',(0.608243103516,-1.359121551758,1.2));
#8640 = CARTESIAN_POINT('',(0.5925,-1.475,0.725));
#8641 = CARTESIAN_POINT('',(0.559121551758,-1.408243103516,1.2));
#8642 = ADVANCED_FACE('',(#8643),#8654,.T.);
#8643 = FACE_BOUND('',#8644,.T.);
#8644 = EDGE_LOOP('',(#8645,#8646,#8647,#8648));
#8645 = ORIENTED_EDGE('',*,*,#8427,.T.);
#8646 = ORIENTED_EDGE('',*,*,#7951,.T.);
#8647 = ORIENTED_EDGE('',*,*,#8519,.F.);
#8648 = ORIENTED_EDGE('',*,*,#8649,.F.);
#8649 = EDGE_CURVE('',#8420,#8512,#8650,.T.);
#8650 = LINE('',#8651,#8652);
#8651 = CARTESIAN_POINT('',(0.946201938253,0.2,0.518412044417));
#8652 = VECTOR('',#8653,1.);
#8653 = DIRECTION('',(1.110223024625E-16,-1.,0.));
#8654 = CYLINDRICAL_SURFACE('',#8655,0.25);
#8655 = AXIS2_PLACEMENT_3D('',#8656,#8657,#8658);
#8656 = CARTESIAN_POINT('',(0.7,0.2,0.475));
#8657 = DIRECTION('',(-1.110223024625E-16,1.,0.));
#8658 = DIRECTION('',(0.984807753012,1.093356242223E-16,0.173648177667)
  );
#8659 = ADVANCED_FACE('',(#8660),#8666,.F.);
#8660 = FACE_BOUND('',#8661,.F.);
#8661 = EDGE_LOOP('',(#8662,#8663,#8664,#8665));
#8662 = ORIENTED_EDGE('',*,*,#7993,.T.);
#8663 = ORIENTED_EDGE('',*,*,#8617,.T.);
#8664 = ORIENTED_EDGE('',*,*,#8579,.F.);
#8665 = ORIENTED_EDGE('',*,*,#8631,.F.);
#8666 = B_SPLINE_SURFACE_WITH_KNOTS('',1,1,(
    (#8667,#8668)
    ,(#8669,#8670
    )),.UNSPECIFIED.,.F.,.F.,.F.,(2,2),(2,2),(0.,1.185),(0.,1.),
  .PIECEWISE_BEZIER_KNOTS.);
#8667 = CARTESIAN_POINT('',(0.5925,-1.475,0.725));
#8668 = CARTESIAN_POINT('',(0.559121551758,-1.408243103516,1.2));
#8669 = CARTESIAN_POINT('',(-0.5925,-1.475,0.725));
#8670 = CARTESIAN_POINT('',(-0.559121551758,-1.408243103516,1.2));
#8671 = ADVANCED_FACE('',(#8672),#8683,.T.);
#8672 = FACE_BOUND('',#8673,.T.);
#8673 = EDGE_LOOP('',(#8674,#8675,#8676,#8677));
#8674 = ORIENTED_EDGE('',*,*,#8076,.T.);
#8675 = ORIENTED_EDGE('',*,*,#8552,.T.);
#8676 = ORIENTED_EDGE('',*,*,#8168,.F.);
#8677 = ORIENTED_EDGE('',*,*,#8678,.F.);
#8678 = EDGE_CURVE('',#8069,#8161,#8679,.T.);
#8679 = LINE('',#8680,#8681);
#8680 = CARTESIAN_POINT('',(-0.946201938253,-1.15,0.518412044417));
#8681 = VECTOR('',#8682,1.);
#8682 = DIRECTION('',(1.144237745222E-17,1.,0.));
#8683 = CYLINDRICAL_SURFACE('',#8684,0.25);
#8684 = AXIS2_PLACEMENT_3D('',#8685,#8686,#8687);
#8685 = CARTESIAN_POINT('',(-0.7,-1.15,0.475));
#8686 = DIRECTION('',(-1.144237745222E-17,-1.,0.));
#8687 = DIRECTION('',(-0.984807753012,1.126854202784E-17,0.173648177667)
  );
#8688 = ADVANCED_FACE('',(#8689),#8700,.F.);
#8689 = FACE_BOUND('',#8690,.F.);
#8690 = EDGE_LOOP('',(#8691,#8697,#8698,#8699));
#8691 = ORIENTED_EDGE('',*,*,#8692,.T.);
#8692 = EDGE_CURVE('',#8060,#8152,#8693,.T.);
#8693 = LINE('',#8694,#8695);
#8694 = CARTESIAN_POINT('',(-0.991192795358,-1.15,0.232635182233));
#8695 = VECTOR('',#8696,1.);
#8696 = DIRECTION('',(1.144237745222E-17,1.,0.));
#8697 = ORIENTED_EDGE('',*,*,#8160,.T.);
#8698 = ORIENTED_EDGE('',*,*,#8678,.F.);
#8699 = ORIENTED_EDGE('',*,*,#8068,.F.);
#8700 = PLANE('',#8701);
#8701 = AXIS2_PLACEMENT_3D('',#8702,#8703,#8704);
#8702 = CARTESIAN_POINT('',(-0.991192795358,-1.15,0.232635182233));
#8703 = DIRECTION('',(0.987833053268,-1.130315865527E-17,-0.155518033909
    ));
#8704 = DIRECTION('',(0.155518033909,-1.779496044609E-18,0.987833053268)
  );
#8705 = ADVANCED_FACE('',(#8706),#8717,.F.);
#8706 = FACE_BOUND('',#8707,.F.);
#8707 = EDGE_LOOP('',(#8708,#8714,#8715,#8716));
#8708 = ORIENTED_EDGE('',*,*,#8709,.T.);
#8709 = EDGE_CURVE('',#8052,#8144,#8710,.T.);
#8710 = LINE('',#8711,#8712);
#8711 = CARTESIAN_POINT('',(-1.089673570659,-1.15,0.15));
#8712 = VECTOR('',#8713,1.);
#8713 = DIRECTION('',(1.144237745222E-17,1.,0.));
#8714 = ORIENTED_EDGE('',*,*,#8151,.T.);
#8715 = ORIENTED_EDGE('',*,*,#8692,.F.);
#8716 = ORIENTED_EDGE('',*,*,#8059,.F.);
#8717 = CYLINDRICAL_SURFACE('',#8718,0.1);
#8718 = AXIS2_PLACEMENT_3D('',#8719,#8720,#8721);
#8719 = CARTESIAN_POINT('',(-1.089673570659,-1.15,0.25));
#8720 = DIRECTION('',(-1.144237745222E-17,-1.,0.));
#8721 = DIRECTION('',(-2.22044604925E-15,2.540718180781E-32,-1.));
#8722 = ADVANCED_FACE('',(#8723),#8734,.F.);
#8723 = FACE_BOUND('',#8724,.F.);
#8724 = EDGE_LOOP('',(#8725,#8731,#8732,#8733));
#8725 = ORIENTED_EDGE('',*,*,#8726,.T.);
#8726 = EDGE_CURVE('',#8044,#8136,#8727,.T.);
#8727 = LINE('',#8728,#8729);
#8728 = CARTESIAN_POINT('',(-1.25,-1.15,0.15));
#8729 = VECTOR('',#8730,1.);
#8730 = DIRECTION('',(1.144237745222E-17,1.,0.));
#8731 = ORIENTED_EDGE('',*,*,#8143,.T.);
#8732 = ORIENTED_EDGE('',*,*,#8709,.F.);
#8733 = ORIENTED_EDGE('',*,*,#8051,.F.);
#8734 = PLANE('',#8735);
#8735 = AXIS2_PLACEMENT_3D('',#8736,#8737,#8738);
#8736 = CARTESIAN_POINT('',(-1.25,-1.15,0.15));
#8737 = DIRECTION('',(0.,0.,-1.));
#8738 = DIRECTION('',(1.,-1.144237745222E-17,0.));
#8739 = ADVANCED_FACE('',(#8740),#8751,.F.);
#8740 = FACE_BOUND('',#8741,.F.);
#8741 = EDGE_LOOP('',(#8742,#8748,#8749,#8750));
#8742 = ORIENTED_EDGE('',*,*,#8743,.T.);
#8743 = EDGE_CURVE('',#8036,#8128,#8744,.T.);
#8744 = LINE('',#8745,#8746);
#8745 = CARTESIAN_POINT('',(-1.25,-1.15,5.551115123126E-17));
#8746 = VECTOR('',#8747,1.);
#8747 = DIRECTION('',(1.144237745222E-17,1.,0.));
#8748 = ORIENTED_EDGE('',*,*,#8135,.T.);
#8749 = ORIENTED_EDGE('',*,*,#8726,.F.);
#8750 = ORIENTED_EDGE('',*,*,#8043,.F.);
#8751 = PLANE('',#8752);
#8752 = AXIS2_PLACEMENT_3D('',#8753,#8754,#8755);
#8753 = CARTESIAN_POINT('',(-1.25,-1.15,5.551115123126E-17));
#8754 = DIRECTION('',(1.,-1.144237745222E-17,0.));
#8755 = DIRECTION('',(0.,0.,1.));
#8756 = ADVANCED_FACE('',(#8757),#8768,.F.);
#8757 = FACE_BOUND('',#8758,.F.);
#8758 = EDGE_LOOP('',(#8759,#8765,#8766,#8767));
#8759 = ORIENTED_EDGE('',*,*,#8760,.T.);
#8760 = EDGE_CURVE('',#8027,#8119,#8761,.T.);
#8761 = LINE('',#8762,#8763);
#8762 = CARTESIAN_POINT('',(-1.089673570659,-1.15,5.551115123126E-17));
#8763 = VECTOR('',#8764,1.);
#8764 = DIRECTION('',(1.144237745222E-17,1.,0.));
#8765 = ORIENTED_EDGE('',*,*,#8127,.T.);
#8766 = ORIENTED_EDGE('',*,*,#8743,.F.);
#8767 = ORIENTED_EDGE('',*,*,#8035,.F.);
#8768 = PLANE('',#8769);
#8769 = AXIS2_PLACEMENT_3D('',#8770,#8771,#8772);
#8770 = CARTESIAN_POINT('',(-1.089673570659,-1.15,5.551115123126E-17));
#8771 = DIRECTION('',(0.,0.,1.));
#8772 = DIRECTION('',(-1.,1.144237745222E-17,0.));
#8773 = ADVANCED_FACE('',(#8774),#8780,.T.);
#8774 = FACE_BOUND('',#8775,.T.);
#8775 = EDGE_LOOP('',(#8776,#8777,#8778,#8779));
#8776 = ORIENTED_EDGE('',*,*,#8026,.T.);
#8777 = ORIENTED_EDGE('',*,*,#8760,.T.);
#8778 = ORIENTED_EDGE('',*,*,#8118,.F.);
#8779 = ORIENTED_EDGE('',*,*,#8100,.F.);
#8780 = CYLINDRICAL_SURFACE('',#8781,0.25);
#8781 = AXIS2_PLACEMENT_3D('',#8782,#8783,#8784);
#8782 = CARTESIAN_POINT('',(-1.089673570659,-1.15,0.25));
#8783 = DIRECTION('',(-1.144237745222E-17,-1.,0.));
#8784 = DIRECTION('',(0.984807753012,-1.126854202784E-17,-0.173648177667
    ));
#8785 = ADVANCED_FACE('',(#8786),#8797,.F.);
#8786 = FACE_BOUND('',#8787,.F.);
#8787 = EDGE_LOOP('',(#8788,#8794,#8795,#8796));
#8788 = ORIENTED_EDGE('',*,*,#8789,.T.);
#8789 = EDGE_CURVE('',#8244,#8336,#8790,.T.);
#8790 = LINE('',#8791,#8792);
#8791 = CARTESIAN_POINT('',(-0.991192795358,0.75,0.232635182233));
#8792 = VECTOR('',#8793,1.);
#8793 = DIRECTION('',(1.144237745222E-17,1.,0.));
#8794 = ORIENTED_EDGE('',*,*,#8344,.T.);
#8795 = ORIENTED_EDGE('',*,*,#8537,.F.);
#8796 = ORIENTED_EDGE('',*,*,#8252,.F.);
#8797 = PLANE('',#8798);
#8798 = AXIS2_PLACEMENT_3D('',#8799,#8800,#8801);
#8799 = CARTESIAN_POINT('',(-0.991192795358,0.75,0.232635182233));
#8800 = DIRECTION('',(0.987833053268,-1.130315865527E-17,-0.155518033909
    ));
#8801 = DIRECTION('',(0.155518033909,-1.779496044609E-18,0.987833053268)
  );
#8802 = ADVANCED_FACE('',(#8803),#8814,.F.);
#8803 = FACE_BOUND('',#8804,.F.);
#8804 = EDGE_LOOP('',(#8805,#8811,#8812,#8813));
#8805 = ORIENTED_EDGE('',*,*,#8806,.T.);
#8806 = EDGE_CURVE('',#8236,#8328,#8807,.T.);
#8807 = LINE('',#8808,#8809);
#8808 = CARTESIAN_POINT('',(-1.089673570659,0.75,0.15));
#8809 = VECTOR('',#8810,1.);
#8810 = DIRECTION('',(1.144237745222E-17,1.,0.));
#8811 = ORIENTED_EDGE('',*,*,#8335,.T.);
#8812 = ORIENTED_EDGE('',*,*,#8789,.F.);
#8813 = ORIENTED_EDGE('',*,*,#8243,.F.);
#8814 = CYLINDRICAL_SURFACE('',#8815,0.1);
#8815 = AXIS2_PLACEMENT_3D('',#8816,#8817,#8818);
#8816 = CARTESIAN_POINT('',(-1.089673570659,0.75,0.25));
#8817 = DIRECTION('',(-1.144237745222E-17,-1.,0.));
#8818 = DIRECTION('',(-2.22044604925E-15,2.540718180781E-32,-1.));
#8819 = ADVANCED_FACE('',(#8820),#8831,.F.);
#8820 = FACE_BOUND('',#8821,.F.);
#8821 = EDGE_LOOP('',(#8822,#8828,#8829,#8830));
#8822 = ORIENTED_EDGE('',*,*,#8823,.T.);
#8823 = EDGE_CURVE('',#8228,#8320,#8824,.T.);
#8824 = LINE('',#8825,#8826);
#8825 = CARTESIAN_POINT('',(-1.25,0.75,0.15));
#8826 = VECTOR('',#8827,1.);
#8827 = DIRECTION('',(1.144237745222E-17,1.,0.));
#8828 = ORIENTED_EDGE('',*,*,#8327,.T.);
#8829 = ORIENTED_EDGE('',*,*,#8806,.F.);
#8830 = ORIENTED_EDGE('',*,*,#8235,.F.);
#8831 = PLANE('',#8832);
#8832 = AXIS2_PLACEMENT_3D('',#8833,#8834,#8835);
#8833 = CARTESIAN_POINT('',(-1.25,0.75,0.15));
#8834 = DIRECTION('',(0.,0.,-1.));
#8835 = DIRECTION('',(1.,-1.144237745222E-17,0.));
#8836 = ADVANCED_FACE('',(#8837),#8848,.F.);
#8837 = FACE_BOUND('',#8838,.F.);
#8838 = EDGE_LOOP('',(#8839,#8845,#8846,#8847));
#8839 = ORIENTED_EDGE('',*,*,#8840,.T.);
#8840 = EDGE_CURVE('',#8220,#8312,#8841,.T.);
#8841 = LINE('',#8842,#8843);
#8842 = CARTESIAN_POINT('',(-1.25,0.75,5.551115123126E-17));
#8843 = VECTOR('',#8844,1.);
#8844 = DIRECTION('',(1.144237745222E-17,1.,0.));
#8845 = ORIENTED_EDGE('',*,*,#8319,.T.);
#8846 = ORIENTED_EDGE('',*,*,#8823,.F.);
#8847 = ORIENTED_EDGE('',*,*,#8227,.F.);
#8848 = PLANE('',#8849);
#8849 = AXIS2_PLACEMENT_3D('',#8850,#8851,#8852);
#8850 = CARTESIAN_POINT('',(-1.25,0.75,5.551115123126E-17));
#8851 = DIRECTION('',(1.,-1.144237745222E-17,0.));
#8852 = DIRECTION('',(0.,0.,1.));
#8853 = ADVANCED_FACE('',(#8854),#8865,.F.);
#8854 = FACE_BOUND('',#8855,.F.);
#8855 = EDGE_LOOP('',(#8856,#8862,#8863,#8864));
#8856 = ORIENTED_EDGE('',*,*,#8857,.T.);
#8857 = EDGE_CURVE('',#8211,#8303,#8858,.T.);
#8858 = LINE('',#8859,#8860);
#8859 = CARTESIAN_POINT('',(-1.089673570659,0.75,5.551115123126E-17));
#8860 = VECTOR('',#8861,1.);
#8861 = DIRECTION('',(1.144237745222E-17,1.,0.));
#8862 = ORIENTED_EDGE('',*,*,#8311,.T.);
#8863 = ORIENTED_EDGE('',*,*,#8840,.F.);
#8864 = ORIENTED_EDGE('',*,*,#8219,.F.);
#8865 = PLANE('',#8866);
#8866 = AXIS2_PLACEMENT_3D('',#8867,#8868,#8869);
#8867 = CARTESIAN_POINT('',(-1.089673570659,0.75,5.551115123126E-17));
#8868 = DIRECTION('',(0.,0.,1.));
#8869 = DIRECTION('',(-1.,1.144237745222E-17,0.));
#8870 = ADVANCED_FACE('',(#8871),#8877,.T.);
#8871 = FACE_BOUND('',#8872,.T.);
#8872 = EDGE_LOOP('',(#8873,#8874,#8875,#8876));
#8873 = ORIENTED_EDGE('',*,*,#8210,.T.);
#8874 = ORIENTED_EDGE('',*,*,#8857,.T.);
#8875 = ORIENTED_EDGE('',*,*,#8302,.F.);
#8876 = ORIENTED_EDGE('',*,*,#8284,.F.);
#8877 = CYLINDRICAL_SURFACE('',#8878,0.25);
#8878 = AXIS2_PLACEMENT_3D('',#8879,#8880,#8881);
#8879 = CARTESIAN_POINT('',(-1.089673570659,0.75,0.25));
#8880 = DIRECTION('',(-1.144237745222E-17,-1.,0.));
#8881 = DIRECTION('',(0.984807753012,-1.126854202784E-17,-0.173648177667
    ));
#8882 = ADVANCED_FACE('',(#8883),#8894,.F.);
#8883 = FACE_BOUND('',#8884,.F.);
#8884 = EDGE_LOOP('',(#8885,#8891,#8892,#8893));
#8885 = ORIENTED_EDGE('',*,*,#8886,.T.);
#8886 = EDGE_CURVE('',#8411,#8503,#8887,.T.);
#8887 = LINE('',#8888,#8889);
#8888 = CARTESIAN_POINT('',(0.991192795358,0.2,0.232635182233));
#8889 = VECTOR('',#8890,1.);
#8890 = DIRECTION('',(1.110223024625E-16,-1.,0.));
#8891 = ORIENTED_EDGE('',*,*,#8511,.T.);
#8892 = ORIENTED_EDGE('',*,*,#8649,.F.);
#8893 = ORIENTED_EDGE('',*,*,#8419,.F.);
#8894 = PLANE('',#8895);
#8895 = AXIS2_PLACEMENT_3D('',#8896,#8897,#8898);
#8896 = CARTESIAN_POINT('',(0.991192795358,0.2,0.232635182233));
#8897 = DIRECTION('',(-0.987833053268,-1.096715000224E-16,
    -0.155518033909));
#8898 = DIRECTION('',(-0.155518033909,-1.726597019897E-17,0.987833053268
    ));
#8899 = ADVANCED_FACE('',(#8900),#8911,.F.);
#8900 = FACE_BOUND('',#8901,.F.);
#8901 = EDGE_LOOP('',(#8902,#8908,#8909,#8910));
#8902 = ORIENTED_EDGE('',*,*,#8903,.T.);
#8903 = EDGE_CURVE('',#8403,#8495,#8904,.T.);
#8904 = LINE('',#8905,#8906);
#8905 = CARTESIAN_POINT('',(1.089673570659,0.2,0.15));
#8906 = VECTOR('',#8907,1.);
#8907 = DIRECTION('',(1.110223024625E-16,-1.,0.));
#8908 = ORIENTED_EDGE('',*,*,#8502,.T.);
#8909 = ORIENTED_EDGE('',*,*,#8886,.F.);
#8910 = ORIENTED_EDGE('',*,*,#8410,.F.);
#8911 = CYLINDRICAL_SURFACE('',#8912,0.1);
#8912 = AXIS2_PLACEMENT_3D('',#8913,#8914,#8915);
#8913 = CARTESIAN_POINT('',(1.089673570659,0.2,0.25));
#8914 = DIRECTION('',(-1.110223024625E-16,1.,0.));
#8915 = DIRECTION('',(2.22044604925E-15,2.465190328815E-31,-1.));
#8916 = ADVANCED_FACE('',(#8917),#8928,.F.);
#8917 = FACE_BOUND('',#8918,.F.);
#8918 = EDGE_LOOP('',(#8919,#8925,#8926,#8927));
#8919 = ORIENTED_EDGE('',*,*,#8920,.T.);
#8920 = EDGE_CURVE('',#8395,#8487,#8921,.T.);
#8921 = LINE('',#8922,#8923);
#8922 = CARTESIAN_POINT('',(1.25,0.2,0.15));
#8923 = VECTOR('',#8924,1.);
#8924 = DIRECTION('',(1.110223024625E-16,-1.,0.));
#8925 = ORIENTED_EDGE('',*,*,#8494,.T.);
#8926 = ORIENTED_EDGE('',*,*,#8903,.F.);
#8927 = ORIENTED_EDGE('',*,*,#8402,.F.);
#8928 = PLANE('',#8929);
#8929 = AXIS2_PLACEMENT_3D('',#8930,#8931,#8932);
#8930 = CARTESIAN_POINT('',(1.25,0.2,0.15));
#8931 = DIRECTION('',(0.,0.,-1.));
#8932 = DIRECTION('',(-1.,-1.110223024625E-16,-0.));
#8933 = ADVANCED_FACE('',(#8934),#8945,.F.);
#8934 = FACE_BOUND('',#8935,.F.);
#8935 = EDGE_LOOP('',(#8936,#8942,#8943,#8944));
#8936 = ORIENTED_EDGE('',*,*,#8937,.T.);
#8937 = EDGE_CURVE('',#8387,#8479,#8938,.T.);
#8938 = LINE('',#8939,#8940);
#8939 = CARTESIAN_POINT('',(1.25,0.2,5.551115123126E-17));
#8940 = VECTOR('',#8941,1.);
#8941 = DIRECTION('',(1.110223024625E-16,-1.,0.));
#8942 = ORIENTED_EDGE('',*,*,#8486,.T.);
#8943 = ORIENTED_EDGE('',*,*,#8920,.F.);
#8944 = ORIENTED_EDGE('',*,*,#8394,.F.);
#8945 = PLANE('',#8946);
#8946 = AXIS2_PLACEMENT_3D('',#8947,#8948,#8949);
#8947 = CARTESIAN_POINT('',(1.25,0.2,5.551115123126E-17));
#8948 = DIRECTION('',(-1.,-1.110223024625E-16,0.));
#8949 = DIRECTION('',(0.,0.,1.));
#8950 = ADVANCED_FACE('',(#8951),#8962,.F.);
#8951 = FACE_BOUND('',#8952,.F.);
#8952 = EDGE_LOOP('',(#8953,#8959,#8960,#8961));
#8953 = ORIENTED_EDGE('',*,*,#8954,.T.);
#8954 = EDGE_CURVE('',#8378,#8470,#8955,.T.);
#8955 = LINE('',#8956,#8957);
#8956 = CARTESIAN_POINT('',(1.089673570659,0.2,5.551115123126E-17));
#8957 = VECTOR('',#8958,1.);
#8958 = DIRECTION('',(1.110223024625E-16,-1.,0.));
#8959 = ORIENTED_EDGE('',*,*,#8478,.T.);
#8960 = ORIENTED_EDGE('',*,*,#8937,.F.);
#8961 = ORIENTED_EDGE('',*,*,#8386,.F.);
#8962 = PLANE('',#8963);
#8963 = AXIS2_PLACEMENT_3D('',#8964,#8965,#8966);
#8964 = CARTESIAN_POINT('',(1.089673570659,0.2,5.551115123126E-17));
#8965 = DIRECTION('',(0.,0.,1.));
#8966 = DIRECTION('',(1.,1.110223024625E-16,-0.));
#8967 = ADVANCED_FACE('',(#8968),#8974,.T.);
#8968 = FACE_BOUND('',#8969,.T.);
#8969 = EDGE_LOOP('',(#8970,#8971,#8972,#8973));
#8970 = ORIENTED_EDGE('',*,*,#8377,.T.);
#8971 = ORIENTED_EDGE('',*,*,#8954,.T.);
#8972 = ORIENTED_EDGE('',*,*,#8469,.F.);
#8973 = ORIENTED_EDGE('',*,*,#8451,.F.);
#8974 = CYLINDRICAL_SURFACE('',#8975,0.25);
#8975 = AXIS2_PLACEMENT_3D('',#8976,#8977,#8978);
#8976 = CARTESIAN_POINT('',(1.089673570659,0.2,0.25));
#8977 = DIRECTION('',(-1.110223024625E-16,1.,0.));
#8978 = DIRECTION('',(-0.984807753012,-1.093356242223E-16,
    -0.173648177667));
#8979 = ADVANCED_FACE('',(#8980),#8983,.F.);
#8980 = FACE_BOUND('',#8981,.T.);
#8981 = EDGE_LOOP('',(#8982));
#8982 = ORIENTED_EDGE('',*,*,#8597,.F.);
#8983 = PLANE('',#8984);
#8984 = AXIS2_PLACEMENT_3D('',#8985,#8986,#8987);
#8985 = CARTESIAN_POINT('',(-0.428243103516,1.228243103516,1.2));
#8986 = DIRECTION('',(0.,0.,-1.));
#8987 = DIRECTION('',(1.110223024625E-16,-1.,0.));
#8988 = ( GEOMETRIC_REPRESENTATION_CONTEXT(3) 
GLOBAL_UNCERTAINTY_ASSIGNED_CONTEXT((#8992)) 
GLOBAL_UNIT_ASSIGNED_CONTEXT((#8989,#8990,#8991)) REPRESENTATION_CONTEXT
('Context #1','3D Context with UNIT and UNCERTAINTY') );
#8989 = ( LENGTH_UNIT() NAMED_UNIT(*) SI_UNIT(.MILLI.,.METRE.) );
#8990 = ( NAMED_UNIT(*) PLANE_ANGLE_UNIT() SI_UNIT($,.RADIAN.) );
#8991 = ( NAMED_UNIT(*) SI_UNIT($,.STERADIAN.) SOLID_ANGLE_UNIT() );
#8992 = UNCERTAINTY_MEASURE_WITH_UNIT(LENGTH_MEASURE(1.E-07),#8989,
  'distance_accuracy_value','confusion accuracy');
#8993 = CONTEXT_DEPENDENT_SHAPE_REPRESENTATION(#8994,#8996);
#8994 = ( REPRESENTATION_RELATIONSHIP('','',#7005,#10) 
REPRESENTATION_RELATIONSHIP_WITH_TRANSFORMATION(#8995) 
SHAPE_REPRESENTATION_RELATIONSHIP() );
#8995 = ITEM_DEFINED_TRANSFORMATION('','',#11,#303);
#8996 = PRODUCT_DEFINITION_SHAPE('Placement','Placement of an item',
  #8997);
#8997 = NEXT_ASSEMBLY_USAGE_OCCURRENCE('73','Q3','',#5,#7000,$);
#8998 = PRODUCT_RELATED_PRODUCT_CATEGORY('part',$,(#7002));
#8999 = CONTEXT_DEPENDENT_SHAPE_REPRESENTATION(#9000,#9002);
#9000 = ( REPRESENTATION_RELATIONSHIP('','',#1149,#10) 
REPRESENTATION_RELATIONSHIP_WITH_TRANSFORMATION(#9001) 
SHAPE_REPRESENTATION_RELATIONSHIP() );
#9001 = ITEM_DEFINED_TRANSFORMATION('','',#11,#307);
#9002 = PRODUCT_DEFINITION_SHAPE('Placement','Placement of an item',
  #9003);
#9003 = NEXT_ASSEMBLY_USAGE_OCCURRENCE('74','C44','',#5,#1144,$);
#9004 = CONTEXT_DEPENDENT_SHAPE_REPRESENTATION(#9005,#9007);
#9005 = ( REPRESENTATION_RELATIONSHIP('','',#1149,#10) 
REPRESENTATION_RELATIONSHIP_WITH_TRANSFORMATION(#9006) 
SHAPE_REPRESENTATION_RELATIONSHIP() );
#9006 = ITEM_DEFINED_TRANSFORMATION('','',#11,#311);
#9007 = PRODUCT_DEFINITION_SHAPE('Placement','Placement of an item',
  #9008);
#9008 = NEXT_ASSEMBLY_USAGE_OCCURRENCE('75','C34','',#5,#1144,$);
#9009 = CONTEXT_DEPENDENT_SHAPE_REPRESENTATION(#9010,#9012);
#9010 = ( REPRESENTATION_RELATIONSHIP('','',#6086,#10) 
REPRESENTATION_RELATIONSHIP_WITH_TRANSFORMATION(#9011) 
SHAPE_REPRESENTATION_RELATIONSHIP() );
#9011 = ITEM_DEFINED_TRANSFORMATION('','',#11,#315);
#9012 = PRODUCT_DEFINITION_SHAPE('Placement','Placement of an item',
  #9013);
#9013 = NEXT_ASSEMBLY_USAGE_OCCURRENCE('76','R42','',#5,#6081,$);
#9014 = CONTEXT_DEPENDENT_SHAPE_REPRESENTATION(#9015,#9017);
#9015 = ( REPRESENTATION_RELATIONSHIP('','',#1149,#10) 
REPRESENTATION_RELATIONSHIP_WITH_TRANSFORMATION(#9016) 
SHAPE_REPRESENTATION_RELATIONSHIP() );
#9016 = ITEM_DEFINED_TRANSFORMATION('','',#11,#319);
#9017 = PRODUCT_DEFINITION_SHAPE('Placement','Placement of an item',
  #9018);
#9018 = NEXT_ASSEMBLY_USAGE_OCCURRENCE('77','C16','',#5,#1144,$);
#9019 = SHAPE_DEFINITION_REPRESENTATION(#9020,#9026);
#9020 = PRODUCT_DEFINITION_SHAPE('','',#9021);
#9021 = PRODUCT_DEFINITION('design','',#9022,#9025);
#9022 = PRODUCT_DEFINITION_FORMATION('','',#9023);
#9023 = PRODUCT('uq_phone_PCB','uq_phone_PCB','',(#9024));
#9024 = PRODUCT_CONTEXT('',#2,'mechanical');
#9025 = PRODUCT_DEFINITION_CONTEXT('part definition',#2,'design');
#9026 = ADVANCED_BREP_SHAPE_REPRESENTATION('',(#11,#9027),#13801);
#9027 = MANIFOLD_SOLID_BREP('',#9028);
#9028 = CLOSED_SHELL('',(#9029,#9071,#9102,#9133,#10356,#11579,#11596,
    #11613,#11630,#11647,#11664,#11681,#11698,#11715,#11732,#11749,
    #11766,#11783,#11800,#11817,#11834,#11851,#11868,#11885,#11902,
    #11919,#11936,#11953,#11970,#11987,#12004,#12021,#12038,#12055,
    #12072,#12089,#12106,#12123,#12140,#12157,#12174,#12191,#12208,
    #12225,#12242,#12259,#12276,#12293,#12310,#12327,#12344,#12356,
    #12373,#12390,#12412,#12429,#12446,#12458,#12480,#12497,#12514,
    #12531,#12548,#12565,#12582,#12599,#12616,#12628,#12650,#12667,
    #12684,#12696,#12713,#12735,#12752,#12769,#12781,#12803,#12820,
    #12837,#12849,#12871,#12888,#12905,#12922,#12939,#12956,#12973,
    #12990,#13007,#13019,#13041,#13058,#13075,#13087,#13104,#13126,
    #13143,#13160,#13172,#13189,#13211,#13228,#13245,#13257,#13279,
    #13296,#13313,#13325,#13342,#13359,#13376,#13393,#13410,#13427,
    #13444,#13461,#13478,#13495,#13512,#13529,#13546,#13563,#13580,
    #13597,#13614,#13631,#13648,#13665,#13682,#13699,#13716,#13733,
    #13750,#13767,#13784));
#9029 = ADVANCED_FACE('',(#9030),#9066,.T.);
#9030 = FACE_BOUND('',#9031,.T.);
#9031 = EDGE_LOOP('',(#9032,#9042,#9051,#9059));
#9032 = ORIENTED_EDGE('',*,*,#9033,.T.);
#9033 = EDGE_CURVE('',#9034,#9036,#9038,.T.);
#9034 = VERTEX_POINT('',#9035);
#9035 = CARTESIAN_POINT('',(61.260001,-20.89,0.));
#9036 = VERTEX_POINT('',#9037);
#9037 = CARTESIAN_POINT('',(61.260001,-20.89,0.7564));
#9038 = LINE('',#9039,#9040);
#9039 = CARTESIAN_POINT('',(61.260001,-20.89,0.));
#9040 = VECTOR('',#9041,1.);
#9041 = DIRECTION('',(0.,0.,1.));
#9042 = ORIENTED_EDGE('',*,*,#9043,.T.);
#9043 = EDGE_CURVE('',#9036,#9044,#9046,.T.);
#9044 = VERTEX_POINT('',#9045);
#9045 = CARTESIAN_POINT('',(63.259999,-22.889998,0.7564));
#9046 = CIRCLE('',#9047,1.999998505849);
#9047 = AXIS2_PLACEMENT_3D('',#9048,#9049,#9050);
#9048 = CARTESIAN_POINT('',(61.260000494152,-22.88999850584,0.7564));
#9049 = DIRECTION('',(0.,0.,-1.));
#9050 = DIRECTION('',(2.52924409188E-07,1.,0.));
#9051 = ORIENTED_EDGE('',*,*,#9052,.F.);
#9052 = EDGE_CURVE('',#9053,#9044,#9055,.T.);
#9053 = VERTEX_POINT('',#9054);
#9054 = CARTESIAN_POINT('',(63.259999,-22.889998,0.));
#9055 = LINE('',#9056,#9057);
#9056 = CARTESIAN_POINT('',(63.259999,-22.889998,0.));
#9057 = VECTOR('',#9058,1.);
#9058 = DIRECTION('',(0.,0.,1.));
#9059 = ORIENTED_EDGE('',*,*,#9060,.F.);
#9060 = EDGE_CURVE('',#9034,#9053,#9061,.T.);
#9061 = CIRCLE('',#9062,1.999998505849);
#9062 = AXIS2_PLACEMENT_3D('',#9063,#9064,#9065);
#9063 = CARTESIAN_POINT('',(61.260000494152,-22.88999850584,0.));
#9064 = DIRECTION('',(0.,0.,-1.));
#9065 = DIRECTION('',(2.52924409188E-07,1.,0.));
#9066 = CYLINDRICAL_SURFACE('',#9067,1.999998505849);
#9067 = AXIS2_PLACEMENT_3D('',#9068,#9069,#9070);
#9068 = CARTESIAN_POINT('',(61.260000494152,-22.88999850584,0.));
#9069 = DIRECTION('',(0.,0.,-1.));
#9070 = DIRECTION('',(2.52924409188E-07,1.,0.));
#9071 = ADVANCED_FACE('',(#9072),#9097,.T.);
#9072 = FACE_BOUND('',#9073,.T.);
#9073 = EDGE_LOOP('',(#9074,#9084,#9090,#9091));
#9074 = ORIENTED_EDGE('',*,*,#9075,.T.);
#9075 = EDGE_CURVE('',#9076,#9078,#9080,.T.);
#9076 = VERTEX_POINT('',#9077);
#9077 = CARTESIAN_POINT('',(20.259999,-20.89,0.));
#9078 = VERTEX_POINT('',#9079);
#9079 = CARTESIAN_POINT('',(20.259999,-20.89,0.7564));
#9080 = LINE('',#9081,#9082);
#9081 = CARTESIAN_POINT('',(20.259999,-20.89,0.));
#9082 = VECTOR('',#9083,1.);
#9083 = DIRECTION('',(0.,0.,1.));
#9084 = ORIENTED_EDGE('',*,*,#9085,.T.);
#9085 = EDGE_CURVE('',#9078,#9036,#9086,.T.);
#9086 = LINE('',#9087,#9088);
#9087 = CARTESIAN_POINT('',(20.259999,-20.89,0.7564));
#9088 = VECTOR('',#9089,1.);
#9089 = DIRECTION('',(1.,0.,0.));
#9090 = ORIENTED_EDGE('',*,*,#9033,.F.);
#9091 = ORIENTED_EDGE('',*,*,#9092,.F.);
#9092 = EDGE_CURVE('',#9076,#9034,#9093,.T.);
#9093 = LINE('',#9094,#9095);
#9094 = CARTESIAN_POINT('',(20.259999,-20.89,0.));
#9095 = VECTOR('',#9096,1.);
#9096 = DIRECTION('',(1.,0.,0.));
#9097 = PLANE('',#9098);
#9098 = AXIS2_PLACEMENT_3D('',#9099,#9100,#9101);
#9099 = CARTESIAN_POINT('',(20.259999,-20.89,0.));
#9100 = DIRECTION('',(0.,1.,0.));
#9101 = DIRECTION('',(1.,0.,0.));
#9102 = ADVANCED_FACE('',(#9103),#9128,.T.);
#9103 = FACE_BOUND('',#9104,.T.);
#9104 = EDGE_LOOP('',(#9105,#9106,#9114,#9122));
#9105 = ORIENTED_EDGE('',*,*,#9052,.T.);
#9106 = ORIENTED_EDGE('',*,*,#9107,.T.);
#9107 = EDGE_CURVE('',#9044,#9108,#9110,.T.);
#9108 = VERTEX_POINT('',#9109);
#9109 = CARTESIAN_POINT('',(63.259999,-33.39,0.7564));
#9110 = LINE('',#9111,#9112);
#9111 = CARTESIAN_POINT('',(63.259999,-22.889998,0.7564));
#9112 = VECTOR('',#9113,1.);
#9113 = DIRECTION('',(0.,-1.,0.));
#9114 = ORIENTED_EDGE('',*,*,#9115,.F.);
#9115 = EDGE_CURVE('',#9116,#9108,#9118,.T.);
#9116 = VERTEX_POINT('',#9117);
#9117 = CARTESIAN_POINT('',(63.259999,-33.39,0.));
#9118 = LINE('',#9119,#9120);
#9119 = CARTESIAN_POINT('',(63.259999,-33.39,0.));
#9120 = VECTOR('',#9121,1.);
#9121 = DIRECTION('',(0.,0.,1.));
#9122 = ORIENTED_EDGE('',*,*,#9123,.F.);
#9123 = EDGE_CURVE('',#9053,#9116,#9124,.T.);
#9124 = LINE('',#9125,#9126);
#9125 = CARTESIAN_POINT('',(63.259999,-22.889998,0.));
#9126 = VECTOR('',#9127,1.);
#9127 = DIRECTION('',(0.,-1.,0.));
#9128 = PLANE('',#9129);
#9129 = AXIS2_PLACEMENT_3D('',#9130,#9131,#9132);
#9130 = CARTESIAN_POINT('',(63.259999,-22.889998,0.));
#9131 = DIRECTION('',(1.,0.,-0.));
#9132 = DIRECTION('',(0.,-1.,0.));
#9133 = ADVANCED_FACE('',(#9134,#9524,#9535,#9546,#9582,#9670,#9706,
    #9717,#9753,#9789,#9877,#9913,#9924,#9960,#9971,#10007,#10043,#10054
    ,#10065,#10076,#10087,#10098,#10109,#10120,#10131,#10142,#10153,
    #10164,#10175,#10186,#10197,#10208,#10219,#10230,#10241,#10252,
    #10263,#10274,#10285,#10296,#10307,#10318,#10329,#10340),#10351,.F.
  );
#9134 = FACE_BOUND('',#9135,.F.);
#9135 = EDGE_LOOP('',(#9136,#9137,#9138,#9147,#9155,#9163,#9172,#9180,
    #9189,#9197,#9206,#9214,#9223,#9232,#9240,#9248,#9256,#9265,#9273,
    #9282,#9290,#9299,#9307,#9316,#9324,#9333,#9341,#9350,#9358,#9366,
    #9374,#9383,#9392,#9400,#9408,#9416,#9425,#9433,#9441,#9450,#9458,
    #9466,#9474,#9483,#9491,#9500,#9508,#9517,#9523));
#9136 = ORIENTED_EDGE('',*,*,#9060,.F.);
#9137 = ORIENTED_EDGE('',*,*,#9092,.F.);
#9138 = ORIENTED_EDGE('',*,*,#9139,.F.);
#9139 = EDGE_CURVE('',#9140,#9076,#9142,.T.);
#9140 = VERTEX_POINT('',#9141);
#9141 = CARTESIAN_POINT('',(18.259999,-22.89,0.));
#9142 = CIRCLE('',#9143,1.99999850585);
#9143 = AXIS2_PLACEMENT_3D('',#9144,#9145,#9146);
#9144 = CARTESIAN_POINT('',(20.25999750585,-22.88999850585,0.));
#9145 = DIRECTION('',(0.,0.,-1.));
#9146 = DIRECTION('',(-1.,-7.470757438357E-07,-0.));
#9147 = ORIENTED_EDGE('',*,*,#9148,.F.);
#9148 = EDGE_CURVE('',#9149,#9140,#9151,.T.);
#9149 = VERTEX_POINT('',#9150);
#9150 = CARTESIAN_POINT('',(18.259999,-41.39,0.));
#9151 = LINE('',#9152,#9153);
#9152 = CARTESIAN_POINT('',(18.259999,-41.39,0.));
#9153 = VECTOR('',#9154,1.);
#9154 = DIRECTION('',(0.,1.,0.));
#9155 = ORIENTED_EDGE('',*,*,#9156,.F.);
#9156 = EDGE_CURVE('',#9157,#9149,#9159,.T.);
#9157 = VERTEX_POINT('',#9158);
#9158 = CARTESIAN_POINT('',(18.759999,-41.39,0.));
#9159 = LINE('',#9160,#9161);
#9160 = CARTESIAN_POINT('',(18.759999,-41.39,0.));
#9161 = VECTOR('',#9162,1.);
#9162 = DIRECTION('',(-1.,0.,0.));
#9163 = ORIENTED_EDGE('',*,*,#9164,.F.);
#9164 = EDGE_CURVE('',#9165,#9157,#9167,.T.);
#9165 = VERTEX_POINT('',#9166);
#9166 = CARTESIAN_POINT('',(19.259999,-41.89,0.));
#9167 = CIRCLE('',#9168,0.49999791937);
#9168 = AXIS2_PLACEMENT_3D('',#9169,#9170,#9171);
#9169 = CARTESIAN_POINT('',(18.760001080634,-41.88999791936,0.));
#9170 = DIRECTION('',(0.,0.,1.));
#9171 = DIRECTION('',(0.999999999991,-4.161285837066E-06,0.));
#9172 = ORIENTED_EDGE('',*,*,#9173,.F.);
#9173 = EDGE_CURVE('',#9174,#9165,#9176,.T.);
#9174 = VERTEX_POINT('',#9175);
#9175 = CARTESIAN_POINT('',(19.259999,-57.99,0.));
#9176 = LINE('',#9177,#9178);
#9177 = CARTESIAN_POINT('',(19.259999,-57.99,0.));
#9178 = VECTOR('',#9179,1.);
#9179 = DIRECTION('',(0.,1.,0.));
#9180 = ORIENTED_EDGE('',*,*,#9181,.F.);
#9181 = EDGE_CURVE('',#9182,#9174,#9184,.T.);
#9182 = VERTEX_POINT('',#9183);
#9183 = CARTESIAN_POINT('',(19.059999,-58.39,0.));
#9184 = CIRCLE('',#9185,0.499996168555);
#9185 = AXIS2_PLACEMENT_3D('',#9186,#9187,#9188);
#9186 = CARTESIAN_POINT('',(18.760002831448,-57.99000191572,0.));
#9187 = DIRECTION('',(0.,0.,1.));
#9188 = DIRECTION('',(0.599996934813,-0.800002298881,0.));
#9189 = ORIENTED_EDGE('',*,*,#9190,.F.);
#9190 = EDGE_CURVE('',#9191,#9182,#9193,.T.);
#9191 = VERTEX_POINT('',#9192);
#9192 = CARTESIAN_POINT('',(19.059999,-124.760457,0.));
#9193 = LINE('',#9194,#9195);
#9194 = CARTESIAN_POINT('',(19.059999,-124.760457,0.));
#9195 = VECTOR('',#9196,1.);
#9196 = DIRECTION('',(0.,1.,0.));
#9197 = ORIENTED_EDGE('',*,*,#9198,.F.);
#9198 = EDGE_CURVE('',#9199,#9191,#9201,.T.);
#9199 = VERTEX_POINT('',#9200);
#9200 = CARTESIAN_POINT('',(25.759999,-128.89,0.));
#9201 = CIRCLE('',#9202,7.500008881817);
#9202 = AXIS2_PLACEMENT_3D('',#9203,#9204,#9205);
#9203 = CARTESIAN_POINT('',(25.760005937822,-121.3899911181,0.));
#9204 = DIRECTION('',(0.,0.,-1.));
#9205 = DIRECTION('',(-9.250418454991E-07,-1.,-0.));
#9206 = ORIENTED_EDGE('',*,*,#9207,.F.);
#9207 = EDGE_CURVE('',#9208,#9199,#9210,.T.);
#9208 = VERTEX_POINT('',#9209);
#9209 = CARTESIAN_POINT('',(32.789169,-128.889995,0.));
#9210 = LINE('',#9211,#9212);
#9211 = CARTESIAN_POINT('',(32.789169,-128.889995,0.));
#9212 = VECTOR('',#9213,1.);
#9213 = DIRECTION('',(-1.,-7.113215340325E-07,0.));
#9214 = ORIENTED_EDGE('',*,*,#9215,.F.);
#9215 = EDGE_CURVE('',#9216,#9208,#9218,.T.);
#9216 = VERTEX_POINT('',#9217);
#9217 = CARTESIAN_POINT('',(34.659999,-127.597107,0.));
#9218 = CIRCLE('',#9219,2.000034976884);
#9219 = AXIS2_PLACEMENT_3D('',#9220,#9221,#9222);
#9220 = CARTESIAN_POINT('',(32.789148107492,-126.8899600232,0.));
#9221 = DIRECTION('',(0.,0.,-1.));
#9222 = DIRECTION('',(0.935409087406,-0.353567305046,0.));
#9223 = ORIENTED_EDGE('',*,*,#9224,.F.);
#9224 = EDGE_CURVE('',#9225,#9216,#9227,.T.);
#9225 = VERTEX_POINT('',#9226);
#9226 = CARTESIAN_POINT('',(35.259997,-126.808509,0.));
#9227 = CIRCLE('',#9228,0.499987586536);
#9228 = AXIS2_PLACEMENT_3D('',#9229,#9230,#9231);
#9229 = CARTESIAN_POINT('',(35.013482235199,-127.2435010199,0.));
#9230 = DIRECTION('',(0.,0.,1.));
#9231 = DIRECTION('',(0.493041770315,0.870005639479,-0.));
#9232 = ORIENTED_EDGE('',*,*,#9233,.F.);
#9233 = EDGE_CURVE('',#9234,#9225,#9236,.T.);
#9234 = VERTEX_POINT('',#9235);
#9235 = CARTESIAN_POINT('',(35.459999,-126.808511,0.));
#9236 = LINE('',#9237,#9238);
#9237 = CARTESIAN_POINT('',(35.459999,-126.808511,0.));
#9238 = VECTOR('',#9239,1.);
#9239 = DIRECTION('',(-0.99999999995,9.999899975252E-06,0.));
#9240 = ORIENTED_EDGE('',*,*,#9241,.F.);
#9241 = EDGE_CURVE('',#9242,#9234,#9244,.T.);
#9242 = VERTEX_POINT('',#9243);
#9243 = CARTESIAN_POINT('',(35.46,-126.55,0.));
#9244 = LINE('',#9245,#9246);
#9245 = CARTESIAN_POINT('',(35.46,-126.55,0.));
#9246 = VECTOR('',#9247,1.);
#9247 = DIRECTION('',(-3.86830733496E-06,-0.999999999993,0.));
#9248 = ORIENTED_EDGE('',*,*,#9249,.F.);
#9249 = EDGE_CURVE('',#9250,#9242,#9252,.T.);
#9250 = VERTEX_POINT('',#9251);
#9251 = CARTESIAN_POINT('',(35.46,-124.062719,0.));
#9252 = LINE('',#9253,#9254);
#9253 = CARTESIAN_POINT('',(35.46,-124.062719,0.));
#9254 = VECTOR('',#9255,1.);
#9255 = DIRECTION('',(0.,-1.,0.));
#9256 = ORIENTED_EDGE('',*,*,#9257,.F.);
#9257 = EDGE_CURVE('',#9258,#9250,#9260,.T.);
#9258 = VERTEX_POINT('',#9259);
#9259 = CARTESIAN_POINT('',(35.38577,-123.865169,0.));
#9260 = CIRCLE('',#9261,0.300000174011);
#9261 = AXIS2_PLACEMENT_3D('',#9262,#9263,#9264);
#9262 = CARTESIAN_POINT('',(35.159999826029,-124.0627238859,0.));
#9263 = DIRECTION('',(0.,0.,-1.));
#9264 = DIRECTION('',(0.752566810054,0.658515904444,0.));
#9265 = ORIENTED_EDGE('',*,*,#9266,.F.);
#9266 = EDGE_CURVE('',#9267,#9258,#9269,.T.);
#9267 = VERTEX_POINT('',#9268);
#9268 = CARTESIAN_POINT('',(35.18423,-123.63483,0.));
#9269 = LINE('',#9270,#9271);
#9270 = CARTESIAN_POINT('',(35.18423,-123.63483,0.));
#9271 = VECTOR('',#9272,1.);
#9272 = DIRECTION('',(0.658492348164,-0.752587421772,0.));
#9273 = ORIENTED_EDGE('',*,*,#9274,.F.);
#9274 = EDGE_CURVE('',#9275,#9267,#9277,.T.);
#9275 = VERTEX_POINT('',#9276);
#9276 = CARTESIAN_POINT('',(35.11,-123.43728,0.));
#9277 = CIRCLE('',#9278,0.30000017401);
#9278 = AXIS2_PLACEMENT_3D('',#9279,#9280,#9281);
#9279 = CARTESIAN_POINT('',(35.410000173971,-123.437275114,0.));
#9280 = DIRECTION('',(0.,0.,1.));
#9281 = DIRECTION('',(-0.999999999867,-1.628639640097E-05,0.));
#9282 = ORIENTED_EDGE('',*,*,#9283,.F.);
#9283 = EDGE_CURVE('',#9284,#9275,#9286,.T.);
#9284 = VERTEX_POINT('',#9285);
#9285 = CARTESIAN_POINT('',(35.11,-122.45,0.));
#9286 = LINE('',#9287,#9288);
#9287 = CARTESIAN_POINT('',(35.11,-122.45,0.));
#9288 = VECTOR('',#9289,1.);
#9289 = DIRECTION('',(0.,-1.,0.));
#9290 = ORIENTED_EDGE('',*,*,#9291,.F.);
#9291 = EDGE_CURVE('',#9292,#9284,#9294,.T.);
#9292 = VERTEX_POINT('',#9293);
#9293 = CARTESIAN_POINT('',(35.41,-122.15,0.));
#9294 = CIRCLE('',#9295,0.300000117299);
#9295 = AXIS2_PLACEMENT_3D('',#9296,#9297,#9298);
#9296 = CARTESIAN_POINT('',(35.410000117299,-122.4500001172,0.));
#9297 = DIRECTION('',(0.,0.,1.));
#9298 = DIRECTION('',(-3.909953616065E-07,1.,0.));
#9299 = ORIENTED_EDGE('',*,*,#9300,.F.);
#9300 = EDGE_CURVE('',#9301,#9292,#9303,.T.);
#9301 = VERTEX_POINT('',#9302);
#9302 = CARTESIAN_POINT('',(46.11,-122.15,0.));
#9303 = LINE('',#9304,#9305);
#9304 = CARTESIAN_POINT('',(46.11,-122.15,0.));
#9305 = VECTOR('',#9306,1.);
#9306 = DIRECTION('',(-1.,0.,0.));
#9307 = ORIENTED_EDGE('',*,*,#9308,.F.);
#9308 = EDGE_CURVE('',#9309,#9301,#9311,.T.);
#9309 = VERTEX_POINT('',#9310);
#9310 = CARTESIAN_POINT('',(46.41,-122.45,0.));
#9311 = CIRCLE('',#9312,0.300000117299);
#9312 = AXIS2_PLACEMENT_3D('',#9313,#9314,#9315);
#9313 = CARTESIAN_POINT('',(46.109999882701,-122.4500001172,0.));
#9314 = DIRECTION('',(0.,0.,1.));
#9315 = DIRECTION('',(1.,3.909953616065E-07,-0.));
#9316 = ORIENTED_EDGE('',*,*,#9317,.F.);
#9317 = EDGE_CURVE('',#9318,#9309,#9320,.T.);
#9318 = VERTEX_POINT('',#9319);
#9319 = CARTESIAN_POINT('',(46.41,-123.43728,0.));
#9320 = LINE('',#9321,#9322);
#9321 = CARTESIAN_POINT('',(46.41,-123.43728,0.));
#9322 = VECTOR('',#9323,1.);
#9323 = DIRECTION('',(0.,1.,0.));
#9324 = ORIENTED_EDGE('',*,*,#9325,.F.);
#9325 = EDGE_CURVE('',#9326,#9318,#9328,.T.);
#9326 = VERTEX_POINT('',#9327);
#9327 = CARTESIAN_POINT('',(46.33577,-123.63483,0.));
#9328 = CIRCLE('',#9329,0.30000017401);
#9329 = AXIS2_PLACEMENT_3D('',#9330,#9331,#9332);
#9330 = CARTESIAN_POINT('',(46.109999826029,-123.437275114,0.));
#9331 = DIRECTION('',(0.,0.,1.));
#9332 = DIRECTION('',(0.752566810054,-0.658515904444,0.));
#9333 = ORIENTED_EDGE('',*,*,#9334,.F.);
#9334 = EDGE_CURVE('',#9335,#9326,#9337,.T.);
#9335 = VERTEX_POINT('',#9336);
#9336 = CARTESIAN_POINT('',(46.13423,-123.865169,0.));
#9337 = LINE('',#9338,#9339);
#9338 = CARTESIAN_POINT('',(46.13423,-123.865169,0.));
#9339 = VECTOR('',#9340,1.);
#9340 = DIRECTION('',(0.658492348164,0.752587421772,0.));
#9341 = ORIENTED_EDGE('',*,*,#9342,.F.);
#9342 = EDGE_CURVE('',#9343,#9335,#9345,.T.);
#9343 = VERTEX_POINT('',#9344);
#9344 = CARTESIAN_POINT('',(46.06,-124.062722,0.));
#9345 = CIRCLE('',#9346,0.299996765972);
#9346 = AXIS2_PLACEMENT_3D('',#9347,#9348,#9349);
#9347 = CARTESIAN_POINT('',(46.359996765971,-124.0627226053,0.));
#9348 = DIRECTION('',(0.,0.,-1.));
#9349 = DIRECTION('',(-0.999999999998,2.017767958882E-06,0.));
#9350 = ORIENTED_EDGE('',*,*,#9351,.F.);
#9351 = EDGE_CURVE('',#9352,#9343,#9354,.T.);
#9352 = VERTEX_POINT('',#9353);
#9353 = CARTESIAN_POINT('',(46.06,-126.55,0.));
#9354 = LINE('',#9355,#9356);
#9355 = CARTESIAN_POINT('',(46.06,-126.55,0.));
#9356 = VECTOR('',#9357,1.);
#9357 = DIRECTION('',(0.,1.,0.));
#9358 = ORIENTED_EDGE('',*,*,#9359,.F.);
#9359 = EDGE_CURVE('',#9360,#9352,#9362,.T.);
#9360 = VERTEX_POINT('',#9361);
#9361 = CARTESIAN_POINT('',(46.059995,-126.818521,0.));
#9362 = LINE('',#9363,#9364);
#9363 = CARTESIAN_POINT('',(46.059995,-126.818521,0.));
#9364 = VECTOR('',#9365,1.);
#9365 = DIRECTION('',(1.862051757859E-05,0.999999999827,0.));
#9366 = ORIENTED_EDGE('',*,*,#9367,.F.);
#9367 = EDGE_CURVE('',#9368,#9360,#9370,.T.);
#9368 = VERTEX_POINT('',#9369);
#9369 = CARTESIAN_POINT('',(46.259995,-126.818519,0.));
#9370 = LINE('',#9371,#9372);
#9371 = CARTESIAN_POINT('',(46.259995,-126.818519,0.));
#9372 = VECTOR('',#9373,1.);
#9373 = DIRECTION('',(-0.99999999995,-1.000000004531E-05,0.));
#9374 = ORIENTED_EDGE('',*,*,#9375,.F.);
#9375 = EDGE_CURVE('',#9376,#9368,#9378,.T.);
#9376 = VERTEX_POINT('',#9377);
#9377 = CARTESIAN_POINT('',(46.859995,-127.607117,0.));
#9378 = CIRCLE('',#9379,0.50000673353);
#9379 = AXIS2_PLACEMENT_3D('',#9380,#9381,#9382);
#9380 = CARTESIAN_POINT('',(46.506401126662,-127.2535945731,0.));
#9381 = DIRECTION('',(0.,-0.,1.));
#9382 = DIRECTION('',(0.707178223065,-0.707035332089,-0.));
#9383 = ORIENTED_EDGE('',*,*,#9384,.F.);
#9384 = EDGE_CURVE('',#9385,#9376,#9387,.T.);
#9385 = VERTEX_POINT('',#9386);
#9386 = CARTESIAN_POINT('',(47.292795,-128.289992,0.));
#9387 = CIRCLE('',#9388,2.000073518134);
#9388 = AXIS2_PLACEMENT_3D('',#9389,#9390,#9391);
#9389 = CARTESIAN_POINT('',(48.730881712389,-126.8999557826,0.));
#9390 = DIRECTION('',(0.,0.,-1.));
#9391 = DIRECTION('',(-0.719016925803,-0.694992561405,-0.));
#9392 = ORIENTED_EDGE('',*,*,#9393,.F.);
#9393 = EDGE_CURVE('',#9394,#9385,#9396,.T.);
#9394 = VERTEX_POINT('',#9395);
#9395 = CARTESIAN_POINT('',(48.55,-128.29,0.));
#9396 = LINE('',#9397,#9398);
#9397 = CARTESIAN_POINT('',(48.55,-128.29,0.));
#9398 = VECTOR('',#9399,1.);
#9399 = DIRECTION('',(-0.99999999998,6.363321796875E-06,0.));
#9400 = ORIENTED_EDGE('',*,*,#9401,.F.);
#9401 = EDGE_CURVE('',#9402,#9394,#9404,.T.);
#9402 = VERTEX_POINT('',#9403);
#9403 = CARTESIAN_POINT('',(49.8,-128.29,0.));
#9404 = LINE('',#9405,#9406);
#9405 = CARTESIAN_POINT('',(49.8,-128.29,0.));
#9406 = VECTOR('',#9407,1.);
#9407 = DIRECTION('',(-1.,0.,0.));
#9408 = ORIENTED_EDGE('',*,*,#9409,.F.);
#9409 = EDGE_CURVE('',#9410,#9402,#9412,.T.);
#9410 = VERTEX_POINT('',#9411);
#9411 = CARTESIAN_POINT('',(49.8,-115.79,0.));
#9412 = LINE('',#9413,#9414);
#9413 = CARTESIAN_POINT('',(49.8,-115.79,0.));
#9414 = VECTOR('',#9415,1.);
#9415 = DIRECTION('',(0.,-1.,0.));
#9416 = ORIENTED_EDGE('',*,*,#9417,.F.);
#9417 = EDGE_CURVE('',#9418,#9410,#9420,.T.);
#9418 = VERTEX_POINT('',#9419);
#9419 = CARTESIAN_POINT('',(50.6,-114.99,0.));
#9420 = CIRCLE('',#9421,0.800001450872);
#9421 = AXIS2_PLACEMENT_3D('',#9422,#9423,#9424);
#9422 = CARTESIAN_POINT('',(50.600001450871,-115.7900014508,0.));
#9423 = DIRECTION('',(0.,0.,1.));
#9424 = DIRECTION('',(-1.813585012658E-06,0.999999999998,0.));
#9425 = ORIENTED_EDGE('',*,*,#9426,.F.);
#9426 = EDGE_CURVE('',#9427,#9418,#9429,.T.);
#9427 = VERTEX_POINT('',#9428);
#9428 = CARTESIAN_POINT('',(53.3,-114.99,0.));
#9429 = LINE('',#9430,#9431);
#9430 = CARTESIAN_POINT('',(53.3,-114.99,0.));
#9431 = VECTOR('',#9432,1.);
#9432 = DIRECTION('',(-1.,0.,0.));
#9433 = ORIENTED_EDGE('',*,*,#9434,.F.);
#9434 = EDGE_CURVE('',#9435,#9427,#9437,.T.);
#9435 = VERTEX_POINT('',#9436);
#9436 = CARTESIAN_POINT('',(56.,-114.99,0.));
#9437 = LINE('',#9438,#9439);
#9438 = CARTESIAN_POINT('',(56.,-114.99,0.));
#9439 = VECTOR('',#9440,1.);
#9440 = DIRECTION('',(-1.,0.,0.));
#9441 = ORIENTED_EDGE('',*,*,#9442,.F.);
#9442 = EDGE_CURVE('',#9443,#9435,#9445,.T.);
#9443 = VERTEX_POINT('',#9444);
#9444 = CARTESIAN_POINT('',(56.8,-115.79,0.));
#9445 = CIRCLE('',#9446,0.800001450872);
#9446 = AXIS2_PLACEMENT_3D('',#9447,#9448,#9449);
#9447 = CARTESIAN_POINT('',(55.999998549129,-115.7900014508,0.));
#9448 = DIRECTION('',(0.,0.,1.));
#9449 = DIRECTION('',(0.999999999998,1.813584994895E-06,-0.));
#9450 = ORIENTED_EDGE('',*,*,#9451,.F.);
#9451 = EDGE_CURVE('',#9452,#9443,#9454,.T.);
#9452 = VERTEX_POINT('',#9453);
#9453 = CARTESIAN_POINT('',(56.8,-128.29,0.));
#9454 = LINE('',#9455,#9456);
#9455 = CARTESIAN_POINT('',(56.8,-128.29,0.));
#9456 = VECTOR('',#9457,1.);
#9457 = DIRECTION('',(0.,1.,0.));
#9458 = ORIENTED_EDGE('',*,*,#9459,.F.);
#9459 = EDGE_CURVE('',#9460,#9452,#9462,.T.);
#9460 = VERTEX_POINT('',#9461);
#9461 = CARTESIAN_POINT('',(58.05,-128.289999,0.));
#9462 = LINE('',#9463,#9464);
#9463 = CARTESIAN_POINT('',(58.05,-128.289999,0.));
#9464 = VECTOR('',#9465,1.);
#9465 = DIRECTION('',(-1.,-7.999999979799E-07,0.));
#9466 = ORIENTED_EDGE('',*,*,#9467,.F.);
#9467 = EDGE_CURVE('',#9468,#9460,#9470,.T.);
#9468 = VERTEX_POINT('',#9469);
#9469 = CARTESIAN_POINT('',(58.699384,-128.29,0.));
#9470 = LINE('',#9471,#9472);
#9471 = CARTESIAN_POINT('',(58.699384,-128.29,0.));
#9472 = VECTOR('',#9473,1.);
#9473 = DIRECTION('',(-0.999999999999,1.539920905772E-06,0.));
#9474 = ORIENTED_EDGE('',*,*,#9475,.F.);
#9475 = EDGE_CURVE('',#9476,#9468,#9478,.T.);
#9476 = VERTEX_POINT('',#9477);
#9477 = CARTESIAN_POINT('',(62.459999,-124.760458,0.));
#9478 = CIRCLE('',#9479,7.500002304249);
#9479 = AXIS2_PLACEMENT_3D('',#9480,#9481,#9482);
#9480 = CARTESIAN_POINT('',(55.759996832331,-121.3899972722,0.));
#9481 = DIRECTION('',(0.,0.,-1.));
#9482 = DIRECTION('',(0.893333347894,-0.449394625625,0.));
#9483 = ORIENTED_EDGE('',*,*,#9484,.F.);
#9484 = EDGE_CURVE('',#9485,#9476,#9487,.T.);
#9485 = VERTEX_POINT('',#9486);
#9486 = CARTESIAN_POINT('',(62.459999,-58.39,0.));
#9487 = LINE('',#9488,#9489);
#9488 = CARTESIAN_POINT('',(62.459999,-58.39,0.));
#9489 = VECTOR('',#9490,1.);
#9490 = DIRECTION('',(0.,-1.,0.));
#9491 = ORIENTED_EDGE('',*,*,#9492,.F.);
#9492 = EDGE_CURVE('',#9493,#9485,#9495,.T.);
#9493 = VERTEX_POINT('',#9494);
#9494 = CARTESIAN_POINT('',(62.259999,-57.990003,0.));
#9495 = CIRCLE('',#9496,0.499999957402);
#9496 = AXIS2_PLACEMENT_3D('',#9497,#9498,#9499);
#9497 = CARTESIAN_POINT('',(62.759998957393,-57.99000002129,0.));
#9498 = DIRECTION('',(0.,0.,1.));
#9499 = DIRECTION('',(-0.999999999982,-5.957415605674E-06,0.));
#9500 = ORIENTED_EDGE('',*,*,#9501,.F.);
#9501 = EDGE_CURVE('',#9502,#9493,#9504,.T.);
#9502 = VERTEX_POINT('',#9503);
#9503 = CARTESIAN_POINT('',(62.259999,-33.890001,0.));
#9504 = LINE('',#9505,#9506);
#9505 = CARTESIAN_POINT('',(62.259999,-33.890001,0.));
#9506 = VECTOR('',#9507,1.);
#9507 = DIRECTION('',(0.,-1.,0.));
#9508 = ORIENTED_EDGE('',*,*,#9509,.F.);
#9509 = EDGE_CURVE('',#9510,#9502,#9512,.T.);
#9510 = VERTEX_POINT('',#9511);
#9511 = CARTESIAN_POINT('',(62.76,-33.39,0.));
#9512 = CIRCLE('',#9513,0.499999626467);
#9513 = AXIS2_PLACEMENT_3D('',#9514,#9515,#9516);
#9514 = CARTESIAN_POINT('',(62.759998626465,-33.88999962646,0.));
#9515 = DIRECTION('',(0.,0.,1.));
#9516 = DIRECTION('',(2.747071198622E-06,0.999999999996,-0.));
#9517 = ORIENTED_EDGE('',*,*,#9518,.F.);
#9518 = EDGE_CURVE('',#9116,#9510,#9519,.T.);
#9519 = LINE('',#9520,#9521);
#9520 = CARTESIAN_POINT('',(63.259999,-33.39,0.));
#9521 = VECTOR('',#9522,1.);
#9522 = DIRECTION('',(-1.,0.,0.));
#9523 = ORIENTED_EDGE('',*,*,#9123,.F.);
#9524 = FACE_BOUND('',#9525,.F.);
#9525 = EDGE_LOOP('',(#9526));
#9526 = ORIENTED_EDGE('',*,*,#9527,.T.);
#9527 = EDGE_CURVE('',#9528,#9528,#9530,.T.);
#9528 = VERTEX_POINT('',#9529);
#9529 = CARTESIAN_POINT('',(20.725,-121.86,0.));
#9530 = CIRCLE('',#9531,0.3);
#9531 = AXIS2_PLACEMENT_3D('',#9532,#9533,#9534);
#9532 = CARTESIAN_POINT('',(20.725,-121.56,0.));
#9533 = DIRECTION('',(-0.,0.,-1.));
#9534 = DIRECTION('',(-0.,-1.,0.));
#9535 = FACE_BOUND('',#9536,.F.);
#9536 = EDGE_LOOP('',(#9537));
#9537 = ORIENTED_EDGE('',*,*,#9538,.T.);
#9538 = EDGE_CURVE('',#9539,#9539,#9541,.T.);
#9539 = VERTEX_POINT('',#9540);
#9540 = CARTESIAN_POINT('',(22.595,-121.86,0.));
#9541 = CIRCLE('',#9542,0.3);
#9542 = AXIS2_PLACEMENT_3D('',#9543,#9544,#9545);
#9543 = CARTESIAN_POINT('',(22.595,-121.56,0.));
#9544 = DIRECTION('',(-0.,0.,-1.));
#9545 = DIRECTION('',(-0.,-1.,0.));
#9546 = FACE_BOUND('',#9547,.F.);
#9547 = EDGE_LOOP('',(#9548,#9559,#9567,#9576));
#9548 = ORIENTED_EDGE('',*,*,#9549,.T.);
#9549 = EDGE_CURVE('',#9550,#9552,#9554,.T.);
#9550 = VERTEX_POINT('',#9551);
#9551 = CARTESIAN_POINT('',(35.035,-125.35,0.));
#9552 = VERTEX_POINT('',#9553);
#9553 = CARTESIAN_POINT('',(34.485,-125.35,0.));
#9554 = CIRCLE('',#9555,0.275);
#9555 = AXIS2_PLACEMENT_3D('',#9556,#9557,#9558);
#9556 = CARTESIAN_POINT('',(34.76,-125.35,0.));
#9557 = DIRECTION('',(-0.,0.,-1.));
#9558 = DIRECTION('',(-1.,5.167583532801E-14,0.));
#9559 = ORIENTED_EDGE('',*,*,#9560,.T.);
#9560 = EDGE_CURVE('',#9552,#9561,#9563,.T.);
#9561 = VERTEX_POINT('',#9562);
#9562 = CARTESIAN_POINT('',(34.485,-124.25,0.));
#9563 = LINE('',#9564,#9565);
#9564 = CARTESIAN_POINT('',(34.485,-62.125,0.));
#9565 = VECTOR('',#9566,1.);
#9566 = DIRECTION('',(-0.,1.,0.));
#9567 = ORIENTED_EDGE('',*,*,#9568,.T.);
#9568 = EDGE_CURVE('',#9561,#9569,#9571,.T.);
#9569 = VERTEX_POINT('',#9570);
#9570 = CARTESIAN_POINT('',(35.035,-124.25,0.));
#9571 = CIRCLE('',#9572,0.275);
#9572 = AXIS2_PLACEMENT_3D('',#9573,#9574,#9575);
#9573 = CARTESIAN_POINT('',(34.76,-124.25,0.));
#9574 = DIRECTION('',(0.,-0.,-1.));
#9575 = DIRECTION('',(1.,-5.167583532801E-14,0.));
#9576 = ORIENTED_EDGE('',*,*,#9577,.T.);
#9577 = EDGE_CURVE('',#9569,#9550,#9578,.T.);
#9578 = LINE('',#9579,#9580);
#9579 = CARTESIAN_POINT('',(35.035,-62.675,0.));
#9580 = VECTOR('',#9581,1.);
#9581 = DIRECTION('',(0.,-1.,0.));
#9582 = FACE_BOUND('',#9583,.F.);
#9583 = EDGE_LOOP('',(#9584,#9595,#9604,#9612,#9621,#9629,#9638,#9647,
    #9655,#9664));
#9584 = ORIENTED_EDGE('',*,*,#9585,.F.);
#9585 = EDGE_CURVE('',#9586,#9588,#9590,.T.);
#9586 = VERTEX_POINT('',#9587);
#9587 = CARTESIAN_POINT('',(35.885,-119.965,0.));
#9588 = VERTEX_POINT('',#9589);
#9589 = CARTESIAN_POINT('',(35.61,-120.24,0.));
#9590 = CIRCLE('',#9591,0.275001245605);
#9591 = AXIS2_PLACEMENT_3D('',#9592,#9593,#9594);
#9592 = CARTESIAN_POINT('',(35.885001245602,-120.2400012456,0.));
#9593 = DIRECTION('',(0.,0.,1.));
#9594 = DIRECTION('',(-4.529440269462E-06,0.99999999999,0.));
#9595 = ORIENTED_EDGE('',*,*,#9596,.F.);
#9596 = EDGE_CURVE('',#9597,#9586,#9599,.T.);
#9597 = VERTEX_POINT('',#9598);
#9598 = CARTESIAN_POINT('',(36.16,-120.24,0.));
#9599 = CIRCLE('',#9600,0.275001245605);
#9600 = AXIS2_PLACEMENT_3D('',#9601,#9602,#9603);
#9601 = CARTESIAN_POINT('',(35.884998754398,-120.2400012456,0.));
#9602 = DIRECTION('',(0.,0.,1.));
#9603 = DIRECTION('',(0.99999999999,4.5294402953E-06,-0.));
#9604 = ORIENTED_EDGE('',*,*,#9605,.F.);
#9605 = EDGE_CURVE('',#9606,#9597,#9608,.T.);
#9606 = VERTEX_POINT('',#9607);
#9607 = CARTESIAN_POINT('',(36.16,-120.465,0.));
#9608 = LINE('',#9609,#9610);
#9609 = CARTESIAN_POINT('',(36.16,-120.465,0.));
#9610 = VECTOR('',#9611,1.);
#9611 = DIRECTION('',(0.,1.,0.));
#9612 = ORIENTED_EDGE('',*,*,#9613,.F.);
#9613 = EDGE_CURVE('',#9614,#9606,#9616,.T.);
#9614 = VERTEX_POINT('',#9615);
#9615 = CARTESIAN_POINT('',(36.66,-120.965,0.));
#9616 = CIRCLE('',#9617,0.500001333575);
#9617 = AXIS2_PLACEMENT_3D('',#9618,#9619,#9620);
#9618 = CARTESIAN_POINT('',(36.660001333573,-120.4649986664,0.));
#9619 = DIRECTION('',(0.,0.,-1.));
#9620 = DIRECTION('',(-2.667139205253E-06,-0.999999999996,-0.));
#9621 = ORIENTED_EDGE('',*,*,#9622,.F.);
#9622 = EDGE_CURVE('',#9623,#9614,#9625,.T.);
#9623 = VERTEX_POINT('',#9624);
#9624 = CARTESIAN_POINT('',(36.785,-120.965,0.));
#9625 = LINE('',#9626,#9627);
#9626 = CARTESIAN_POINT('',(36.785,-120.965,0.));
#9627 = VECTOR('',#9628,1.);
#9628 = DIRECTION('',(-1.,0.,0.));
#9629 = ORIENTED_EDGE('',*,*,#9630,.F.);
#9630 = EDGE_CURVE('',#9631,#9623,#9633,.T.);
#9631 = VERTEX_POINT('',#9632);
#9632 = CARTESIAN_POINT('',(37.06,-121.24,0.));
#9633 = CIRCLE('',#9634,0.275001245605);
#9634 = AXIS2_PLACEMENT_3D('',#9635,#9636,#9637);
#9635 = CARTESIAN_POINT('',(36.784998754398,-121.2400012456,0.));
#9636 = DIRECTION('',(0.,0.,1.));
#9637 = DIRECTION('',(0.99999999999,4.529440346975E-06,-0.));
#9638 = ORIENTED_EDGE('',*,*,#9639,.F.);
#9639 = EDGE_CURVE('',#9640,#9631,#9642,.T.);
#9640 = VERTEX_POINT('',#9641);
#9641 = CARTESIAN_POINT('',(36.785,-121.515,0.));
#9642 = CIRCLE('',#9643,0.275001245605);
#9643 = AXIS2_PLACEMENT_3D('',#9644,#9645,#9646);
#9644 = CARTESIAN_POINT('',(36.784998754398,-121.2399987543,0.));
#9645 = DIRECTION('',(0.,0.,1.));
#9646 = DIRECTION('',(4.529440243624E-06,-0.99999999999,0.));
#9647 = ORIENTED_EDGE('',*,*,#9648,.F.);
#9648 = EDGE_CURVE('',#9649,#9640,#9651,.T.);
#9649 = VERTEX_POINT('',#9650);
#9650 = CARTESIAN_POINT('',(35.885,-121.515,0.));
#9651 = LINE('',#9652,#9653);
#9652 = CARTESIAN_POINT('',(35.885,-121.515,0.));
#9653 = VECTOR('',#9654,1.);
#9654 = DIRECTION('',(1.,0.,0.));
#9655 = ORIENTED_EDGE('',*,*,#9656,.F.);
#9656 = EDGE_CURVE('',#9657,#9649,#9659,.T.);
#9657 = VERTEX_POINT('',#9658);
#9658 = CARTESIAN_POINT('',(35.61,-121.24,0.));
#9659 = CIRCLE('',#9660,0.275001245605);
#9660 = AXIS2_PLACEMENT_3D('',#9661,#9662,#9663);
#9661 = CARTESIAN_POINT('',(35.885001245602,-121.2399987543,0.));
#9662 = DIRECTION('',(0.,0.,1.));
#9663 = DIRECTION('',(-0.99999999999,-4.529440243624E-06,0.));
#9664 = ORIENTED_EDGE('',*,*,#9665,.F.);
#9665 = EDGE_CURVE('',#9588,#9657,#9666,.T.);
#9666 = LINE('',#9667,#9668);
#9667 = CARTESIAN_POINT('',(35.61,-120.24,0.));
#9668 = VECTOR('',#9669,1.);
#9669 = DIRECTION('',(0.,-1.,0.));
#9670 = FACE_BOUND('',#9671,.F.);
#9671 = EDGE_LOOP('',(#9672,#9683,#9691,#9700));
#9672 = ORIENTED_EDGE('',*,*,#9673,.T.);
#9673 = EDGE_CURVE('',#9674,#9676,#9678,.T.);
#9674 = VERTEX_POINT('',#9675);
#9675 = CARTESIAN_POINT('',(47.035,-125.35,0.));
#9676 = VERTEX_POINT('',#9677);
#9677 = CARTESIAN_POINT('',(46.485,-125.35,0.));
#9678 = CIRCLE('',#9679,0.275);
#9679 = AXIS2_PLACEMENT_3D('',#9680,#9681,#9682);
#9680 = CARTESIAN_POINT('',(46.76,-125.35,0.));
#9681 = DIRECTION('',(-0.,0.,-1.));
#9682 = DIRECTION('',(-1.,5.167583532801E-14,0.));
#9683 = ORIENTED_EDGE('',*,*,#9684,.T.);
#9684 = EDGE_CURVE('',#9676,#9685,#9687,.T.);
#9685 = VERTEX_POINT('',#9686);
#9686 = CARTESIAN_POINT('',(46.485,-124.25,0.));
#9687 = LINE('',#9688,#9689);
#9688 = CARTESIAN_POINT('',(46.485,-62.125,0.));
#9689 = VECTOR('',#9690,1.);
#9690 = DIRECTION('',(-0.,1.,0.));
#9691 = ORIENTED_EDGE('',*,*,#9692,.T.);
#9692 = EDGE_CURVE('',#9685,#9693,#9695,.T.);
#9693 = VERTEX_POINT('',#9694);
#9694 = CARTESIAN_POINT('',(47.035,-124.25,0.));
#9695 = CIRCLE('',#9696,0.275);
#9696 = AXIS2_PLACEMENT_3D('',#9697,#9698,#9699);
#9697 = CARTESIAN_POINT('',(46.76,-124.25,0.));
#9698 = DIRECTION('',(0.,-0.,-1.));
#9699 = DIRECTION('',(1.,-5.167583532801E-14,0.));
#9700 = ORIENTED_EDGE('',*,*,#9701,.T.);
#9701 = EDGE_CURVE('',#9693,#9674,#9702,.T.);
#9702 = LINE('',#9703,#9704);
#9703 = CARTESIAN_POINT('',(47.035,-62.675,0.));
#9704 = VECTOR('',#9705,1.);
#9705 = DIRECTION('',(0.,-1.,0.));
#9706 = FACE_BOUND('',#9707,.F.);
#9707 = EDGE_LOOP('',(#9708));
#9708 = ORIENTED_EDGE('',*,*,#9709,.T.);
#9709 = EDGE_CURVE('',#9710,#9710,#9712,.T.);
#9710 = VERTEX_POINT('',#9711);
#9711 = CARTESIAN_POINT('',(48.55,-127.75,0.));
#9712 = CIRCLE('',#9713,0.75);
#9713 = AXIS2_PLACEMENT_3D('',#9714,#9715,#9716);
#9714 = CARTESIAN_POINT('',(48.55,-127.,0.));
#9715 = DIRECTION('',(-0.,0.,-1.));
#9716 = DIRECTION('',(-0.,-1.,0.));
#9717 = FACE_BOUND('',#9718,.F.);
#9718 = EDGE_LOOP('',(#9719,#9730,#9738,#9747));
#9719 = ORIENTED_EDGE('',*,*,#9720,.T.);
#9720 = EDGE_CURVE('',#9721,#9723,#9725,.T.);
#9721 = VERTEX_POINT('',#9722);
#9722 = CARTESIAN_POINT('',(48.8005,-123.9205,0.));
#9723 = VERTEX_POINT('',#9724);
#9724 = CARTESIAN_POINT('',(49.3005,-123.9205,0.));
#9725 = CIRCLE('',#9726,0.25);
#9726 = AXIS2_PLACEMENT_3D('',#9727,#9728,#9729);
#9727 = CARTESIAN_POINT('',(49.0505,-123.9205,0.));
#9728 = DIRECTION('',(0.,-0.,-1.));
#9729 = DIRECTION('',(1.,0.,-0.));
#9730 = ORIENTED_EDGE('',*,*,#9731,.T.);
#9731 = EDGE_CURVE('',#9723,#9732,#9734,.T.);
#9732 = VERTEX_POINT('',#9733);
#9733 = CARTESIAN_POINT('',(49.3005,-124.8205,0.));
#9734 = LINE('',#9735,#9736);
#9735 = CARTESIAN_POINT('',(49.3005,-62.41025,0.));
#9736 = VECTOR('',#9737,1.);
#9737 = DIRECTION('',(0.,-1.,0.));
#9738 = ORIENTED_EDGE('',*,*,#9739,.T.);
#9739 = EDGE_CURVE('',#9732,#9740,#9742,.T.);
#9740 = VERTEX_POINT('',#9741);
#9741 = CARTESIAN_POINT('',(48.8005,-124.8205,0.));
#9742 = CIRCLE('',#9743,0.25);
#9743 = AXIS2_PLACEMENT_3D('',#9744,#9745,#9746);
#9744 = CARTESIAN_POINT('',(49.0505,-124.8205,0.));
#9745 = DIRECTION('',(-0.,0.,-1.));
#9746 = DIRECTION('',(-1.,0.,0.));
#9747 = ORIENTED_EDGE('',*,*,#9748,.T.);
#9748 = EDGE_CURVE('',#9740,#9721,#9749,.T.);
#9749 = LINE('',#9750,#9751);
#9750 = CARTESIAN_POINT('',(48.8005,-61.96025,0.));
#9751 = VECTOR('',#9752,1.);
#9752 = DIRECTION('',(-0.,1.,0.));
#9753 = FACE_BOUND('',#9754,.F.);
#9754 = EDGE_LOOP('',(#9755,#9766,#9774,#9783));
#9755 = ORIENTED_EDGE('',*,*,#9756,.T.);
#9756 = EDGE_CURVE('',#9757,#9759,#9761,.T.);
#9757 = VERTEX_POINT('',#9758);
#9758 = CARTESIAN_POINT('',(48.8005,-120.918,0.));
#9759 = VERTEX_POINT('',#9760);
#9760 = CARTESIAN_POINT('',(49.3005,-120.918,0.));
#9761 = CIRCLE('',#9762,0.25);
#9762 = AXIS2_PLACEMENT_3D('',#9763,#9764,#9765);
#9763 = CARTESIAN_POINT('',(49.0505,-120.918,0.));
#9764 = DIRECTION('',(0.,-0.,-1.));
#9765 = DIRECTION('',(1.,0.,-0.));
#9766 = ORIENTED_EDGE('',*,*,#9767,.T.);
#9767 = EDGE_CURVE('',#9759,#9768,#9770,.T.);
#9768 = VERTEX_POINT('',#9769);
#9769 = CARTESIAN_POINT('',(49.3005,-121.818,0.));
#9770 = LINE('',#9771,#9772);
#9771 = CARTESIAN_POINT('',(49.3005,-60.909,0.));
#9772 = VECTOR('',#9773,1.);
#9773 = DIRECTION('',(0.,-1.,0.));
#9774 = ORIENTED_EDGE('',*,*,#9775,.T.);
#9775 = EDGE_CURVE('',#9768,#9776,#9778,.T.);
#9776 = VERTEX_POINT('',#9777);
#9777 = CARTESIAN_POINT('',(48.8005,-121.818,0.));
#9778 = CIRCLE('',#9779,0.25);
#9779 = AXIS2_PLACEMENT_3D('',#9780,#9781,#9782);
#9780 = CARTESIAN_POINT('',(49.0505,-121.818,0.));
#9781 = DIRECTION('',(-0.,0.,-1.));
#9782 = DIRECTION('',(-1.,0.,0.));
#9783 = ORIENTED_EDGE('',*,*,#9784,.T.);
#9784 = EDGE_CURVE('',#9776,#9757,#9785,.T.);
#9785 = LINE('',#9786,#9787);
#9786 = CARTESIAN_POINT('',(48.8005,-60.459,0.));
#9787 = VECTOR('',#9788,1.);
#9788 = DIRECTION('',(-0.,1.,0.));
#9789 = FACE_BOUND('',#9790,.F.);
#9790 = EDGE_LOOP('',(#9791,#9802,#9811,#9819,#9828,#9836,#9845,#9854,
    #9862,#9871));
#9791 = ORIENTED_EDGE('',*,*,#9792,.F.);
#9792 = EDGE_CURVE('',#9793,#9795,#9797,.T.);
#9793 = VERTEX_POINT('',#9794);
#9794 = CARTESIAN_POINT('',(45.635,-119.965,0.));
#9795 = VERTEX_POINT('',#9796);
#9796 = CARTESIAN_POINT('',(45.36,-120.24,0.));
#9797 = CIRCLE('',#9798,0.275001245605);
#9798 = AXIS2_PLACEMENT_3D('',#9799,#9800,#9801);
#9799 = CARTESIAN_POINT('',(45.635001245602,-120.2400012456,0.));
#9800 = DIRECTION('',(0.,0.,1.));
#9801 = DIRECTION('',(-4.529440269462E-06,0.99999999999,0.));
#9802 = ORIENTED_EDGE('',*,*,#9803,.F.);
#9803 = EDGE_CURVE('',#9804,#9793,#9806,.T.);
#9804 = VERTEX_POINT('',#9805);
#9805 = CARTESIAN_POINT('',(45.91,-120.24,0.));
#9806 = CIRCLE('',#9807,0.275001245605);
#9807 = AXIS2_PLACEMENT_3D('',#9808,#9809,#9810);
#9808 = CARTESIAN_POINT('',(45.634998754398,-120.2400012456,0.));
#9809 = DIRECTION('',(0.,0.,1.));
#9810 = DIRECTION('',(0.99999999999,4.5294402953E-06,-0.));
#9811 = ORIENTED_EDGE('',*,*,#9812,.F.);
#9812 = EDGE_CURVE('',#9813,#9804,#9815,.T.);
#9813 = VERTEX_POINT('',#9814);
#9814 = CARTESIAN_POINT('',(45.91,-121.24,0.));
#9815 = LINE('',#9816,#9817);
#9816 = CARTESIAN_POINT('',(45.91,-121.24,0.));
#9817 = VECTOR('',#9818,1.);
#9818 = DIRECTION('',(0.,1.,0.));
#9819 = ORIENTED_EDGE('',*,*,#9820,.F.);
#9820 = EDGE_CURVE('',#9821,#9813,#9823,.T.);
#9821 = VERTEX_POINT('',#9822);
#9822 = CARTESIAN_POINT('',(45.635,-121.515,0.));
#9823 = CIRCLE('',#9824,0.275001245605);
#9824 = AXIS2_PLACEMENT_3D('',#9825,#9826,#9827);
#9825 = CARTESIAN_POINT('',(45.634998754398,-121.2399987543,0.));
#9826 = DIRECTION('',(0.,0.,1.));
#9827 = DIRECTION('',(4.529440269462E-06,-0.99999999999,0.));
#9828 = ORIENTED_EDGE('',*,*,#9829,.F.);
#9829 = EDGE_CURVE('',#9830,#9821,#9832,.T.);
#9830 = VERTEX_POINT('',#9831);
#9831 = CARTESIAN_POINT('',(44.735,-121.515,0.));
#9832 = LINE('',#9833,#9834);
#9833 = CARTESIAN_POINT('',(44.735,-121.515,0.));
#9834 = VECTOR('',#9835,1.);
#9835 = DIRECTION('',(1.,0.,0.));
#9836 = ORIENTED_EDGE('',*,*,#9837,.F.);
#9837 = EDGE_CURVE('',#9838,#9830,#9840,.T.);
#9838 = VERTEX_POINT('',#9839);
#9839 = CARTESIAN_POINT('',(44.46,-121.24,0.));
#9840 = CIRCLE('',#9841,0.275001245605);
#9841 = AXIS2_PLACEMENT_3D('',#9842,#9843,#9844);
#9842 = CARTESIAN_POINT('',(44.735001245602,-121.2399987543,0.));
#9843 = DIRECTION('',(0.,0.,1.));
#9844 = DIRECTION('',(-0.99999999999,-4.529440191949E-06,0.));
#9845 = ORIENTED_EDGE('',*,*,#9846,.F.);
#9846 = EDGE_CURVE('',#9847,#9838,#9849,.T.);
#9847 = VERTEX_POINT('',#9848);
#9848 = CARTESIAN_POINT('',(44.735,-120.965,0.));
#9849 = CIRCLE('',#9850,0.275001245605);
#9850 = AXIS2_PLACEMENT_3D('',#9851,#9852,#9853);
#9851 = CARTESIAN_POINT('',(44.735001245602,-121.2400012456,0.));
#9852 = DIRECTION('',(0.,0.,1.));
#9853 = DIRECTION('',(-4.529440243624E-06,0.99999999999,0.));
#9854 = ORIENTED_EDGE('',*,*,#9855,.F.);
#9855 = EDGE_CURVE('',#9856,#9847,#9858,.T.);
#9856 = VERTEX_POINT('',#9857);
#9857 = CARTESIAN_POINT('',(44.86,-120.965,0.));
#9858 = LINE('',#9859,#9860);
#9859 = CARTESIAN_POINT('',(44.86,-120.965,0.));
#9860 = VECTOR('',#9861,1.);
#9861 = DIRECTION('',(-1.,0.,0.));
#9862 = ORIENTED_EDGE('',*,*,#9863,.F.);
#9863 = EDGE_CURVE('',#9864,#9856,#9866,.T.);
#9864 = VERTEX_POINT('',#9865);
#9865 = CARTESIAN_POINT('',(45.36,-120.465,0.));
#9866 = CIRCLE('',#9867,0.500001333575);
#9867 = AXIS2_PLACEMENT_3D('',#9868,#9869,#9870);
#9868 = CARTESIAN_POINT('',(44.859998666427,-120.4649986664,0.));
#9869 = DIRECTION('',(0.,0.,-1.));
#9870 = DIRECTION('',(0.999999999996,-2.667139219464E-06,0.));
#9871 = ORIENTED_EDGE('',*,*,#9872,.F.);
#9872 = EDGE_CURVE('',#9795,#9864,#9873,.T.);
#9873 = LINE('',#9874,#9875);
#9874 = CARTESIAN_POINT('',(45.36,-120.24,0.));
#9875 = VECTOR('',#9876,1.);
#9876 = DIRECTION('',(0.,-1.,0.));
#9877 = FACE_BOUND('',#9878,.F.);
#9878 = EDGE_LOOP('',(#9879,#9890,#9898,#9907));
#9879 = ORIENTED_EDGE('',*,*,#9880,.T.);
#9880 = EDGE_CURVE('',#9881,#9883,#9885,.T.);
#9881 = VERTEX_POINT('',#9882);
#9882 = CARTESIAN_POINT('',(48.8005,-115.77,0.));
#9883 = VERTEX_POINT('',#9884);
#9884 = CARTESIAN_POINT('',(49.3005,-115.77,0.));
#9885 = CIRCLE('',#9886,0.25);
#9886 = AXIS2_PLACEMENT_3D('',#9887,#9888,#9889);
#9887 = CARTESIAN_POINT('',(49.0505,-115.77,0.));
#9888 = DIRECTION('',(0.,-0.,-1.));
#9889 = DIRECTION('',(1.,0.,-0.));
#9890 = ORIENTED_EDGE('',*,*,#9891,.T.);
#9891 = EDGE_CURVE('',#9883,#9892,#9894,.T.);
#9892 = VERTEX_POINT('',#9893);
#9893 = CARTESIAN_POINT('',(49.3005,-116.77,0.));
#9894 = LINE('',#9895,#9896);
#9895 = CARTESIAN_POINT('',(49.3005,-58.385,0.));
#9896 = VECTOR('',#9897,1.);
#9897 = DIRECTION('',(0.,-1.,0.));
#9898 = ORIENTED_EDGE('',*,*,#9899,.T.);
#9899 = EDGE_CURVE('',#9892,#9900,#9902,.T.);
#9900 = VERTEX_POINT('',#9901);
#9901 = CARTESIAN_POINT('',(48.8005,-116.77,0.));
#9902 = CIRCLE('',#9903,0.25);
#9903 = AXIS2_PLACEMENT_3D('',#9904,#9905,#9906);
#9904 = CARTESIAN_POINT('',(49.0505,-116.77,0.));
#9905 = DIRECTION('',(-0.,0.,-1.));
#9906 = DIRECTION('',(-1.,0.,0.));
#9907 = ORIENTED_EDGE('',*,*,#9908,.T.);
#9908 = EDGE_CURVE('',#9900,#9881,#9909,.T.);
#9909 = LINE('',#9910,#9911);
#9910 = CARTESIAN_POINT('',(48.8005,-57.885,0.));
#9911 = VECTOR('',#9912,1.);
#9912 = DIRECTION('',(-0.,1.,0.));
#9913 = FACE_BOUND('',#9914,.F.);
#9914 = EDGE_LOOP('',(#9915));
#9915 = ORIENTED_EDGE('',*,*,#9916,.T.);
#9916 = EDGE_CURVE('',#9917,#9917,#9919,.T.);
#9917 = VERTEX_POINT('',#9918);
#9918 = CARTESIAN_POINT('',(58.06,-127.75,0.));
#9919 = CIRCLE('',#9920,0.75);
#9920 = AXIS2_PLACEMENT_3D('',#9921,#9922,#9923);
#9921 = CARTESIAN_POINT('',(58.06,-127.,0.));
#9922 = DIRECTION('',(-0.,0.,-1.));
#9923 = DIRECTION('',(-0.,-1.,0.));
#9924 = FACE_BOUND('',#9925,.F.);
#9925 = EDGE_LOOP('',(#9926,#9937,#9945,#9954));
#9926 = ORIENTED_EDGE('',*,*,#9927,.T.);
#9927 = EDGE_CURVE('',#9928,#9930,#9932,.T.);
#9928 = VERTEX_POINT('',#9929);
#9929 = CARTESIAN_POINT('',(57.2995,-124.52,0.));
#9930 = VERTEX_POINT('',#9931);
#9931 = CARTESIAN_POINT('',(57.7995,-124.52,0.));
#9932 = CIRCLE('',#9933,0.25);
#9933 = AXIS2_PLACEMENT_3D('',#9934,#9935,#9936);
#9934 = CARTESIAN_POINT('',(57.5495,-124.52,0.));
#9935 = DIRECTION('',(0.,-0.,-1.));
#9936 = DIRECTION('',(1.,0.,-0.));
#9937 = ORIENTED_EDGE('',*,*,#9938,.T.);
#9938 = EDGE_CURVE('',#9930,#9939,#9941,.T.);
#9939 = VERTEX_POINT('',#9940);
#9940 = CARTESIAN_POINT('',(57.7995,-125.42,0.));
#9941 = LINE('',#9942,#9943);
#9942 = CARTESIAN_POINT('',(57.7995,-62.71,0.));
#9943 = VECTOR('',#9944,1.);
#9944 = DIRECTION('',(0.,-1.,0.));
#9945 = ORIENTED_EDGE('',*,*,#9946,.T.);
#9946 = EDGE_CURVE('',#9939,#9947,#9949,.T.);
#9947 = VERTEX_POINT('',#9948);
#9948 = CARTESIAN_POINT('',(57.2995,-125.42,0.));
#9949 = CIRCLE('',#9950,0.25);
#9950 = AXIS2_PLACEMENT_3D('',#9951,#9952,#9953);
#9951 = CARTESIAN_POINT('',(57.5495,-125.42,0.));
#9952 = DIRECTION('',(-0.,0.,-1.));
#9953 = DIRECTION('',(-1.,0.,0.));
#9954 = ORIENTED_EDGE('',*,*,#9955,.T.);
#9955 = EDGE_CURVE('',#9947,#9928,#9956,.T.);
#9956 = LINE('',#9957,#9958);
#9957 = CARTESIAN_POINT('',(57.2995,-62.26,0.));
#9958 = VECTOR('',#9959,1.);
#9959 = DIRECTION('',(-0.,1.,0.));
#9960 = FACE_BOUND('',#9961,.F.);
#9961 = EDGE_LOOP('',(#9962));
#9962 = ORIENTED_EDGE('',*,*,#9963,.T.);
#9963 = EDGE_CURVE('',#9964,#9964,#9966,.T.);
#9964 = VERTEX_POINT('',#9965);
#9965 = CARTESIAN_POINT('',(59.859731,-124.726346,0.));
#9966 = CIRCLE('',#9967,0.15);
#9967 = AXIS2_PLACEMENT_3D('',#9968,#9969,#9970);
#9968 = CARTESIAN_POINT('',(59.859731,-124.576346,0.));
#9969 = DIRECTION('',(-0.,0.,-1.));
#9970 = DIRECTION('',(-0.,-1.,0.));
#9971 = FACE_BOUND('',#9972,.F.);
#9972 = EDGE_LOOP('',(#9973,#9984,#9992,#10001));
#9973 = ORIENTED_EDGE('',*,*,#9974,.T.);
#9974 = EDGE_CURVE('',#9975,#9977,#9979,.T.);
#9975 = VERTEX_POINT('',#9976);
#9976 = CARTESIAN_POINT('',(57.2995,-121.0195,0.));
#9977 = VERTEX_POINT('',#9978);
#9978 = CARTESIAN_POINT('',(57.7995,-121.0195,0.));
#9979 = CIRCLE('',#9980,0.25);
#9980 = AXIS2_PLACEMENT_3D('',#9981,#9982,#9983);
#9981 = CARTESIAN_POINT('',(57.5495,-121.0195,0.));
#9982 = DIRECTION('',(0.,-0.,-1.));
#9983 = DIRECTION('',(1.,0.,-0.));
#9984 = ORIENTED_EDGE('',*,*,#9985,.T.);
#9985 = EDGE_CURVE('',#9977,#9986,#9988,.T.);
#9986 = VERTEX_POINT('',#9987);
#9987 = CARTESIAN_POINT('',(57.7995,-121.9195,0.));
#9988 = LINE('',#9989,#9990);
#9989 = CARTESIAN_POINT('',(57.7995,-60.95975,0.));
#9990 = VECTOR('',#9991,1.);
#9991 = DIRECTION('',(0.,-1.,0.));
#9992 = ORIENTED_EDGE('',*,*,#9993,.T.);
#9993 = EDGE_CURVE('',#9986,#9994,#9996,.T.);
#9994 = VERTEX_POINT('',#9995);
#9995 = CARTESIAN_POINT('',(57.2995,-121.9195,0.));
#9996 = CIRCLE('',#9997,0.25);
#9997 = AXIS2_PLACEMENT_3D('',#9998,#9999,#10000);
#9998 = CARTESIAN_POINT('',(57.5495,-121.9195,0.));
#9999 = DIRECTION('',(-0.,0.,-1.));
#10000 = DIRECTION('',(-1.,0.,0.));
#10001 = ORIENTED_EDGE('',*,*,#10002,.T.);
#10002 = EDGE_CURVE('',#9994,#9975,#10003,.T.);
#10003 = LINE('',#10004,#10005);
#10004 = CARTESIAN_POINT('',(57.2995,-60.50975,0.));
#10005 = VECTOR('',#10006,1.);
#10006 = DIRECTION('',(-0.,1.,0.));
#10007 = FACE_BOUND('',#10008,.F.);
#10008 = EDGE_LOOP('',(#10009,#10020,#10028,#10037));
#10009 = ORIENTED_EDGE('',*,*,#10010,.T.);
#10010 = EDGE_CURVE('',#10011,#10013,#10015,.T.);
#10011 = VERTEX_POINT('',#10012);
#10012 = CARTESIAN_POINT('',(57.2995,-115.77,0.));
#10013 = VERTEX_POINT('',#10014);
#10014 = CARTESIAN_POINT('',(57.7995,-115.77,0.));
#10015 = CIRCLE('',#10016,0.25);
#10016 = AXIS2_PLACEMENT_3D('',#10017,#10018,#10019);
#10017 = CARTESIAN_POINT('',(57.5495,-115.77,0.));
#10018 = DIRECTION('',(0.,-0.,-1.));
#10019 = DIRECTION('',(1.,0.,-0.));
#10020 = ORIENTED_EDGE('',*,*,#10021,.T.);
#10021 = EDGE_CURVE('',#10013,#10022,#10024,.T.);
#10022 = VERTEX_POINT('',#10023);
#10023 = CARTESIAN_POINT('',(57.7995,-116.77,0.));
#10024 = LINE('',#10025,#10026);
#10025 = CARTESIAN_POINT('',(57.7995,-58.385,0.));
#10026 = VECTOR('',#10027,1.);
#10027 = DIRECTION('',(0.,-1.,0.));
#10028 = ORIENTED_EDGE('',*,*,#10029,.T.);
#10029 = EDGE_CURVE('',#10022,#10030,#10032,.T.);
#10030 = VERTEX_POINT('',#10031);
#10031 = CARTESIAN_POINT('',(57.2995,-116.77,0.));
#10032 = CIRCLE('',#10033,0.25);
#10033 = AXIS2_PLACEMENT_3D('',#10034,#10035,#10036);
#10034 = CARTESIAN_POINT('',(57.5495,-116.77,0.));
#10035 = DIRECTION('',(-0.,0.,-1.));
#10036 = DIRECTION('',(-1.,0.,0.));
#10037 = ORIENTED_EDGE('',*,*,#10038,.T.);
#10038 = EDGE_CURVE('',#10030,#10011,#10039,.T.);
#10039 = LINE('',#10040,#10041);
#10040 = CARTESIAN_POINT('',(57.2995,-57.885,0.));
#10041 = VECTOR('',#10042,1.);
#10042 = DIRECTION('',(-0.,1.,0.));
#10043 = FACE_BOUND('',#10044,.F.);
#10044 = EDGE_LOOP('',(#10045));
#10045 = ORIENTED_EDGE('',*,*,#10046,.T.);
#10046 = EDGE_CURVE('',#10047,#10047,#10049,.T.);
#10047 = VERTEX_POINT('',#10048);
#10048 = CARTESIAN_POINT('',(19.1,-41.025,0.));
#10049 = CIRCLE('',#10050,0.425);
#10050 = AXIS2_PLACEMENT_3D('',#10051,#10052,#10053);
#10051 = CARTESIAN_POINT('',(19.1,-40.6,0.));
#10052 = DIRECTION('',(-0.,0.,-1.));
#10053 = DIRECTION('',(-0.,-1.,0.));
#10054 = FACE_BOUND('',#10055,.F.);
#10055 = EDGE_LOOP('',(#10056));
#10056 = ORIENTED_EDGE('',*,*,#10057,.T.);
#10057 = EDGE_CURVE('',#10058,#10058,#10060,.T.);
#10058 = VERTEX_POINT('',#10059);
#10059 = CARTESIAN_POINT('',(19.11,-24.905,0.));
#10060 = CIRCLE('',#10061,0.425);
#10061 = AXIS2_PLACEMENT_3D('',#10062,#10063,#10064);
#10062 = CARTESIAN_POINT('',(19.11,-24.48,0.));
#10063 = DIRECTION('',(-0.,0.,-1.));
#10064 = DIRECTION('',(-0.,-1.,0.));
#10065 = FACE_BOUND('',#10066,.F.);
#10066 = EDGE_LOOP('',(#10067));
#10067 = ORIENTED_EDGE('',*,*,#10068,.T.);
#10068 = EDGE_CURVE('',#10069,#10069,#10071,.T.);
#10069 = VERTEX_POINT('',#10070);
#10070 = CARTESIAN_POINT('',(21.866,-26.039,0.));
#10071 = CIRCLE('',#10072,0.75);
#10072 = AXIS2_PLACEMENT_3D('',#10073,#10074,#10075);
#10073 = CARTESIAN_POINT('',(21.866,-25.289,0.));
#10074 = DIRECTION('',(-0.,0.,-1.));
#10075 = DIRECTION('',(-0.,-1.,0.));
#10076 = FACE_BOUND('',#10077,.F.);
#10077 = EDGE_LOOP('',(#10078));
#10078 = ORIENTED_EDGE('',*,*,#10079,.T.);
#10079 = EDGE_CURVE('',#10080,#10080,#10082,.T.);
#10080 = VERTEX_POINT('',#10081);
#10081 = CARTESIAN_POINT('',(31.35,-45.47,0.));
#10082 = CIRCLE('',#10083,1.E-01);
#10083 = AXIS2_PLACEMENT_3D('',#10084,#10085,#10086);
#10084 = CARTESIAN_POINT('',(31.35,-45.37,0.));
#10085 = DIRECTION('',(-0.,0.,-1.));
#10086 = DIRECTION('',(-0.,-1.,0.));
#10087 = FACE_BOUND('',#10088,.F.);
#10088 = EDGE_LOOP('',(#10089));
#10089 = ORIENTED_EDGE('',*,*,#10090,.T.);
#10090 = EDGE_CURVE('',#10091,#10091,#10093,.T.);
#10091 = VERTEX_POINT('',#10092);
#10092 = CARTESIAN_POINT('',(32.45,-45.47,0.));
#10093 = CIRCLE('',#10094,1.E-01);
#10094 = AXIS2_PLACEMENT_3D('',#10095,#10096,#10097);
#10095 = CARTESIAN_POINT('',(32.45,-45.37,0.));
#10096 = DIRECTION('',(-0.,0.,-1.));
#10097 = DIRECTION('',(-0.,-1.,0.));
#10098 = FACE_BOUND('',#10099,.F.);
#10099 = EDGE_LOOP('',(#10100));
#10100 = ORIENTED_EDGE('',*,*,#10101,.T.);
#10101 = EDGE_CURVE('',#10102,#10102,#10104,.T.);
#10102 = VERTEX_POINT('',#10103);
#10103 = CARTESIAN_POINT('',(36.7,-50.085,0.));
#10104 = CIRCLE('',#10105,0.15);
#10105 = AXIS2_PLACEMENT_3D('',#10106,#10107,#10108);
#10106 = CARTESIAN_POINT('',(36.7,-49.935,0.));
#10107 = DIRECTION('',(-0.,0.,-1.));
#10108 = DIRECTION('',(-0.,-1.,0.));
#10109 = FACE_BOUND('',#10110,.F.);
#10110 = EDGE_LOOP('',(#10111));
#10111 = ORIENTED_EDGE('',*,*,#10112,.T.);
#10112 = EDGE_CURVE('',#10113,#10113,#10115,.T.);
#10113 = VERTEX_POINT('',#10114);
#10114 = CARTESIAN_POINT('',(36.7,-49.085,0.));
#10115 = CIRCLE('',#10116,0.15);
#10116 = AXIS2_PLACEMENT_3D('',#10117,#10118,#10119);
#10117 = CARTESIAN_POINT('',(36.7,-48.935,0.));
#10118 = DIRECTION('',(-0.,0.,-1.));
#10119 = DIRECTION('',(-0.,-1.,0.));
#10120 = FACE_BOUND('',#10121,.F.);
#10121 = EDGE_LOOP('',(#10122));
#10122 = ORIENTED_EDGE('',*,*,#10123,.T.);
#10123 = EDGE_CURVE('',#10124,#10124,#10126,.T.);
#10124 = VERTEX_POINT('',#10125);
#10125 = CARTESIAN_POINT('',(36.7,-48.085,0.));
#10126 = CIRCLE('',#10127,0.15);
#10127 = AXIS2_PLACEMENT_3D('',#10128,#10129,#10130);
#10128 = CARTESIAN_POINT('',(36.7,-47.935,0.));
#10129 = DIRECTION('',(-0.,0.,-1.));
#10130 = DIRECTION('',(-0.,-1.,0.));
#10131 = FACE_BOUND('',#10132,.F.);
#10132 = EDGE_LOOP('',(#10133));
#10133 = ORIENTED_EDGE('',*,*,#10134,.T.);
#10134 = EDGE_CURVE('',#10135,#10135,#10137,.T.);
#10135 = VERTEX_POINT('',#10136);
#10136 = CARTESIAN_POINT('',(37.7,-50.085,0.));
#10137 = CIRCLE('',#10138,0.15);
#10138 = AXIS2_PLACEMENT_3D('',#10139,#10140,#10141);
#10139 = CARTESIAN_POINT('',(37.7,-49.935,0.));
#10140 = DIRECTION('',(-0.,0.,-1.));
#10141 = DIRECTION('',(-0.,-1.,0.));
#10142 = FACE_BOUND('',#10143,.F.);
#10143 = EDGE_LOOP('',(#10144));
#10144 = ORIENTED_EDGE('',*,*,#10145,.T.);
#10145 = EDGE_CURVE('',#10146,#10146,#10148,.T.);
#10146 = VERTEX_POINT('',#10147);
#10147 = CARTESIAN_POINT('',(37.7,-49.085,0.));
#10148 = CIRCLE('',#10149,0.15);
#10149 = AXIS2_PLACEMENT_3D('',#10150,#10151,#10152);
#10150 = CARTESIAN_POINT('',(37.7,-48.935,0.));
#10151 = DIRECTION('',(-0.,0.,-1.));
#10152 = DIRECTION('',(-0.,-1.,0.));
#10153 = FACE_BOUND('',#10154,.F.);
#10154 = EDGE_LOOP('',(#10155));
#10155 = ORIENTED_EDGE('',*,*,#10156,.T.);
#10156 = EDGE_CURVE('',#10157,#10157,#10159,.T.);
#10157 = VERTEX_POINT('',#10158);
#10158 = CARTESIAN_POINT('',(37.7,-48.085,0.));
#10159 = CIRCLE('',#10160,0.15);
#10160 = AXIS2_PLACEMENT_3D('',#10161,#10162,#10163);
#10161 = CARTESIAN_POINT('',(37.7,-47.935,0.));
#10162 = DIRECTION('',(-0.,0.,-1.));
#10163 = DIRECTION('',(-0.,-1.,0.));
#10164 = FACE_BOUND('',#10165,.F.);
#10165 = EDGE_LOOP('',(#10166));
#10166 = ORIENTED_EDGE('',*,*,#10167,.T.);
#10167 = EDGE_CURVE('',#10168,#10168,#10170,.T.);
#10168 = VERTEX_POINT('',#10169);
#10169 = CARTESIAN_POINT('',(38.7,-50.085,0.));
#10170 = CIRCLE('',#10171,0.15);
#10171 = AXIS2_PLACEMENT_3D('',#10172,#10173,#10174);
#10172 = CARTESIAN_POINT('',(38.7,-49.935,0.));
#10173 = DIRECTION('',(-0.,0.,-1.));
#10174 = DIRECTION('',(-0.,-1.,0.));
#10175 = FACE_BOUND('',#10176,.F.);
#10176 = EDGE_LOOP('',(#10177));
#10177 = ORIENTED_EDGE('',*,*,#10178,.T.);
#10178 = EDGE_CURVE('',#10179,#10179,#10181,.T.);
#10179 = VERTEX_POINT('',#10180);
#10180 = CARTESIAN_POINT('',(38.7,-49.085,0.));
#10181 = CIRCLE('',#10182,0.15);
#10182 = AXIS2_PLACEMENT_3D('',#10183,#10184,#10185);
#10183 = CARTESIAN_POINT('',(38.7,-48.935,0.));
#10184 = DIRECTION('',(-0.,0.,-1.));
#10185 = DIRECTION('',(-0.,-1.,0.));
#10186 = FACE_BOUND('',#10187,.F.);
#10187 = EDGE_LOOP('',(#10188));
#10188 = ORIENTED_EDGE('',*,*,#10189,.T.);
#10189 = EDGE_CURVE('',#10190,#10190,#10192,.T.);
#10190 = VERTEX_POINT('',#10191);
#10191 = CARTESIAN_POINT('',(38.7,-48.085,0.));
#10192 = CIRCLE('',#10193,0.15);
#10193 = AXIS2_PLACEMENT_3D('',#10194,#10195,#10196);
#10194 = CARTESIAN_POINT('',(38.7,-47.935,0.));
#10195 = DIRECTION('',(-0.,0.,-1.));
#10196 = DIRECTION('',(-0.,-1.,0.));
#10197 = FACE_BOUND('',#10198,.F.);
#10198 = EDGE_LOOP('',(#10199));
#10199 = ORIENTED_EDGE('',*,*,#10200,.T.);
#10200 = EDGE_CURVE('',#10201,#10201,#10203,.T.);
#10201 = VERTEX_POINT('',#10202);
#10202 = CARTESIAN_POINT('',(50.37,-65.14245,0.));
#10203 = CIRCLE('',#10204,1.18745);
#10204 = AXIS2_PLACEMENT_3D('',#10205,#10206,#10207);
#10205 = CARTESIAN_POINT('',(50.37,-63.955,0.));
#10206 = DIRECTION('',(-0.,0.,-1.));
#10207 = DIRECTION('',(-5.983769723021E-15,-1.,0.));
#10208 = FACE_BOUND('',#10209,.F.);
#10209 = EDGE_LOOP('',(#10210));
#10210 = ORIENTED_EDGE('',*,*,#10211,.T.);
#10211 = EDGE_CURVE('',#10212,#10212,#10214,.T.);
#10212 = VERTEX_POINT('',#10213);
#10213 = CARTESIAN_POINT('',(53.545,-65.14245,0.));
#10214 = CIRCLE('',#10215,1.18745);
#10215 = AXIS2_PLACEMENT_3D('',#10216,#10217,#10218);
#10216 = CARTESIAN_POINT('',(53.545,-63.955,0.));
#10217 = DIRECTION('',(-0.,0.,-1.));
#10218 = DIRECTION('',(-0.,-1.,0.));
#10219 = FACE_BOUND('',#10220,.F.);
#10220 = EDGE_LOOP('',(#10221));
#10221 = ORIENTED_EDGE('',*,*,#10222,.T.);
#10222 = EDGE_CURVE('',#10223,#10223,#10225,.T.);
#10223 = VERTEX_POINT('',#10224);
#10224 = CARTESIAN_POINT('',(50.37,-61.9103,0.));
#10225 = CIRCLE('',#10226,0.4953);
#10226 = AXIS2_PLACEMENT_3D('',#10227,#10228,#10229);
#10227 = CARTESIAN_POINT('',(50.37,-61.415,0.));
#10228 = DIRECTION('',(-0.,0.,-1.));
#10229 = DIRECTION('',(-0.,-1.,0.));
#10230 = FACE_BOUND('',#10231,.F.);
#10231 = EDGE_LOOP('',(#10232));
#10232 = ORIENTED_EDGE('',*,*,#10233,.T.);
#10233 = EDGE_CURVE('',#10234,#10234,#10236,.T.);
#10234 = VERTEX_POINT('',#10235);
#10235 = CARTESIAN_POINT('',(50.37,-60.06245,0.));
#10236 = CIRCLE('',#10237,1.18745);
#10237 = AXIS2_PLACEMENT_3D('',#10238,#10239,#10240);
#10238 = CARTESIAN_POINT('',(50.37,-58.875,0.));
#10239 = DIRECTION('',(-0.,0.,-1.));
#10240 = DIRECTION('',(-5.983769723021E-15,-1.,0.));
#10241 = FACE_BOUND('',#10242,.F.);
#10242 = EDGE_LOOP('',(#10243));
#10243 = ORIENTED_EDGE('',*,*,#10244,.T.);
#10244 = EDGE_CURVE('',#10245,#10245,#10247,.T.);
#10245 = VERTEX_POINT('',#10246);
#10246 = CARTESIAN_POINT('',(53.545,-60.06245,0.));
#10247 = CIRCLE('',#10248,1.18745);
#10248 = AXIS2_PLACEMENT_3D('',#10249,#10250,#10251);
#10249 = CARTESIAN_POINT('',(53.545,-58.875,0.));
#10250 = DIRECTION('',(-0.,0.,-1.));
#10251 = DIRECTION('',(-0.,-1.,0.));
#10252 = FACE_BOUND('',#10253,.F.);
#10253 = EDGE_LOOP('',(#10254));
#10254 = ORIENTED_EDGE('',*,*,#10255,.T.);
#10255 = EDGE_CURVE('',#10256,#10256,#10258,.T.);
#10256 = VERTEX_POINT('',#10257);
#10257 = CARTESIAN_POINT('',(55.45,-62.9263,0.));
#10258 = CIRCLE('',#10259,0.4953);
#10259 = AXIS2_PLACEMENT_3D('',#10260,#10261,#10262);
#10260 = CARTESIAN_POINT('',(55.45,-62.431,0.));
#10261 = DIRECTION('',(-0.,0.,-1.));
#10262 = DIRECTION('',(-0.,-1.,0.));
#10263 = FACE_BOUND('',#10264,.F.);
#10264 = EDGE_LOOP('',(#10265));
#10265 = ORIENTED_EDGE('',*,*,#10266,.T.);
#10266 = EDGE_CURVE('',#10267,#10267,#10269,.T.);
#10267 = VERTEX_POINT('',#10268);
#10268 = CARTESIAN_POINT('',(55.45,-60.8943,0.));
#10269 = CIRCLE('',#10270,0.4953);
#10270 = AXIS2_PLACEMENT_3D('',#10271,#10272,#10273);
#10271 = CARTESIAN_POINT('',(55.45,-60.399,0.));
#10272 = DIRECTION('',(-0.,0.,-1.));
#10273 = DIRECTION('',(-0.,-1.,0.));
#10274 = FACE_BOUND('',#10275,.F.);
#10275 = EDGE_LOOP('',(#10276));
#10276 = ORIENTED_EDGE('',*,*,#10277,.T.);
#10277 = EDGE_CURVE('',#10278,#10278,#10280,.T.);
#10278 = VERTEX_POINT('',#10279);
#10279 = CARTESIAN_POINT('',(41.8,-45.415,0.));
#10280 = CIRCLE('',#10281,0.15);
#10281 = AXIS2_PLACEMENT_3D('',#10282,#10283,#10284);
#10282 = CARTESIAN_POINT('',(41.8,-45.265,0.));
#10283 = DIRECTION('',(-0.,0.,-1.));
#10284 = DIRECTION('',(-0.,-1.,0.));
#10285 = FACE_BOUND('',#10286,.F.);
#10286 = EDGE_LOOP('',(#10287));
#10287 = ORIENTED_EDGE('',*,*,#10288,.T.);
#10288 = EDGE_CURVE('',#10289,#10289,#10291,.T.);
#10289 = VERTEX_POINT('',#10290);
#10290 = CARTESIAN_POINT('',(41.8,-44.415,0.));
#10291 = CIRCLE('',#10292,0.15);
#10292 = AXIS2_PLACEMENT_3D('',#10293,#10294,#10295);
#10293 = CARTESIAN_POINT('',(41.8,-44.265,0.));
#10294 = DIRECTION('',(-0.,0.,-1.));
#10295 = DIRECTION('',(-0.,-1.,0.));
#10296 = FACE_BOUND('',#10297,.F.);
#10297 = EDGE_LOOP('',(#10298));
#10298 = ORIENTED_EDGE('',*,*,#10299,.T.);
#10299 = EDGE_CURVE('',#10300,#10300,#10302,.T.);
#10300 = VERTEX_POINT('',#10301);
#10301 = CARTESIAN_POINT('',(42.7,-45.415,0.));
#10302 = CIRCLE('',#10303,0.15);
#10303 = AXIS2_PLACEMENT_3D('',#10304,#10305,#10306);
#10304 = CARTESIAN_POINT('',(42.7,-45.265,0.));
#10305 = DIRECTION('',(-0.,0.,-1.));
#10306 = DIRECTION('',(-0.,-1.,0.));
#10307 = FACE_BOUND('',#10308,.F.);
#10308 = EDGE_LOOP('',(#10309));
#10309 = ORIENTED_EDGE('',*,*,#10310,.T.);
#10310 = EDGE_CURVE('',#10311,#10311,#10313,.T.);
#10311 = VERTEX_POINT('',#10312);
#10312 = CARTESIAN_POINT('',(42.7,-44.415,0.));
#10313 = CIRCLE('',#10314,0.15);
#10314 = AXIS2_PLACEMENT_3D('',#10315,#10316,#10317);
#10315 = CARTESIAN_POINT('',(42.7,-44.265,0.));
#10316 = DIRECTION('',(-0.,0.,-1.));
#10317 = DIRECTION('',(-0.,-1.,0.));
#10318 = FACE_BOUND('',#10319,.F.);
#10319 = EDGE_LOOP('',(#10320));
#10320 = ORIENTED_EDGE('',*,*,#10321,.T.);
#10321 = EDGE_CURVE('',#10322,#10322,#10324,.T.);
#10322 = VERTEX_POINT('',#10323);
#10323 = CARTESIAN_POINT('',(43.6,-45.415,0.));
#10324 = CIRCLE('',#10325,0.15);
#10325 = AXIS2_PLACEMENT_3D('',#10326,#10327,#10328);
#10326 = CARTESIAN_POINT('',(43.6,-45.265,0.));
#10327 = DIRECTION('',(-0.,0.,-1.));
#10328 = DIRECTION('',(-0.,-1.,0.));
#10329 = FACE_BOUND('',#10330,.F.);
#10330 = EDGE_LOOP('',(#10331));
#10331 = ORIENTED_EDGE('',*,*,#10332,.T.);
#10332 = EDGE_CURVE('',#10333,#10333,#10335,.T.);
#10333 = VERTEX_POINT('',#10334);
#10334 = CARTESIAN_POINT('',(43.6,-44.415,0.));
#10335 = CIRCLE('',#10336,0.15);
#10336 = AXIS2_PLACEMENT_3D('',#10337,#10338,#10339);
#10337 = CARTESIAN_POINT('',(43.6,-44.265,0.));
#10338 = DIRECTION('',(-0.,0.,-1.));
#10339 = DIRECTION('',(-0.,-1.,0.));
#10340 = FACE_BOUND('',#10341,.F.);
#10341 = EDGE_LOOP('',(#10342));
#10342 = ORIENTED_EDGE('',*,*,#10343,.T.);
#10343 = EDGE_CURVE('',#10344,#10344,#10346,.T.);
#10344 = VERTEX_POINT('',#10345);
#10345 = CARTESIAN_POINT('',(44.256,-41.089,0.));
#10346 = CIRCLE('',#10347,0.5);
#10347 = AXIS2_PLACEMENT_3D('',#10348,#10349,#10350);
#10348 = CARTESIAN_POINT('',(44.256,-40.589,0.));
#10349 = DIRECTION('',(-0.,0.,-1.));
#10350 = DIRECTION('',(-0.,-1.,0.));
#10351 = PLANE('',#10352);
#10352 = AXIS2_PLACEMENT_3D('',#10353,#10354,#10355);
#10353 = CARTESIAN_POINT('',(0.,0.,0.));
#10354 = DIRECTION('',(0.,0.,1.));
#10355 = DIRECTION('',(1.,0.,-0.));
#10356 = ADVANCED_FACE('',(#10357,#10747,#10758,#10769,#10805,#10893,
    #10929,#10940,#10976,#11012,#11100,#11136,#11147,#11183,#11194,
    #11230,#11266,#11277,#11288,#11299,#11310,#11321,#11332,#11343,
    #11354,#11365,#11376,#11387,#11398,#11409,#11420,#11431,#11442,
    #11453,#11464,#11475,#11486,#11497,#11508,#11519,#11530,#11541,
    #11552,#11563),#11574,.T.);
#10357 = FACE_BOUND('',#10358,.T.);
#10358 = EDGE_LOOP('',(#10359,#10360,#10361,#10370,#10378,#10386,#10395,
    #10403,#10412,#10420,#10429,#10437,#10446,#10455,#10463,#10471,
    #10479,#10488,#10496,#10505,#10513,#10522,#10530,#10539,#10547,
    #10556,#10564,#10573,#10581,#10589,#10597,#10606,#10615,#10623,
    #10631,#10639,#10648,#10656,#10664,#10673,#10681,#10689,#10697,
    #10706,#10714,#10723,#10731,#10740,#10746));
#10359 = ORIENTED_EDGE('',*,*,#9043,.F.);
#10360 = ORIENTED_EDGE('',*,*,#9085,.F.);
#10361 = ORIENTED_EDGE('',*,*,#10362,.F.);
#10362 = EDGE_CURVE('',#10363,#9078,#10365,.T.);
#10363 = VERTEX_POINT('',#10364);
#10364 = CARTESIAN_POINT('',(18.259999,-22.89,0.7564));
#10365 = CIRCLE('',#10366,1.99999850585);
#10366 = AXIS2_PLACEMENT_3D('',#10367,#10368,#10369);
#10367 = CARTESIAN_POINT('',(20.25999750585,-22.88999850585,0.7564));
#10368 = DIRECTION('',(0.,0.,-1.));
#10369 = DIRECTION('',(-1.,-7.470757438357E-07,-0.));
#10370 = ORIENTED_EDGE('',*,*,#10371,.F.);
#10371 = EDGE_CURVE('',#10372,#10363,#10374,.T.);
#10372 = VERTEX_POINT('',#10373);
#10373 = CARTESIAN_POINT('',(18.259999,-41.39,0.7564));
#10374 = LINE('',#10375,#10376);
#10375 = CARTESIAN_POINT('',(18.259999,-41.39,0.7564));
#10376 = VECTOR('',#10377,1.);
#10377 = DIRECTION('',(0.,1.,0.));
#10378 = ORIENTED_EDGE('',*,*,#10379,.F.);
#10379 = EDGE_CURVE('',#10380,#10372,#10382,.T.);
#10380 = VERTEX_POINT('',#10381);
#10381 = CARTESIAN_POINT('',(18.759999,-41.39,0.7564));
#10382 = LINE('',#10383,#10384);
#10383 = CARTESIAN_POINT('',(18.759999,-41.39,0.7564));
#10384 = VECTOR('',#10385,1.);
#10385 = DIRECTION('',(-1.,0.,0.));
#10386 = ORIENTED_EDGE('',*,*,#10387,.F.);
#10387 = EDGE_CURVE('',#10388,#10380,#10390,.T.);
#10388 = VERTEX_POINT('',#10389);
#10389 = CARTESIAN_POINT('',(19.259999,-41.89,0.7564));
#10390 = CIRCLE('',#10391,0.49999791937);
#10391 = AXIS2_PLACEMENT_3D('',#10392,#10393,#10394);
#10392 = CARTESIAN_POINT('',(18.760001080634,-41.88999791936,0.7564));
#10393 = DIRECTION('',(0.,0.,1.));
#10394 = DIRECTION('',(0.999999999991,-4.161285837066E-06,0.));
#10395 = ORIENTED_EDGE('',*,*,#10396,.F.);
#10396 = EDGE_CURVE('',#10397,#10388,#10399,.T.);
#10397 = VERTEX_POINT('',#10398);
#10398 = CARTESIAN_POINT('',(19.259999,-57.99,0.7564));
#10399 = LINE('',#10400,#10401);
#10400 = CARTESIAN_POINT('',(19.259999,-57.99,0.7564));
#10401 = VECTOR('',#10402,1.);
#10402 = DIRECTION('',(0.,1.,0.));
#10403 = ORIENTED_EDGE('',*,*,#10404,.F.);
#10404 = EDGE_CURVE('',#10405,#10397,#10407,.T.);
#10405 = VERTEX_POINT('',#10406);
#10406 = CARTESIAN_POINT('',(19.059999,-58.39,0.7564));
#10407 = CIRCLE('',#10408,0.499996168555);
#10408 = AXIS2_PLACEMENT_3D('',#10409,#10410,#10411);
#10409 = CARTESIAN_POINT('',(18.760002831448,-57.99000191572,0.7564));
#10410 = DIRECTION('',(0.,0.,1.));
#10411 = DIRECTION('',(0.599996934813,-0.800002298881,0.));
#10412 = ORIENTED_EDGE('',*,*,#10413,.F.);
#10413 = EDGE_CURVE('',#10414,#10405,#10416,.T.);
#10414 = VERTEX_POINT('',#10415);
#10415 = CARTESIAN_POINT('',(19.059999,-124.760457,0.7564));
#10416 = LINE('',#10417,#10418);
#10417 = CARTESIAN_POINT('',(19.059999,-124.760457,0.7564));
#10418 = VECTOR('',#10419,1.);
#10419 = DIRECTION('',(0.,1.,0.));
#10420 = ORIENTED_EDGE('',*,*,#10421,.F.);
#10421 = EDGE_CURVE('',#10422,#10414,#10424,.T.);
#10422 = VERTEX_POINT('',#10423);
#10423 = CARTESIAN_POINT('',(25.759999,-128.89,0.7564));
#10424 = CIRCLE('',#10425,7.500008881817);
#10425 = AXIS2_PLACEMENT_3D('',#10426,#10427,#10428);
#10426 = CARTESIAN_POINT('',(25.760005937822,-121.3899911181,0.7564));
#10427 = DIRECTION('',(0.,0.,-1.));
#10428 = DIRECTION('',(-9.250418454991E-07,-1.,-0.));
#10429 = ORIENTED_EDGE('',*,*,#10430,.F.);
#10430 = EDGE_CURVE('',#10431,#10422,#10433,.T.);
#10431 = VERTEX_POINT('',#10432);
#10432 = CARTESIAN_POINT('',(32.789169,-128.889995,0.7564));
#10433 = LINE('',#10434,#10435);
#10434 = CARTESIAN_POINT('',(32.789169,-128.889995,0.7564));
#10435 = VECTOR('',#10436,1.);
#10436 = DIRECTION('',(-1.,-7.113215340325E-07,0.));
#10437 = ORIENTED_EDGE('',*,*,#10438,.F.);
#10438 = EDGE_CURVE('',#10439,#10431,#10441,.T.);
#10439 = VERTEX_POINT('',#10440);
#10440 = CARTESIAN_POINT('',(34.659999,-127.597107,0.7564));
#10441 = CIRCLE('',#10442,2.000034976884);
#10442 = AXIS2_PLACEMENT_3D('',#10443,#10444,#10445);
#10443 = CARTESIAN_POINT('',(32.789148107492,-126.8899600232,0.7564));
#10444 = DIRECTION('',(0.,0.,-1.));
#10445 = DIRECTION('',(0.935409087406,-0.353567305046,0.));
#10446 = ORIENTED_EDGE('',*,*,#10447,.F.);
#10447 = EDGE_CURVE('',#10448,#10439,#10450,.T.);
#10448 = VERTEX_POINT('',#10449);
#10449 = CARTESIAN_POINT('',(35.259997,-126.808509,0.7564));
#10450 = CIRCLE('',#10451,0.499987586536);
#10451 = AXIS2_PLACEMENT_3D('',#10452,#10453,#10454);
#10452 = CARTESIAN_POINT('',(35.013482235199,-127.2435010199,0.7564));
#10453 = DIRECTION('',(0.,0.,1.));
#10454 = DIRECTION('',(0.493041770315,0.870005639479,-0.));
#10455 = ORIENTED_EDGE('',*,*,#10456,.F.);
#10456 = EDGE_CURVE('',#10457,#10448,#10459,.T.);
#10457 = VERTEX_POINT('',#10458);
#10458 = CARTESIAN_POINT('',(35.459999,-126.808511,0.7564));
#10459 = LINE('',#10460,#10461);
#10460 = CARTESIAN_POINT('',(35.459999,-126.808511,0.7564));
#10461 = VECTOR('',#10462,1.);
#10462 = DIRECTION('',(-0.99999999995,9.999899975252E-06,0.));
#10463 = ORIENTED_EDGE('',*,*,#10464,.F.);
#10464 = EDGE_CURVE('',#10465,#10457,#10467,.T.);
#10465 = VERTEX_POINT('',#10466);
#10466 = CARTESIAN_POINT('',(35.46,-126.55,0.7564));
#10467 = LINE('',#10468,#10469);
#10468 = CARTESIAN_POINT('',(35.46,-126.55,0.7564));
#10469 = VECTOR('',#10470,1.);
#10470 = DIRECTION('',(-3.86830733496E-06,-0.999999999993,0.));
#10471 = ORIENTED_EDGE('',*,*,#10472,.F.);
#10472 = EDGE_CURVE('',#10473,#10465,#10475,.T.);
#10473 = VERTEX_POINT('',#10474);
#10474 = CARTESIAN_POINT('',(35.46,-124.062719,0.7564));
#10475 = LINE('',#10476,#10477);
#10476 = CARTESIAN_POINT('',(35.46,-124.062719,0.7564));
#10477 = VECTOR('',#10478,1.);
#10478 = DIRECTION('',(0.,-1.,0.));
#10479 = ORIENTED_EDGE('',*,*,#10480,.F.);
#10480 = EDGE_CURVE('',#10481,#10473,#10483,.T.);
#10481 = VERTEX_POINT('',#10482);
#10482 = CARTESIAN_POINT('',(35.38577,-123.865169,0.7564));
#10483 = CIRCLE('',#10484,0.300000174011);
#10484 = AXIS2_PLACEMENT_3D('',#10485,#10486,#10487);
#10485 = CARTESIAN_POINT('',(35.159999826029,-124.0627238859,0.7564));
#10486 = DIRECTION('',(0.,0.,-1.));
#10487 = DIRECTION('',(0.752566810054,0.658515904444,0.));
#10488 = ORIENTED_EDGE('',*,*,#10489,.F.);
#10489 = EDGE_CURVE('',#10490,#10481,#10492,.T.);
#10490 = VERTEX_POINT('',#10491);
#10491 = CARTESIAN_POINT('',(35.18423,-123.63483,0.7564));
#10492 = LINE('',#10493,#10494);
#10493 = CARTESIAN_POINT('',(35.18423,-123.63483,0.7564));
#10494 = VECTOR('',#10495,1.);
#10495 = DIRECTION('',(0.658492348164,-0.752587421772,0.));
#10496 = ORIENTED_EDGE('',*,*,#10497,.F.);
#10497 = EDGE_CURVE('',#10498,#10490,#10500,.T.);
#10498 = VERTEX_POINT('',#10499);
#10499 = CARTESIAN_POINT('',(35.11,-123.43728,0.7564));
#10500 = CIRCLE('',#10501,0.30000017401);
#10501 = AXIS2_PLACEMENT_3D('',#10502,#10503,#10504);
#10502 = CARTESIAN_POINT('',(35.410000173971,-123.437275114,0.7564));
#10503 = DIRECTION('',(0.,0.,1.));
#10504 = DIRECTION('',(-0.999999999867,-1.628639640097E-05,0.));
#10505 = ORIENTED_EDGE('',*,*,#10506,.F.);
#10506 = EDGE_CURVE('',#10507,#10498,#10509,.T.);
#10507 = VERTEX_POINT('',#10508);
#10508 = CARTESIAN_POINT('',(35.11,-122.45,0.7564));
#10509 = LINE('',#10510,#10511);
#10510 = CARTESIAN_POINT('',(35.11,-122.45,0.7564));
#10511 = VECTOR('',#10512,1.);
#10512 = DIRECTION('',(0.,-1.,0.));
#10513 = ORIENTED_EDGE('',*,*,#10514,.F.);
#10514 = EDGE_CURVE('',#10515,#10507,#10517,.T.);
#10515 = VERTEX_POINT('',#10516);
#10516 = CARTESIAN_POINT('',(35.41,-122.15,0.7564));
#10517 = CIRCLE('',#10518,0.300000117299);
#10518 = AXIS2_PLACEMENT_3D('',#10519,#10520,#10521);
#10519 = CARTESIAN_POINT('',(35.410000117299,-122.4500001172,0.7564));
#10520 = DIRECTION('',(0.,0.,1.));
#10521 = DIRECTION('',(-3.909953616065E-07,1.,0.));
#10522 = ORIENTED_EDGE('',*,*,#10523,.F.);
#10523 = EDGE_CURVE('',#10524,#10515,#10526,.T.);
#10524 = VERTEX_POINT('',#10525);
#10525 = CARTESIAN_POINT('',(46.11,-122.15,0.7564));
#10526 = LINE('',#10527,#10528);
#10527 = CARTESIAN_POINT('',(46.11,-122.15,0.7564));
#10528 = VECTOR('',#10529,1.);
#10529 = DIRECTION('',(-1.,0.,0.));
#10530 = ORIENTED_EDGE('',*,*,#10531,.F.);
#10531 = EDGE_CURVE('',#10532,#10524,#10534,.T.);
#10532 = VERTEX_POINT('',#10533);
#10533 = CARTESIAN_POINT('',(46.41,-122.45,0.7564));
#10534 = CIRCLE('',#10535,0.300000117299);
#10535 = AXIS2_PLACEMENT_3D('',#10536,#10537,#10538);
#10536 = CARTESIAN_POINT('',(46.109999882701,-122.4500001172,0.7564));
#10537 = DIRECTION('',(0.,0.,1.));
#10538 = DIRECTION('',(1.,3.909953616065E-07,-0.));
#10539 = ORIENTED_EDGE('',*,*,#10540,.F.);
#10540 = EDGE_CURVE('',#10541,#10532,#10543,.T.);
#10541 = VERTEX_POINT('',#10542);
#10542 = CARTESIAN_POINT('',(46.41,-123.43728,0.7564));
#10543 = LINE('',#10544,#10545);
#10544 = CARTESIAN_POINT('',(46.41,-123.43728,0.7564));
#10545 = VECTOR('',#10546,1.);
#10546 = DIRECTION('',(0.,1.,0.));
#10547 = ORIENTED_EDGE('',*,*,#10548,.F.);
#10548 = EDGE_CURVE('',#10549,#10541,#10551,.T.);
#10549 = VERTEX_POINT('',#10550);
#10550 = CARTESIAN_POINT('',(46.33577,-123.63483,0.7564));
#10551 = CIRCLE('',#10552,0.30000017401);
#10552 = AXIS2_PLACEMENT_3D('',#10553,#10554,#10555);
#10553 = CARTESIAN_POINT('',(46.109999826029,-123.437275114,0.7564));
#10554 = DIRECTION('',(0.,0.,1.));
#10555 = DIRECTION('',(0.752566810054,-0.658515904444,0.));
#10556 = ORIENTED_EDGE('',*,*,#10557,.F.);
#10557 = EDGE_CURVE('',#10558,#10549,#10560,.T.);
#10558 = VERTEX_POINT('',#10559);
#10559 = CARTESIAN_POINT('',(46.13423,-123.865169,0.7564));
#10560 = LINE('',#10561,#10562);
#10561 = CARTESIAN_POINT('',(46.13423,-123.865169,0.7564));
#10562 = VECTOR('',#10563,1.);
#10563 = DIRECTION('',(0.658492348164,0.752587421772,0.));
#10564 = ORIENTED_EDGE('',*,*,#10565,.F.);
#10565 = EDGE_CURVE('',#10566,#10558,#10568,.T.);
#10566 = VERTEX_POINT('',#10567);
#10567 = CARTESIAN_POINT('',(46.06,-124.062722,0.7564));
#10568 = CIRCLE('',#10569,0.299996765972);
#10569 = AXIS2_PLACEMENT_3D('',#10570,#10571,#10572);
#10570 = CARTESIAN_POINT('',(46.359996765971,-124.0627226053,0.7564));
#10571 = DIRECTION('',(0.,0.,-1.));
#10572 = DIRECTION('',(-0.999999999998,2.017767958882E-06,0.));
#10573 = ORIENTED_EDGE('',*,*,#10574,.F.);
#10574 = EDGE_CURVE('',#10575,#10566,#10577,.T.);
#10575 = VERTEX_POINT('',#10576);
#10576 = CARTESIAN_POINT('',(46.06,-126.55,0.7564));
#10577 = LINE('',#10578,#10579);
#10578 = CARTESIAN_POINT('',(46.06,-126.55,0.7564));
#10579 = VECTOR('',#10580,1.);
#10580 = DIRECTION('',(0.,1.,0.));
#10581 = ORIENTED_EDGE('',*,*,#10582,.F.);
#10582 = EDGE_CURVE('',#10583,#10575,#10585,.T.);
#10583 = VERTEX_POINT('',#10584);
#10584 = CARTESIAN_POINT('',(46.059995,-126.818521,0.7564));
#10585 = LINE('',#10586,#10587);
#10586 = CARTESIAN_POINT('',(46.059995,-126.818521,0.7564));
#10587 = VECTOR('',#10588,1.);
#10588 = DIRECTION('',(1.862051757859E-05,0.999999999827,0.));
#10589 = ORIENTED_EDGE('',*,*,#10590,.F.);
#10590 = EDGE_CURVE('',#10591,#10583,#10593,.T.);
#10591 = VERTEX_POINT('',#10592);
#10592 = CARTESIAN_POINT('',(46.259995,-126.818519,0.7564));
#10593 = LINE('',#10594,#10595);
#10594 = CARTESIAN_POINT('',(46.259995,-126.818519,0.7564));
#10595 = VECTOR('',#10596,1.);
#10596 = DIRECTION('',(-0.99999999995,-1.000000004531E-05,0.));
#10597 = ORIENTED_EDGE('',*,*,#10598,.F.);
#10598 = EDGE_CURVE('',#10599,#10591,#10601,.T.);
#10599 = VERTEX_POINT('',#10600);
#10600 = CARTESIAN_POINT('',(46.859995,-127.607117,0.7564));
#10601 = CIRCLE('',#10602,0.50000673353);
#10602 = AXIS2_PLACEMENT_3D('',#10603,#10604,#10605);
#10603 = CARTESIAN_POINT('',(46.506401126662,-127.2535945731,0.7564));
#10604 = DIRECTION('',(0.,-0.,1.));
#10605 = DIRECTION('',(0.707178223065,-0.707035332089,-0.));
#10606 = ORIENTED_EDGE('',*,*,#10607,.F.);
#10607 = EDGE_CURVE('',#10608,#10599,#10610,.T.);
#10608 = VERTEX_POINT('',#10609);
#10609 = CARTESIAN_POINT('',(47.292795,-128.289992,0.7564));
#10610 = CIRCLE('',#10611,2.000073518134);
#10611 = AXIS2_PLACEMENT_3D('',#10612,#10613,#10614);
#10612 = CARTESIAN_POINT('',(48.730881712389,-126.8999557826,0.7564));
#10613 = DIRECTION('',(0.,0.,-1.));
#10614 = DIRECTION('',(-0.719016925803,-0.694992561405,-0.));
#10615 = ORIENTED_EDGE('',*,*,#10616,.F.);
#10616 = EDGE_CURVE('',#10617,#10608,#10619,.T.);
#10617 = VERTEX_POINT('',#10618);
#10618 = CARTESIAN_POINT('',(48.55,-128.29,0.7564));
#10619 = LINE('',#10620,#10621);
#10620 = CARTESIAN_POINT('',(48.55,-128.29,0.7564));
#10621 = VECTOR('',#10622,1.);
#10622 = DIRECTION('',(-0.99999999998,6.363321796875E-06,0.));
#10623 = ORIENTED_EDGE('',*,*,#10624,.F.);
#10624 = EDGE_CURVE('',#10625,#10617,#10627,.T.);
#10625 = VERTEX_POINT('',#10626);
#10626 = CARTESIAN_POINT('',(49.8,-128.29,0.7564));
#10627 = LINE('',#10628,#10629);
#10628 = CARTESIAN_POINT('',(49.8,-128.29,0.7564));
#10629 = VECTOR('',#10630,1.);
#10630 = DIRECTION('',(-1.,0.,0.));
#10631 = ORIENTED_EDGE('',*,*,#10632,.F.);
#10632 = EDGE_CURVE('',#10633,#10625,#10635,.T.);
#10633 = VERTEX_POINT('',#10634);
#10634 = CARTESIAN_POINT('',(49.8,-115.79,0.7564));
#10635 = LINE('',#10636,#10637);
#10636 = CARTESIAN_POINT('',(49.8,-115.79,0.7564));
#10637 = VECTOR('',#10638,1.);
#10638 = DIRECTION('',(0.,-1.,0.));
#10639 = ORIENTED_EDGE('',*,*,#10640,.F.);
#10640 = EDGE_CURVE('',#10641,#10633,#10643,.T.);
#10641 = VERTEX_POINT('',#10642);
#10642 = CARTESIAN_POINT('',(50.6,-114.99,0.7564));
#10643 = CIRCLE('',#10644,0.800001450872);
#10644 = AXIS2_PLACEMENT_3D('',#10645,#10646,#10647);
#10645 = CARTESIAN_POINT('',(50.600001450871,-115.7900014508,0.7564));
#10646 = DIRECTION('',(0.,0.,1.));
#10647 = DIRECTION('',(-1.813585012658E-06,0.999999999998,0.));
#10648 = ORIENTED_EDGE('',*,*,#10649,.F.);
#10649 = EDGE_CURVE('',#10650,#10641,#10652,.T.);
#10650 = VERTEX_POINT('',#10651);
#10651 = CARTESIAN_POINT('',(53.3,-114.99,0.7564));
#10652 = LINE('',#10653,#10654);
#10653 = CARTESIAN_POINT('',(53.3,-114.99,0.7564));
#10654 = VECTOR('',#10655,1.);
#10655 = DIRECTION('',(-1.,0.,0.));
#10656 = ORIENTED_EDGE('',*,*,#10657,.F.);
#10657 = EDGE_CURVE('',#10658,#10650,#10660,.T.);
#10658 = VERTEX_POINT('',#10659);
#10659 = CARTESIAN_POINT('',(56.,-114.99,0.7564));
#10660 = LINE('',#10661,#10662);
#10661 = CARTESIAN_POINT('',(56.,-114.99,0.7564));
#10662 = VECTOR('',#10663,1.);
#10663 = DIRECTION('',(-1.,0.,0.));
#10664 = ORIENTED_EDGE('',*,*,#10665,.F.);
#10665 = EDGE_CURVE('',#10666,#10658,#10668,.T.);
#10666 = VERTEX_POINT('',#10667);
#10667 = CARTESIAN_POINT('',(56.8,-115.79,0.7564));
#10668 = CIRCLE('',#10669,0.800001450872);
#10669 = AXIS2_PLACEMENT_3D('',#10670,#10671,#10672);
#10670 = CARTESIAN_POINT('',(55.999998549129,-115.7900014508,0.7564));
#10671 = DIRECTION('',(0.,0.,1.));
#10672 = DIRECTION('',(0.999999999998,1.813584994895E-06,-0.));
#10673 = ORIENTED_EDGE('',*,*,#10674,.F.);
#10674 = EDGE_CURVE('',#10675,#10666,#10677,.T.);
#10675 = VERTEX_POINT('',#10676);
#10676 = CARTESIAN_POINT('',(56.8,-128.29,0.7564));
#10677 = LINE('',#10678,#10679);
#10678 = CARTESIAN_POINT('',(56.8,-128.29,0.7564));
#10679 = VECTOR('',#10680,1.);
#10680 = DIRECTION('',(0.,1.,0.));
#10681 = ORIENTED_EDGE('',*,*,#10682,.F.);
#10682 = EDGE_CURVE('',#10683,#10675,#10685,.T.);
#10683 = VERTEX_POINT('',#10684);
#10684 = CARTESIAN_POINT('',(58.05,-128.289999,0.7564));
#10685 = LINE('',#10686,#10687);
#10686 = CARTESIAN_POINT('',(58.05,-128.289999,0.7564));
#10687 = VECTOR('',#10688,1.);
#10688 = DIRECTION('',(-1.,-7.999999979799E-07,0.));
#10689 = ORIENTED_EDGE('',*,*,#10690,.F.);
#10690 = EDGE_CURVE('',#10691,#10683,#10693,.T.);
#10691 = VERTEX_POINT('',#10692);
#10692 = CARTESIAN_POINT('',(58.699384,-128.29,0.7564));
#10693 = LINE('',#10694,#10695);
#10694 = CARTESIAN_POINT('',(58.699384,-128.29,0.7564));
#10695 = VECTOR('',#10696,1.);
#10696 = DIRECTION('',(-0.999999999999,1.539920905772E-06,0.));
#10697 = ORIENTED_EDGE('',*,*,#10698,.F.);
#10698 = EDGE_CURVE('',#10699,#10691,#10701,.T.);
#10699 = VERTEX_POINT('',#10700);
#10700 = CARTESIAN_POINT('',(62.459999,-124.760458,0.7564));
#10701 = CIRCLE('',#10702,7.500002304249);
#10702 = AXIS2_PLACEMENT_3D('',#10703,#10704,#10705);
#10703 = CARTESIAN_POINT('',(55.759996832331,-121.3899972722,0.7564));
#10704 = DIRECTION('',(0.,0.,-1.));
#10705 = DIRECTION('',(0.893333347894,-0.449394625625,0.));
#10706 = ORIENTED_EDGE('',*,*,#10707,.F.);
#10707 = EDGE_CURVE('',#10708,#10699,#10710,.T.);
#10708 = VERTEX_POINT('',#10709);
#10709 = CARTESIAN_POINT('',(62.459999,-58.39,0.7564));
#10710 = LINE('',#10711,#10712);
#10711 = CARTESIAN_POINT('',(62.459999,-58.39,0.7564));
#10712 = VECTOR('',#10713,1.);
#10713 = DIRECTION('',(0.,-1.,0.));
#10714 = ORIENTED_EDGE('',*,*,#10715,.F.);
#10715 = EDGE_CURVE('',#10716,#10708,#10718,.T.);
#10716 = VERTEX_POINT('',#10717);
#10717 = CARTESIAN_POINT('',(62.259999,-57.990003,0.7564));
#10718 = CIRCLE('',#10719,0.499999957402);
#10719 = AXIS2_PLACEMENT_3D('',#10720,#10721,#10722);
#10720 = CARTESIAN_POINT('',(62.759998957393,-57.99000002129,0.7564));
#10721 = DIRECTION('',(0.,0.,1.));
#10722 = DIRECTION('',(-0.999999999982,-5.957415605674E-06,0.));
#10723 = ORIENTED_EDGE('',*,*,#10724,.F.);
#10724 = EDGE_CURVE('',#10725,#10716,#10727,.T.);
#10725 = VERTEX_POINT('',#10726);
#10726 = CARTESIAN_POINT('',(62.259999,-33.890001,0.7564));
#10727 = LINE('',#10728,#10729);
#10728 = CARTESIAN_POINT('',(62.259999,-33.890001,0.7564));
#10729 = VECTOR('',#10730,1.);
#10730 = DIRECTION('',(0.,-1.,0.));
#10731 = ORIENTED_EDGE('',*,*,#10732,.F.);
#10732 = EDGE_CURVE('',#10733,#10725,#10735,.T.);
#10733 = VERTEX_POINT('',#10734);
#10734 = CARTESIAN_POINT('',(62.76,-33.39,0.7564));
#10735 = CIRCLE('',#10736,0.499999626467);
#10736 = AXIS2_PLACEMENT_3D('',#10737,#10738,#10739);
#10737 = CARTESIAN_POINT('',(62.759998626465,-33.88999962646,0.7564));
#10738 = DIRECTION('',(0.,0.,1.));
#10739 = DIRECTION('',(2.747071198622E-06,0.999999999996,-0.));
#10740 = ORIENTED_EDGE('',*,*,#10741,.F.);
#10741 = EDGE_CURVE('',#9108,#10733,#10742,.T.);
#10742 = LINE('',#10743,#10744);
#10743 = CARTESIAN_POINT('',(63.259999,-33.39,0.7564));
#10744 = VECTOR('',#10745,1.);
#10745 = DIRECTION('',(-1.,0.,0.));
#10746 = ORIENTED_EDGE('',*,*,#9107,.F.);
#10747 = FACE_BOUND('',#10748,.T.);
#10748 = EDGE_LOOP('',(#10749));
#10749 = ORIENTED_EDGE('',*,*,#10750,.T.);
#10750 = EDGE_CURVE('',#10751,#10751,#10753,.T.);
#10751 = VERTEX_POINT('',#10752);
#10752 = CARTESIAN_POINT('',(20.725,-121.86,0.7564));
#10753 = CIRCLE('',#10754,0.3);
#10754 = AXIS2_PLACEMENT_3D('',#10755,#10756,#10757);
#10755 = CARTESIAN_POINT('',(20.725,-121.56,0.7564));
#10756 = DIRECTION('',(-0.,0.,-1.));
#10757 = DIRECTION('',(-0.,-1.,0.));
#10758 = FACE_BOUND('',#10759,.T.);
#10759 = EDGE_LOOP('',(#10760));
#10760 = ORIENTED_EDGE('',*,*,#10761,.T.);
#10761 = EDGE_CURVE('',#10762,#10762,#10764,.T.);
#10762 = VERTEX_POINT('',#10763);
#10763 = CARTESIAN_POINT('',(22.595,-121.86,0.7564));
#10764 = CIRCLE('',#10765,0.3);
#10765 = AXIS2_PLACEMENT_3D('',#10766,#10767,#10768);
#10766 = CARTESIAN_POINT('',(22.595,-121.56,0.7564));
#10767 = DIRECTION('',(-0.,0.,-1.));
#10768 = DIRECTION('',(-0.,-1.,0.));
#10769 = FACE_BOUND('',#10770,.T.);
#10770 = EDGE_LOOP('',(#10771,#10782,#10790,#10799));
#10771 = ORIENTED_EDGE('',*,*,#10772,.T.);
#10772 = EDGE_CURVE('',#10773,#10775,#10777,.T.);
#10773 = VERTEX_POINT('',#10774);
#10774 = CARTESIAN_POINT('',(35.035,-125.35,0.7564));
#10775 = VERTEX_POINT('',#10776);
#10776 = CARTESIAN_POINT('',(34.485,-125.35,0.7564));
#10777 = CIRCLE('',#10778,0.275);
#10778 = AXIS2_PLACEMENT_3D('',#10779,#10780,#10781);
#10779 = CARTESIAN_POINT('',(34.76,-125.35,0.7564));
#10780 = DIRECTION('',(-0.,0.,-1.));
#10781 = DIRECTION('',(-1.,5.167583532801E-14,0.));
#10782 = ORIENTED_EDGE('',*,*,#10783,.T.);
#10783 = EDGE_CURVE('',#10775,#10784,#10786,.T.);
#10784 = VERTEX_POINT('',#10785);
#10785 = CARTESIAN_POINT('',(34.485,-124.25,0.7564));
#10786 = LINE('',#10787,#10788);
#10787 = CARTESIAN_POINT('',(34.485,-62.125,0.7564));
#10788 = VECTOR('',#10789,1.);
#10789 = DIRECTION('',(-0.,1.,0.));
#10790 = ORIENTED_EDGE('',*,*,#10791,.T.);
#10791 = EDGE_CURVE('',#10784,#10792,#10794,.T.);
#10792 = VERTEX_POINT('',#10793);
#10793 = CARTESIAN_POINT('',(35.035,-124.25,0.7564));
#10794 = CIRCLE('',#10795,0.275);
#10795 = AXIS2_PLACEMENT_3D('',#10796,#10797,#10798);
#10796 = CARTESIAN_POINT('',(34.76,-124.25,0.7564));
#10797 = DIRECTION('',(0.,-0.,-1.));
#10798 = DIRECTION('',(1.,-5.167583532801E-14,0.));
#10799 = ORIENTED_EDGE('',*,*,#10800,.T.);
#10800 = EDGE_CURVE('',#10792,#10773,#10801,.T.);
#10801 = LINE('',#10802,#10803);
#10802 = CARTESIAN_POINT('',(35.035,-62.675,0.7564));
#10803 = VECTOR('',#10804,1.);
#10804 = DIRECTION('',(0.,-1.,0.));
#10805 = FACE_BOUND('',#10806,.T.);
#10806 = EDGE_LOOP('',(#10807,#10818,#10827,#10835,#10844,#10852,#10861,
    #10870,#10878,#10887));
#10807 = ORIENTED_EDGE('',*,*,#10808,.F.);
#10808 = EDGE_CURVE('',#10809,#10811,#10813,.T.);
#10809 = VERTEX_POINT('',#10810);
#10810 = CARTESIAN_POINT('',(35.885,-119.965,0.7564));
#10811 = VERTEX_POINT('',#10812);
#10812 = CARTESIAN_POINT('',(35.61,-120.24,0.7564));
#10813 = CIRCLE('',#10814,0.275001245605);
#10814 = AXIS2_PLACEMENT_3D('',#10815,#10816,#10817);
#10815 = CARTESIAN_POINT('',(35.885001245602,-120.2400012456,0.7564));
#10816 = DIRECTION('',(0.,0.,1.));
#10817 = DIRECTION('',(-4.529440269462E-06,0.99999999999,0.));
#10818 = ORIENTED_EDGE('',*,*,#10819,.F.);
#10819 = EDGE_CURVE('',#10820,#10809,#10822,.T.);
#10820 = VERTEX_POINT('',#10821);
#10821 = CARTESIAN_POINT('',(36.16,-120.24,0.7564));
#10822 = CIRCLE('',#10823,0.275001245605);
#10823 = AXIS2_PLACEMENT_3D('',#10824,#10825,#10826);
#10824 = CARTESIAN_POINT('',(35.884998754398,-120.2400012456,0.7564));
#10825 = DIRECTION('',(0.,0.,1.));
#10826 = DIRECTION('',(0.99999999999,4.5294402953E-06,-0.));
#10827 = ORIENTED_EDGE('',*,*,#10828,.F.);
#10828 = EDGE_CURVE('',#10829,#10820,#10831,.T.);
#10829 = VERTEX_POINT('',#10830);
#10830 = CARTESIAN_POINT('',(36.16,-120.465,0.7564));
#10831 = LINE('',#10832,#10833);
#10832 = CARTESIAN_POINT('',(36.16,-120.465,0.7564));
#10833 = VECTOR('',#10834,1.);
#10834 = DIRECTION('',(0.,1.,0.));
#10835 = ORIENTED_EDGE('',*,*,#10836,.F.);
#10836 = EDGE_CURVE('',#10837,#10829,#10839,.T.);
#10837 = VERTEX_POINT('',#10838);
#10838 = CARTESIAN_POINT('',(36.66,-120.965,0.7564));
#10839 = CIRCLE('',#10840,0.500001333575);
#10840 = AXIS2_PLACEMENT_3D('',#10841,#10842,#10843);
#10841 = CARTESIAN_POINT('',(36.660001333573,-120.4649986664,0.7564));
#10842 = DIRECTION('',(0.,0.,-1.));
#10843 = DIRECTION('',(-2.667139205253E-06,-0.999999999996,-0.));
#10844 = ORIENTED_EDGE('',*,*,#10845,.F.);
#10845 = EDGE_CURVE('',#10846,#10837,#10848,.T.);
#10846 = VERTEX_POINT('',#10847);
#10847 = CARTESIAN_POINT('',(36.785,-120.965,0.7564));
#10848 = LINE('',#10849,#10850);
#10849 = CARTESIAN_POINT('',(36.785,-120.965,0.7564));
#10850 = VECTOR('',#10851,1.);
#10851 = DIRECTION('',(-1.,0.,0.));
#10852 = ORIENTED_EDGE('',*,*,#10853,.F.);
#10853 = EDGE_CURVE('',#10854,#10846,#10856,.T.);
#10854 = VERTEX_POINT('',#10855);
#10855 = CARTESIAN_POINT('',(37.06,-121.24,0.7564));
#10856 = CIRCLE('',#10857,0.275001245605);
#10857 = AXIS2_PLACEMENT_3D('',#10858,#10859,#10860);
#10858 = CARTESIAN_POINT('',(36.784998754398,-121.2400012456,0.7564));
#10859 = DIRECTION('',(0.,0.,1.));
#10860 = DIRECTION('',(0.99999999999,4.529440346975E-06,-0.));
#10861 = ORIENTED_EDGE('',*,*,#10862,.F.);
#10862 = EDGE_CURVE('',#10863,#10854,#10865,.T.);
#10863 = VERTEX_POINT('',#10864);
#10864 = CARTESIAN_POINT('',(36.785,-121.515,0.7564));
#10865 = CIRCLE('',#10866,0.275001245605);
#10866 = AXIS2_PLACEMENT_3D('',#10867,#10868,#10869);
#10867 = CARTESIAN_POINT('',(36.784998754398,-121.2399987543,0.7564));
#10868 = DIRECTION('',(0.,0.,1.));
#10869 = DIRECTION('',(4.529440243624E-06,-0.99999999999,0.));
#10870 = ORIENTED_EDGE('',*,*,#10871,.F.);
#10871 = EDGE_CURVE('',#10872,#10863,#10874,.T.);
#10872 = VERTEX_POINT('',#10873);
#10873 = CARTESIAN_POINT('',(35.885,-121.515,0.7564));
#10874 = LINE('',#10875,#10876);
#10875 = CARTESIAN_POINT('',(35.885,-121.515,0.7564));
#10876 = VECTOR('',#10877,1.);
#10877 = DIRECTION('',(1.,0.,0.));
#10878 = ORIENTED_EDGE('',*,*,#10879,.F.);
#10879 = EDGE_CURVE('',#10880,#10872,#10882,.T.);
#10880 = VERTEX_POINT('',#10881);
#10881 = CARTESIAN_POINT('',(35.61,-121.24,0.7564));
#10882 = CIRCLE('',#10883,0.275001245605);
#10883 = AXIS2_PLACEMENT_3D('',#10884,#10885,#10886);
#10884 = CARTESIAN_POINT('',(35.885001245602,-121.2399987543,0.7564));
#10885 = DIRECTION('',(0.,0.,1.));
#10886 = DIRECTION('',(-0.99999999999,-4.529440243624E-06,0.));
#10887 = ORIENTED_EDGE('',*,*,#10888,.F.);
#10888 = EDGE_CURVE('',#10811,#10880,#10889,.T.);
#10889 = LINE('',#10890,#10891);
#10890 = CARTESIAN_POINT('',(35.61,-120.24,0.7564));
#10891 = VECTOR('',#10892,1.);
#10892 = DIRECTION('',(0.,-1.,0.));
#10893 = FACE_BOUND('',#10894,.T.);
#10894 = EDGE_LOOP('',(#10895,#10906,#10914,#10923));
#10895 = ORIENTED_EDGE('',*,*,#10896,.T.);
#10896 = EDGE_CURVE('',#10897,#10899,#10901,.T.);
#10897 = VERTEX_POINT('',#10898);
#10898 = CARTESIAN_POINT('',(47.035,-125.35,0.7564));
#10899 = VERTEX_POINT('',#10900);
#10900 = CARTESIAN_POINT('',(46.485,-125.35,0.7564));
#10901 = CIRCLE('',#10902,0.275);
#10902 = AXIS2_PLACEMENT_3D('',#10903,#10904,#10905);
#10903 = CARTESIAN_POINT('',(46.76,-125.35,0.7564));
#10904 = DIRECTION('',(-0.,0.,-1.));
#10905 = DIRECTION('',(-1.,5.167583532801E-14,0.));
#10906 = ORIENTED_EDGE('',*,*,#10907,.T.);
#10907 = EDGE_CURVE('',#10899,#10908,#10910,.T.);
#10908 = VERTEX_POINT('',#10909);
#10909 = CARTESIAN_POINT('',(46.485,-124.25,0.7564));
#10910 = LINE('',#10911,#10912);
#10911 = CARTESIAN_POINT('',(46.485,-62.125,0.7564));
#10912 = VECTOR('',#10913,1.);
#10913 = DIRECTION('',(-0.,1.,0.));
#10914 = ORIENTED_EDGE('',*,*,#10915,.T.);
#10915 = EDGE_CURVE('',#10908,#10916,#10918,.T.);
#10916 = VERTEX_POINT('',#10917);
#10917 = CARTESIAN_POINT('',(47.035,-124.25,0.7564));
#10918 = CIRCLE('',#10919,0.275);
#10919 = AXIS2_PLACEMENT_3D('',#10920,#10921,#10922);
#10920 = CARTESIAN_POINT('',(46.76,-124.25,0.7564));
#10921 = DIRECTION('',(0.,-0.,-1.));
#10922 = DIRECTION('',(1.,-5.167583532801E-14,0.));
#10923 = ORIENTED_EDGE('',*,*,#10924,.T.);
#10924 = EDGE_CURVE('',#10916,#10897,#10925,.T.);
#10925 = LINE('',#10926,#10927);
#10926 = CARTESIAN_POINT('',(47.035,-62.675,0.7564));
#10927 = VECTOR('',#10928,1.);
#10928 = DIRECTION('',(0.,-1.,0.));
#10929 = FACE_BOUND('',#10930,.T.);
#10930 = EDGE_LOOP('',(#10931));
#10931 = ORIENTED_EDGE('',*,*,#10932,.T.);
#10932 = EDGE_CURVE('',#10933,#10933,#10935,.T.);
#10933 = VERTEX_POINT('',#10934);
#10934 = CARTESIAN_POINT('',(48.55,-127.75,0.7564));
#10935 = CIRCLE('',#10936,0.75);
#10936 = AXIS2_PLACEMENT_3D('',#10937,#10938,#10939);
#10937 = CARTESIAN_POINT('',(48.55,-127.,0.7564));
#10938 = DIRECTION('',(-0.,0.,-1.));
#10939 = DIRECTION('',(-0.,-1.,0.));
#10940 = FACE_BOUND('',#10941,.T.);
#10941 = EDGE_LOOP('',(#10942,#10953,#10961,#10970));
#10942 = ORIENTED_EDGE('',*,*,#10943,.T.);
#10943 = EDGE_CURVE('',#10944,#10946,#10948,.T.);
#10944 = VERTEX_POINT('',#10945);
#10945 = CARTESIAN_POINT('',(48.8005,-123.9205,0.7564));
#10946 = VERTEX_POINT('',#10947);
#10947 = CARTESIAN_POINT('',(49.3005,-123.9205,0.7564));
#10948 = CIRCLE('',#10949,0.25);
#10949 = AXIS2_PLACEMENT_3D('',#10950,#10951,#10952);
#10950 = CARTESIAN_POINT('',(49.0505,-123.9205,0.7564));
#10951 = DIRECTION('',(0.,-0.,-1.));
#10952 = DIRECTION('',(1.,0.,-0.));
#10953 = ORIENTED_EDGE('',*,*,#10954,.T.);
#10954 = EDGE_CURVE('',#10946,#10955,#10957,.T.);
#10955 = VERTEX_POINT('',#10956);
#10956 = CARTESIAN_POINT('',(49.3005,-124.8205,0.7564));
#10957 = LINE('',#10958,#10959);
#10958 = CARTESIAN_POINT('',(49.3005,-62.41025,0.7564));
#10959 = VECTOR('',#10960,1.);
#10960 = DIRECTION('',(0.,-1.,0.));
#10961 = ORIENTED_EDGE('',*,*,#10962,.T.);
#10962 = EDGE_CURVE('',#10955,#10963,#10965,.T.);
#10963 = VERTEX_POINT('',#10964);
#10964 = CARTESIAN_POINT('',(48.8005,-124.8205,0.7564));
#10965 = CIRCLE('',#10966,0.25);
#10966 = AXIS2_PLACEMENT_3D('',#10967,#10968,#10969);
#10967 = CARTESIAN_POINT('',(49.0505,-124.8205,0.7564));
#10968 = DIRECTION('',(-0.,0.,-1.));
#10969 = DIRECTION('',(-1.,0.,0.));
#10970 = ORIENTED_EDGE('',*,*,#10971,.T.);
#10971 = EDGE_CURVE('',#10963,#10944,#10972,.T.);
#10972 = LINE('',#10973,#10974);
#10973 = CARTESIAN_POINT('',(48.8005,-61.96025,0.7564));
#10974 = VECTOR('',#10975,1.);
#10975 = DIRECTION('',(-0.,1.,0.));
#10976 = FACE_BOUND('',#10977,.T.);
#10977 = EDGE_LOOP('',(#10978,#10989,#10997,#11006));
#10978 = ORIENTED_EDGE('',*,*,#10979,.T.);
#10979 = EDGE_CURVE('',#10980,#10982,#10984,.T.);
#10980 = VERTEX_POINT('',#10981);
#10981 = CARTESIAN_POINT('',(48.8005,-120.918,0.7564));
#10982 = VERTEX_POINT('',#10983);
#10983 = CARTESIAN_POINT('',(49.3005,-120.918,0.7564));
#10984 = CIRCLE('',#10985,0.25);
#10985 = AXIS2_PLACEMENT_3D('',#10986,#10987,#10988);
#10986 = CARTESIAN_POINT('',(49.0505,-120.918,0.7564));
#10987 = DIRECTION('',(0.,-0.,-1.));
#10988 = DIRECTION('',(1.,0.,-0.));
#10989 = ORIENTED_EDGE('',*,*,#10990,.T.);
#10990 = EDGE_CURVE('',#10982,#10991,#10993,.T.);
#10991 = VERTEX_POINT('',#10992);
#10992 = CARTESIAN_POINT('',(49.3005,-121.818,0.7564));
#10993 = LINE('',#10994,#10995);
#10994 = CARTESIAN_POINT('',(49.3005,-60.909,0.7564));
#10995 = VECTOR('',#10996,1.);
#10996 = DIRECTION('',(0.,-1.,0.));
#10997 = ORIENTED_EDGE('',*,*,#10998,.T.);
#10998 = EDGE_CURVE('',#10991,#10999,#11001,.T.);
#10999 = VERTEX_POINT('',#11000);
#11000 = CARTESIAN_POINT('',(48.8005,-121.818,0.7564));
#11001 = CIRCLE('',#11002,0.25);
#11002 = AXIS2_PLACEMENT_3D('',#11003,#11004,#11005);
#11003 = CARTESIAN_POINT('',(49.0505,-121.818,0.7564));
#11004 = DIRECTION('',(-0.,0.,-1.));
#11005 = DIRECTION('',(-1.,0.,0.));
#11006 = ORIENTED_EDGE('',*,*,#11007,.T.);
#11007 = EDGE_CURVE('',#10999,#10980,#11008,.T.);
#11008 = LINE('',#11009,#11010);
#11009 = CARTESIAN_POINT('',(48.8005,-60.459,0.7564));
#11010 = VECTOR('',#11011,1.);
#11011 = DIRECTION('',(-0.,1.,0.));
#11012 = FACE_BOUND('',#11013,.T.);
#11013 = EDGE_LOOP('',(#11014,#11025,#11034,#11042,#11051,#11059,#11068,
    #11077,#11085,#11094));
#11014 = ORIENTED_EDGE('',*,*,#11015,.F.);
#11015 = EDGE_CURVE('',#11016,#11018,#11020,.T.);
#11016 = VERTEX_POINT('',#11017);
#11017 = CARTESIAN_POINT('',(45.635,-119.965,0.7564));
#11018 = VERTEX_POINT('',#11019);
#11019 = CARTESIAN_POINT('',(45.36,-120.24,0.7564));
#11020 = CIRCLE('',#11021,0.275001245605);
#11021 = AXIS2_PLACEMENT_3D('',#11022,#11023,#11024);
#11022 = CARTESIAN_POINT('',(45.635001245602,-120.2400012456,0.7564));
#11023 = DIRECTION('',(0.,0.,1.));
#11024 = DIRECTION('',(-4.529440269462E-06,0.99999999999,0.));
#11025 = ORIENTED_EDGE('',*,*,#11026,.F.);
#11026 = EDGE_CURVE('',#11027,#11016,#11029,.T.);
#11027 = VERTEX_POINT('',#11028);
#11028 = CARTESIAN_POINT('',(45.91,-120.24,0.7564));
#11029 = CIRCLE('',#11030,0.275001245605);
#11030 = AXIS2_PLACEMENT_3D('',#11031,#11032,#11033);
#11031 = CARTESIAN_POINT('',(45.634998754398,-120.2400012456,0.7564));
#11032 = DIRECTION('',(0.,0.,1.));
#11033 = DIRECTION('',(0.99999999999,4.5294402953E-06,-0.));
#11034 = ORIENTED_EDGE('',*,*,#11035,.F.);
#11035 = EDGE_CURVE('',#11036,#11027,#11038,.T.);
#11036 = VERTEX_POINT('',#11037);
#11037 = CARTESIAN_POINT('',(45.91,-121.24,0.7564));
#11038 = LINE('',#11039,#11040);
#11039 = CARTESIAN_POINT('',(45.91,-121.24,0.7564));
#11040 = VECTOR('',#11041,1.);
#11041 = DIRECTION('',(0.,1.,0.));
#11042 = ORIENTED_EDGE('',*,*,#11043,.F.);
#11043 = EDGE_CURVE('',#11044,#11036,#11046,.T.);
#11044 = VERTEX_POINT('',#11045);
#11045 = CARTESIAN_POINT('',(45.635,-121.515,0.7564));
#11046 = CIRCLE('',#11047,0.275001245605);
#11047 = AXIS2_PLACEMENT_3D('',#11048,#11049,#11050);
#11048 = CARTESIAN_POINT('',(45.634998754398,-121.2399987543,0.7564));
#11049 = DIRECTION('',(0.,0.,1.));
#11050 = DIRECTION('',(4.529440269462E-06,-0.99999999999,0.));
#11051 = ORIENTED_EDGE('',*,*,#11052,.F.);
#11052 = EDGE_CURVE('',#11053,#11044,#11055,.T.);
#11053 = VERTEX_POINT('',#11054);
#11054 = CARTESIAN_POINT('',(44.735,-121.515,0.7564));
#11055 = LINE('',#11056,#11057);
#11056 = CARTESIAN_POINT('',(44.735,-121.515,0.7564));
#11057 = VECTOR('',#11058,1.);
#11058 = DIRECTION('',(1.,0.,0.));
#11059 = ORIENTED_EDGE('',*,*,#11060,.F.);
#11060 = EDGE_CURVE('',#11061,#11053,#11063,.T.);
#11061 = VERTEX_POINT('',#11062);
#11062 = CARTESIAN_POINT('',(44.46,-121.24,0.7564));
#11063 = CIRCLE('',#11064,0.275001245605);
#11064 = AXIS2_PLACEMENT_3D('',#11065,#11066,#11067);
#11065 = CARTESIAN_POINT('',(44.735001245602,-121.2399987543,0.7564));
#11066 = DIRECTION('',(0.,0.,1.));
#11067 = DIRECTION('',(-0.99999999999,-4.529440191949E-06,0.));
#11068 = ORIENTED_EDGE('',*,*,#11069,.F.);
#11069 = EDGE_CURVE('',#11070,#11061,#11072,.T.);
#11070 = VERTEX_POINT('',#11071);
#11071 = CARTESIAN_POINT('',(44.735,-120.965,0.7564));
#11072 = CIRCLE('',#11073,0.275001245605);
#11073 = AXIS2_PLACEMENT_3D('',#11074,#11075,#11076);
#11074 = CARTESIAN_POINT('',(44.735001245602,-121.2400012456,0.7564));
#11075 = DIRECTION('',(0.,0.,1.));
#11076 = DIRECTION('',(-4.529440243624E-06,0.99999999999,0.));
#11077 = ORIENTED_EDGE('',*,*,#11078,.F.);
#11078 = EDGE_CURVE('',#11079,#11070,#11081,.T.);
#11079 = VERTEX_POINT('',#11080);
#11080 = CARTESIAN_POINT('',(44.86,-120.965,0.7564));
#11081 = LINE('',#11082,#11083);
#11082 = CARTESIAN_POINT('',(44.86,-120.965,0.7564));
#11083 = VECTOR('',#11084,1.);
#11084 = DIRECTION('',(-1.,0.,0.));
#11085 = ORIENTED_EDGE('',*,*,#11086,.F.);
#11086 = EDGE_CURVE('',#11087,#11079,#11089,.T.);
#11087 = VERTEX_POINT('',#11088);
#11088 = CARTESIAN_POINT('',(45.36,-120.465,0.7564));
#11089 = CIRCLE('',#11090,0.500001333575);
#11090 = AXIS2_PLACEMENT_3D('',#11091,#11092,#11093);
#11091 = CARTESIAN_POINT('',(44.859998666427,-120.4649986664,0.7564));
#11092 = DIRECTION('',(0.,0.,-1.));
#11093 = DIRECTION('',(0.999999999996,-2.667139219464E-06,0.));
#11094 = ORIENTED_EDGE('',*,*,#11095,.F.);
#11095 = EDGE_CURVE('',#11018,#11087,#11096,.T.);
#11096 = LINE('',#11097,#11098);
#11097 = CARTESIAN_POINT('',(45.36,-120.24,0.7564));
#11098 = VECTOR('',#11099,1.);
#11099 = DIRECTION('',(0.,-1.,0.));
#11100 = FACE_BOUND('',#11101,.T.);
#11101 = EDGE_LOOP('',(#11102,#11113,#11121,#11130));
#11102 = ORIENTED_EDGE('',*,*,#11103,.T.);
#11103 = EDGE_CURVE('',#11104,#11106,#11108,.T.);
#11104 = VERTEX_POINT('',#11105);
#11105 = CARTESIAN_POINT('',(48.8005,-115.77,0.7564));
#11106 = VERTEX_POINT('',#11107);
#11107 = CARTESIAN_POINT('',(49.3005,-115.77,0.7564));
#11108 = CIRCLE('',#11109,0.25);
#11109 = AXIS2_PLACEMENT_3D('',#11110,#11111,#11112);
#11110 = CARTESIAN_POINT('',(49.0505,-115.77,0.7564));
#11111 = DIRECTION('',(0.,-0.,-1.));
#11112 = DIRECTION('',(1.,0.,-0.));
#11113 = ORIENTED_EDGE('',*,*,#11114,.T.);
#11114 = EDGE_CURVE('',#11106,#11115,#11117,.T.);
#11115 = VERTEX_POINT('',#11116);
#11116 = CARTESIAN_POINT('',(49.3005,-116.77,0.7564));
#11117 = LINE('',#11118,#11119);
#11118 = CARTESIAN_POINT('',(49.3005,-58.385,0.7564));
#11119 = VECTOR('',#11120,1.);
#11120 = DIRECTION('',(0.,-1.,0.));
#11121 = ORIENTED_EDGE('',*,*,#11122,.T.);
#11122 = EDGE_CURVE('',#11115,#11123,#11125,.T.);
#11123 = VERTEX_POINT('',#11124);
#11124 = CARTESIAN_POINT('',(48.8005,-116.77,0.7564));
#11125 = CIRCLE('',#11126,0.25);
#11126 = AXIS2_PLACEMENT_3D('',#11127,#11128,#11129);
#11127 = CARTESIAN_POINT('',(49.0505,-116.77,0.7564));
#11128 = DIRECTION('',(-0.,0.,-1.));
#11129 = DIRECTION('',(-1.,0.,0.));
#11130 = ORIENTED_EDGE('',*,*,#11131,.T.);
#11131 = EDGE_CURVE('',#11123,#11104,#11132,.T.);
#11132 = LINE('',#11133,#11134);
#11133 = CARTESIAN_POINT('',(48.8005,-57.885,0.7564));
#11134 = VECTOR('',#11135,1.);
#11135 = DIRECTION('',(-0.,1.,0.));
#11136 = FACE_BOUND('',#11137,.T.);
#11137 = EDGE_LOOP('',(#11138));
#11138 = ORIENTED_EDGE('',*,*,#11139,.T.);
#11139 = EDGE_CURVE('',#11140,#11140,#11142,.T.);
#11140 = VERTEX_POINT('',#11141);
#11141 = CARTESIAN_POINT('',(58.06,-127.75,0.7564));
#11142 = CIRCLE('',#11143,0.75);
#11143 = AXIS2_PLACEMENT_3D('',#11144,#11145,#11146);
#11144 = CARTESIAN_POINT('',(58.06,-127.,0.7564));
#11145 = DIRECTION('',(-0.,0.,-1.));
#11146 = DIRECTION('',(-0.,-1.,0.));
#11147 = FACE_BOUND('',#11148,.T.);
#11148 = EDGE_LOOP('',(#11149,#11160,#11168,#11177));
#11149 = ORIENTED_EDGE('',*,*,#11150,.T.);
#11150 = EDGE_CURVE('',#11151,#11153,#11155,.T.);
#11151 = VERTEX_POINT('',#11152);
#11152 = CARTESIAN_POINT('',(57.2995,-124.52,0.7564));
#11153 = VERTEX_POINT('',#11154);
#11154 = CARTESIAN_POINT('',(57.7995,-124.52,0.7564));
#11155 = CIRCLE('',#11156,0.25);
#11156 = AXIS2_PLACEMENT_3D('',#11157,#11158,#11159);
#11157 = CARTESIAN_POINT('',(57.5495,-124.52,0.7564));
#11158 = DIRECTION('',(0.,-0.,-1.));
#11159 = DIRECTION('',(1.,0.,-0.));
#11160 = ORIENTED_EDGE('',*,*,#11161,.T.);
#11161 = EDGE_CURVE('',#11153,#11162,#11164,.T.);
#11162 = VERTEX_POINT('',#11163);
#11163 = CARTESIAN_POINT('',(57.7995,-125.42,0.7564));
#11164 = LINE('',#11165,#11166);
#11165 = CARTESIAN_POINT('',(57.7995,-62.71,0.7564));
#11166 = VECTOR('',#11167,1.);
#11167 = DIRECTION('',(0.,-1.,0.));
#11168 = ORIENTED_EDGE('',*,*,#11169,.T.);
#11169 = EDGE_CURVE('',#11162,#11170,#11172,.T.);
#11170 = VERTEX_POINT('',#11171);
#11171 = CARTESIAN_POINT('',(57.2995,-125.42,0.7564));
#11172 = CIRCLE('',#11173,0.25);
#11173 = AXIS2_PLACEMENT_3D('',#11174,#11175,#11176);
#11174 = CARTESIAN_POINT('',(57.5495,-125.42,0.7564));
#11175 = DIRECTION('',(-0.,0.,-1.));
#11176 = DIRECTION('',(-1.,0.,0.));
#11177 = ORIENTED_EDGE('',*,*,#11178,.T.);
#11178 = EDGE_CURVE('',#11170,#11151,#11179,.T.);
#11179 = LINE('',#11180,#11181);
#11180 = CARTESIAN_POINT('',(57.2995,-62.26,0.7564));
#11181 = VECTOR('',#11182,1.);
#11182 = DIRECTION('',(-0.,1.,0.));
#11183 = FACE_BOUND('',#11184,.T.);
#11184 = EDGE_LOOP('',(#11185));
#11185 = ORIENTED_EDGE('',*,*,#11186,.T.);
#11186 = EDGE_CURVE('',#11187,#11187,#11189,.T.);
#11187 = VERTEX_POINT('',#11188);
#11188 = CARTESIAN_POINT('',(59.859731,-124.726346,0.7564));
#11189 = CIRCLE('',#11190,0.15);
#11190 = AXIS2_PLACEMENT_3D('',#11191,#11192,#11193);
#11191 = CARTESIAN_POINT('',(59.859731,-124.576346,0.7564));
#11192 = DIRECTION('',(-0.,0.,-1.));
#11193 = DIRECTION('',(-0.,-1.,0.));
#11194 = FACE_BOUND('',#11195,.T.);
#11195 = EDGE_LOOP('',(#11196,#11207,#11215,#11224));
#11196 = ORIENTED_EDGE('',*,*,#11197,.T.);
#11197 = EDGE_CURVE('',#11198,#11200,#11202,.T.);
#11198 = VERTEX_POINT('',#11199);
#11199 = CARTESIAN_POINT('',(57.2995,-121.0195,0.7564));
#11200 = VERTEX_POINT('',#11201);
#11201 = CARTESIAN_POINT('',(57.7995,-121.0195,0.7564));
#11202 = CIRCLE('',#11203,0.25);
#11203 = AXIS2_PLACEMENT_3D('',#11204,#11205,#11206);
#11204 = CARTESIAN_POINT('',(57.5495,-121.0195,0.7564));
#11205 = DIRECTION('',(0.,-0.,-1.));
#11206 = DIRECTION('',(1.,0.,-0.));
#11207 = ORIENTED_EDGE('',*,*,#11208,.T.);
#11208 = EDGE_CURVE('',#11200,#11209,#11211,.T.);
#11209 = VERTEX_POINT('',#11210);
#11210 = CARTESIAN_POINT('',(57.7995,-121.9195,0.7564));
#11211 = LINE('',#11212,#11213);
#11212 = CARTESIAN_POINT('',(57.7995,-60.95975,0.7564));
#11213 = VECTOR('',#11214,1.);
#11214 = DIRECTION('',(0.,-1.,0.));
#11215 = ORIENTED_EDGE('',*,*,#11216,.T.);
#11216 = EDGE_CURVE('',#11209,#11217,#11219,.T.);
#11217 = VERTEX_POINT('',#11218);
#11218 = CARTESIAN_POINT('',(57.2995,-121.9195,0.7564));
#11219 = CIRCLE('',#11220,0.25);
#11220 = AXIS2_PLACEMENT_3D('',#11221,#11222,#11223);
#11221 = CARTESIAN_POINT('',(57.5495,-121.9195,0.7564));
#11222 = DIRECTION('',(-0.,0.,-1.));
#11223 = DIRECTION('',(-1.,0.,0.));
#11224 = ORIENTED_EDGE('',*,*,#11225,.T.);
#11225 = EDGE_CURVE('',#11217,#11198,#11226,.T.);
#11226 = LINE('',#11227,#11228);
#11227 = CARTESIAN_POINT('',(57.2995,-60.50975,0.7564));
#11228 = VECTOR('',#11229,1.);
#11229 = DIRECTION('',(-0.,1.,0.));
#11230 = FACE_BOUND('',#11231,.T.);
#11231 = EDGE_LOOP('',(#11232,#11243,#11251,#11260));
#11232 = ORIENTED_EDGE('',*,*,#11233,.T.);
#11233 = EDGE_CURVE('',#11234,#11236,#11238,.T.);
#11234 = VERTEX_POINT('',#11235);
#11235 = CARTESIAN_POINT('',(57.2995,-115.77,0.7564));
#11236 = VERTEX_POINT('',#11237);
#11237 = CARTESIAN_POINT('',(57.7995,-115.77,0.7564));
#11238 = CIRCLE('',#11239,0.25);
#11239 = AXIS2_PLACEMENT_3D('',#11240,#11241,#11242);
#11240 = CARTESIAN_POINT('',(57.5495,-115.77,0.7564));
#11241 = DIRECTION('',(0.,-0.,-1.));
#11242 = DIRECTION('',(1.,0.,-0.));
#11243 = ORIENTED_EDGE('',*,*,#11244,.T.);
#11244 = EDGE_CURVE('',#11236,#11245,#11247,.T.);
#11245 = VERTEX_POINT('',#11246);
#11246 = CARTESIAN_POINT('',(57.7995,-116.77,0.7564));
#11247 = LINE('',#11248,#11249);
#11248 = CARTESIAN_POINT('',(57.7995,-58.385,0.7564));
#11249 = VECTOR('',#11250,1.);
#11250 = DIRECTION('',(0.,-1.,0.));
#11251 = ORIENTED_EDGE('',*,*,#11252,.T.);
#11252 = EDGE_CURVE('',#11245,#11253,#11255,.T.);
#11253 = VERTEX_POINT('',#11254);
#11254 = CARTESIAN_POINT('',(57.2995,-116.77,0.7564));
#11255 = CIRCLE('',#11256,0.25);
#11256 = AXIS2_PLACEMENT_3D('',#11257,#11258,#11259);
#11257 = CARTESIAN_POINT('',(57.5495,-116.77,0.7564));
#11258 = DIRECTION('',(-0.,0.,-1.));
#11259 = DIRECTION('',(-1.,0.,0.));
#11260 = ORIENTED_EDGE('',*,*,#11261,.T.);
#11261 = EDGE_CURVE('',#11253,#11234,#11262,.T.);
#11262 = LINE('',#11263,#11264);
#11263 = CARTESIAN_POINT('',(57.2995,-57.885,0.7564));
#11264 = VECTOR('',#11265,1.);
#11265 = DIRECTION('',(-0.,1.,0.));
#11266 = FACE_BOUND('',#11267,.T.);
#11267 = EDGE_LOOP('',(#11268));
#11268 = ORIENTED_EDGE('',*,*,#11269,.T.);
#11269 = EDGE_CURVE('',#11270,#11270,#11272,.T.);
#11270 = VERTEX_POINT('',#11271);
#11271 = CARTESIAN_POINT('',(19.1,-41.025,0.7564));
#11272 = CIRCLE('',#11273,0.425);
#11273 = AXIS2_PLACEMENT_3D('',#11274,#11275,#11276);
#11274 = CARTESIAN_POINT('',(19.1,-40.6,0.7564));
#11275 = DIRECTION('',(-0.,0.,-1.));
#11276 = DIRECTION('',(-0.,-1.,0.));
#11277 = FACE_BOUND('',#11278,.T.);
#11278 = EDGE_LOOP('',(#11279));
#11279 = ORIENTED_EDGE('',*,*,#11280,.T.);
#11280 = EDGE_CURVE('',#11281,#11281,#11283,.T.);
#11281 = VERTEX_POINT('',#11282);
#11282 = CARTESIAN_POINT('',(19.11,-24.905,0.7564));
#11283 = CIRCLE('',#11284,0.425);
#11284 = AXIS2_PLACEMENT_3D('',#11285,#11286,#11287);
#11285 = CARTESIAN_POINT('',(19.11,-24.48,0.7564));
#11286 = DIRECTION('',(-0.,0.,-1.));
#11287 = DIRECTION('',(-0.,-1.,0.));
#11288 = FACE_BOUND('',#11289,.T.);
#11289 = EDGE_LOOP('',(#11290));
#11290 = ORIENTED_EDGE('',*,*,#11291,.T.);
#11291 = EDGE_CURVE('',#11292,#11292,#11294,.T.);
#11292 = VERTEX_POINT('',#11293);
#11293 = CARTESIAN_POINT('',(21.866,-26.039,0.7564));
#11294 = CIRCLE('',#11295,0.75);
#11295 = AXIS2_PLACEMENT_3D('',#11296,#11297,#11298);
#11296 = CARTESIAN_POINT('',(21.866,-25.289,0.7564));
#11297 = DIRECTION('',(-0.,0.,-1.));
#11298 = DIRECTION('',(-0.,-1.,0.));
#11299 = FACE_BOUND('',#11300,.T.);
#11300 = EDGE_LOOP('',(#11301));
#11301 = ORIENTED_EDGE('',*,*,#11302,.T.);
#11302 = EDGE_CURVE('',#11303,#11303,#11305,.T.);
#11303 = VERTEX_POINT('',#11304);
#11304 = CARTESIAN_POINT('',(31.35,-45.47,0.7564));
#11305 = CIRCLE('',#11306,1.E-01);
#11306 = AXIS2_PLACEMENT_3D('',#11307,#11308,#11309);
#11307 = CARTESIAN_POINT('',(31.35,-45.37,0.7564));
#11308 = DIRECTION('',(-0.,0.,-1.));
#11309 = DIRECTION('',(-0.,-1.,0.));
#11310 = FACE_BOUND('',#11311,.T.);
#11311 = EDGE_LOOP('',(#11312));
#11312 = ORIENTED_EDGE('',*,*,#11313,.T.);
#11313 = EDGE_CURVE('',#11314,#11314,#11316,.T.);
#11314 = VERTEX_POINT('',#11315);
#11315 = CARTESIAN_POINT('',(32.45,-45.47,0.7564));
#11316 = CIRCLE('',#11317,1.E-01);
#11317 = AXIS2_PLACEMENT_3D('',#11318,#11319,#11320);
#11318 = CARTESIAN_POINT('',(32.45,-45.37,0.7564));
#11319 = DIRECTION('',(-0.,0.,-1.));
#11320 = DIRECTION('',(-0.,-1.,0.));
#11321 = FACE_BOUND('',#11322,.T.);
#11322 = EDGE_LOOP('',(#11323));
#11323 = ORIENTED_EDGE('',*,*,#11324,.T.);
#11324 = EDGE_CURVE('',#11325,#11325,#11327,.T.);
#11325 = VERTEX_POINT('',#11326);
#11326 = CARTESIAN_POINT('',(36.7,-50.085,0.7564));
#11327 = CIRCLE('',#11328,0.15);
#11328 = AXIS2_PLACEMENT_3D('',#11329,#11330,#11331);
#11329 = CARTESIAN_POINT('',(36.7,-49.935,0.7564));
#11330 = DIRECTION('',(-0.,0.,-1.));
#11331 = DIRECTION('',(-0.,-1.,0.));
#11332 = FACE_BOUND('',#11333,.T.);
#11333 = EDGE_LOOP('',(#11334));
#11334 = ORIENTED_EDGE('',*,*,#11335,.T.);
#11335 = EDGE_CURVE('',#11336,#11336,#11338,.T.);
#11336 = VERTEX_POINT('',#11337);
#11337 = CARTESIAN_POINT('',(36.7,-49.085,0.7564));
#11338 = CIRCLE('',#11339,0.15);
#11339 = AXIS2_PLACEMENT_3D('',#11340,#11341,#11342);
#11340 = CARTESIAN_POINT('',(36.7,-48.935,0.7564));
#11341 = DIRECTION('',(-0.,0.,-1.));
#11342 = DIRECTION('',(-0.,-1.,0.));
#11343 = FACE_BOUND('',#11344,.T.);
#11344 = EDGE_LOOP('',(#11345));
#11345 = ORIENTED_EDGE('',*,*,#11346,.T.);
#11346 = EDGE_CURVE('',#11347,#11347,#11349,.T.);
#11347 = VERTEX_POINT('',#11348);
#11348 = CARTESIAN_POINT('',(36.7,-48.085,0.7564));
#11349 = CIRCLE('',#11350,0.15);
#11350 = AXIS2_PLACEMENT_3D('',#11351,#11352,#11353);
#11351 = CARTESIAN_POINT('',(36.7,-47.935,0.7564));
#11352 = DIRECTION('',(-0.,0.,-1.));
#11353 = DIRECTION('',(-0.,-1.,0.));
#11354 = FACE_BOUND('',#11355,.T.);
#11355 = EDGE_LOOP('',(#11356));
#11356 = ORIENTED_EDGE('',*,*,#11357,.T.);
#11357 = EDGE_CURVE('',#11358,#11358,#11360,.T.);
#11358 = VERTEX_POINT('',#11359);
#11359 = CARTESIAN_POINT('',(37.7,-50.085,0.7564));
#11360 = CIRCLE('',#11361,0.15);
#11361 = AXIS2_PLACEMENT_3D('',#11362,#11363,#11364);
#11362 = CARTESIAN_POINT('',(37.7,-49.935,0.7564));
#11363 = DIRECTION('',(-0.,0.,-1.));
#11364 = DIRECTION('',(-0.,-1.,0.));
#11365 = FACE_BOUND('',#11366,.T.);
#11366 = EDGE_LOOP('',(#11367));
#11367 = ORIENTED_EDGE('',*,*,#11368,.T.);
#11368 = EDGE_CURVE('',#11369,#11369,#11371,.T.);
#11369 = VERTEX_POINT('',#11370);
#11370 = CARTESIAN_POINT('',(37.7,-49.085,0.7564));
#11371 = CIRCLE('',#11372,0.15);
#11372 = AXIS2_PLACEMENT_3D('',#11373,#11374,#11375);
#11373 = CARTESIAN_POINT('',(37.7,-48.935,0.7564));
#11374 = DIRECTION('',(-0.,0.,-1.));
#11375 = DIRECTION('',(-0.,-1.,0.));
#11376 = FACE_BOUND('',#11377,.T.);
#11377 = EDGE_LOOP('',(#11378));
#11378 = ORIENTED_EDGE('',*,*,#11379,.T.);
#11379 = EDGE_CURVE('',#11380,#11380,#11382,.T.);
#11380 = VERTEX_POINT('',#11381);
#11381 = CARTESIAN_POINT('',(37.7,-48.085,0.7564));
#11382 = CIRCLE('',#11383,0.15);
#11383 = AXIS2_PLACEMENT_3D('',#11384,#11385,#11386);
#11384 = CARTESIAN_POINT('',(37.7,-47.935,0.7564));
#11385 = DIRECTION('',(-0.,0.,-1.));
#11386 = DIRECTION('',(-0.,-1.,0.));
#11387 = FACE_BOUND('',#11388,.T.);
#11388 = EDGE_LOOP('',(#11389));
#11389 = ORIENTED_EDGE('',*,*,#11390,.T.);
#11390 = EDGE_CURVE('',#11391,#11391,#11393,.T.);
#11391 = VERTEX_POINT('',#11392);
#11392 = CARTESIAN_POINT('',(38.7,-50.085,0.7564));
#11393 = CIRCLE('',#11394,0.15);
#11394 = AXIS2_PLACEMENT_3D('',#11395,#11396,#11397);
#11395 = CARTESIAN_POINT('',(38.7,-49.935,0.7564));
#11396 = DIRECTION('',(-0.,0.,-1.));
#11397 = DIRECTION('',(-0.,-1.,0.));
#11398 = FACE_BOUND('',#11399,.T.);
#11399 = EDGE_LOOP('',(#11400));
#11400 = ORIENTED_EDGE('',*,*,#11401,.T.);
#11401 = EDGE_CURVE('',#11402,#11402,#11404,.T.);
#11402 = VERTEX_POINT('',#11403);
#11403 = CARTESIAN_POINT('',(38.7,-49.085,0.7564));
#11404 = CIRCLE('',#11405,0.15);
#11405 = AXIS2_PLACEMENT_3D('',#11406,#11407,#11408);
#11406 = CARTESIAN_POINT('',(38.7,-48.935,0.7564));
#11407 = DIRECTION('',(-0.,0.,-1.));
#11408 = DIRECTION('',(-0.,-1.,0.));
#11409 = FACE_BOUND('',#11410,.T.);
#11410 = EDGE_LOOP('',(#11411));
#11411 = ORIENTED_EDGE('',*,*,#11412,.T.);
#11412 = EDGE_CURVE('',#11413,#11413,#11415,.T.);
#11413 = VERTEX_POINT('',#11414);
#11414 = CARTESIAN_POINT('',(38.7,-48.085,0.7564));
#11415 = CIRCLE('',#11416,0.15);
#11416 = AXIS2_PLACEMENT_3D('',#11417,#11418,#11419);
#11417 = CARTESIAN_POINT('',(38.7,-47.935,0.7564));
#11418 = DIRECTION('',(-0.,0.,-1.));
#11419 = DIRECTION('',(-0.,-1.,0.));
#11420 = FACE_BOUND('',#11421,.T.);
#11421 = EDGE_LOOP('',(#11422));
#11422 = ORIENTED_EDGE('',*,*,#11423,.T.);
#11423 = EDGE_CURVE('',#11424,#11424,#11426,.T.);
#11424 = VERTEX_POINT('',#11425);
#11425 = CARTESIAN_POINT('',(50.37,-65.14245,0.7564));
#11426 = CIRCLE('',#11427,1.18745);
#11427 = AXIS2_PLACEMENT_3D('',#11428,#11429,#11430);
#11428 = CARTESIAN_POINT('',(50.37,-63.955,0.7564));
#11429 = DIRECTION('',(-0.,0.,-1.));
#11430 = DIRECTION('',(-5.983769723021E-15,-1.,0.));
#11431 = FACE_BOUND('',#11432,.T.);
#11432 = EDGE_LOOP('',(#11433));
#11433 = ORIENTED_EDGE('',*,*,#11434,.T.);
#11434 = EDGE_CURVE('',#11435,#11435,#11437,.T.);
#11435 = VERTEX_POINT('',#11436);
#11436 = CARTESIAN_POINT('',(53.545,-65.14245,0.7564));
#11437 = CIRCLE('',#11438,1.18745);
#11438 = AXIS2_PLACEMENT_3D('',#11439,#11440,#11441);
#11439 = CARTESIAN_POINT('',(53.545,-63.955,0.7564));
#11440 = DIRECTION('',(-0.,0.,-1.));
#11441 = DIRECTION('',(-0.,-1.,0.));
#11442 = FACE_BOUND('',#11443,.T.);
#11443 = EDGE_LOOP('',(#11444));
#11444 = ORIENTED_EDGE('',*,*,#11445,.T.);
#11445 = EDGE_CURVE('',#11446,#11446,#11448,.T.);
#11446 = VERTEX_POINT('',#11447);
#11447 = CARTESIAN_POINT('',(50.37,-61.9103,0.7564));
#11448 = CIRCLE('',#11449,0.4953);
#11449 = AXIS2_PLACEMENT_3D('',#11450,#11451,#11452);
#11450 = CARTESIAN_POINT('',(50.37,-61.415,0.7564));
#11451 = DIRECTION('',(-0.,0.,-1.));
#11452 = DIRECTION('',(-0.,-1.,0.));
#11453 = FACE_BOUND('',#11454,.T.);
#11454 = EDGE_LOOP('',(#11455));
#11455 = ORIENTED_EDGE('',*,*,#11456,.T.);
#11456 = EDGE_CURVE('',#11457,#11457,#11459,.T.);
#11457 = VERTEX_POINT('',#11458);
#11458 = CARTESIAN_POINT('',(50.37,-60.06245,0.7564));
#11459 = CIRCLE('',#11460,1.18745);
#11460 = AXIS2_PLACEMENT_3D('',#11461,#11462,#11463);
#11461 = CARTESIAN_POINT('',(50.37,-58.875,0.7564));
#11462 = DIRECTION('',(-0.,0.,-1.));
#11463 = DIRECTION('',(-5.983769723021E-15,-1.,0.));
#11464 = FACE_BOUND('',#11465,.T.);
#11465 = EDGE_LOOP('',(#11466));
#11466 = ORIENTED_EDGE('',*,*,#11467,.T.);
#11467 = EDGE_CURVE('',#11468,#11468,#11470,.T.);
#11468 = VERTEX_POINT('',#11469);
#11469 = CARTESIAN_POINT('',(53.545,-60.06245,0.7564));
#11470 = CIRCLE('',#11471,1.18745);
#11471 = AXIS2_PLACEMENT_3D('',#11472,#11473,#11474);
#11472 = CARTESIAN_POINT('',(53.545,-58.875,0.7564));
#11473 = DIRECTION('',(-0.,0.,-1.));
#11474 = DIRECTION('',(-0.,-1.,0.));
#11475 = FACE_BOUND('',#11476,.T.);
#11476 = EDGE_LOOP('',(#11477));
#11477 = ORIENTED_EDGE('',*,*,#11478,.T.);
#11478 = EDGE_CURVE('',#11479,#11479,#11481,.T.);
#11479 = VERTEX_POINT('',#11480);
#11480 = CARTESIAN_POINT('',(55.45,-62.9263,0.7564));
#11481 = CIRCLE('',#11482,0.4953);
#11482 = AXIS2_PLACEMENT_3D('',#11483,#11484,#11485);
#11483 = CARTESIAN_POINT('',(55.45,-62.431,0.7564));
#11484 = DIRECTION('',(-0.,0.,-1.));
#11485 = DIRECTION('',(-0.,-1.,0.));
#11486 = FACE_BOUND('',#11487,.T.);
#11487 = EDGE_LOOP('',(#11488));
#11488 = ORIENTED_EDGE('',*,*,#11489,.T.);
#11489 = EDGE_CURVE('',#11490,#11490,#11492,.T.);
#11490 = VERTEX_POINT('',#11491);
#11491 = CARTESIAN_POINT('',(55.45,-60.8943,0.7564));
#11492 = CIRCLE('',#11493,0.4953);
#11493 = AXIS2_PLACEMENT_3D('',#11494,#11495,#11496);
#11494 = CARTESIAN_POINT('',(55.45,-60.399,0.7564));
#11495 = DIRECTION('',(-0.,0.,-1.));
#11496 = DIRECTION('',(-0.,-1.,0.));
#11497 = FACE_BOUND('',#11498,.T.);
#11498 = EDGE_LOOP('',(#11499));
#11499 = ORIENTED_EDGE('',*,*,#11500,.T.);
#11500 = EDGE_CURVE('',#11501,#11501,#11503,.T.);
#11501 = VERTEX_POINT('',#11502);
#11502 = CARTESIAN_POINT('',(41.8,-45.415,0.7564));
#11503 = CIRCLE('',#11504,0.15);
#11504 = AXIS2_PLACEMENT_3D('',#11505,#11506,#11507);
#11505 = CARTESIAN_POINT('',(41.8,-45.265,0.7564));
#11506 = DIRECTION('',(-0.,0.,-1.));
#11507 = DIRECTION('',(-0.,-1.,0.));
#11508 = FACE_BOUND('',#11509,.T.);
#11509 = EDGE_LOOP('',(#11510));
#11510 = ORIENTED_EDGE('',*,*,#11511,.T.);
#11511 = EDGE_CURVE('',#11512,#11512,#11514,.T.);
#11512 = VERTEX_POINT('',#11513);
#11513 = CARTESIAN_POINT('',(41.8,-44.415,0.7564));
#11514 = CIRCLE('',#11515,0.15);
#11515 = AXIS2_PLACEMENT_3D('',#11516,#11517,#11518);
#11516 = CARTESIAN_POINT('',(41.8,-44.265,0.7564));
#11517 = DIRECTION('',(-0.,0.,-1.));
#11518 = DIRECTION('',(-0.,-1.,0.));
#11519 = FACE_BOUND('',#11520,.T.);
#11520 = EDGE_LOOP('',(#11521));
#11521 = ORIENTED_EDGE('',*,*,#11522,.T.);
#11522 = EDGE_CURVE('',#11523,#11523,#11525,.T.);
#11523 = VERTEX_POINT('',#11524);
#11524 = CARTESIAN_POINT('',(42.7,-45.415,0.7564));
#11525 = CIRCLE('',#11526,0.15);
#11526 = AXIS2_PLACEMENT_3D('',#11527,#11528,#11529);
#11527 = CARTESIAN_POINT('',(42.7,-45.265,0.7564));
#11528 = DIRECTION('',(-0.,0.,-1.));
#11529 = DIRECTION('',(-0.,-1.,0.));
#11530 = FACE_BOUND('',#11531,.T.);
#11531 = EDGE_LOOP('',(#11532));
#11532 = ORIENTED_EDGE('',*,*,#11533,.T.);
#11533 = EDGE_CURVE('',#11534,#11534,#11536,.T.);
#11534 = VERTEX_POINT('',#11535);
#11535 = CARTESIAN_POINT('',(42.7,-44.415,0.7564));
#11536 = CIRCLE('',#11537,0.15);
#11537 = AXIS2_PLACEMENT_3D('',#11538,#11539,#11540);
#11538 = CARTESIAN_POINT('',(42.7,-44.265,0.7564));
#11539 = DIRECTION('',(-0.,0.,-1.));
#11540 = DIRECTION('',(-0.,-1.,0.));
#11541 = FACE_BOUND('',#11542,.T.);
#11542 = EDGE_LOOP('',(#11543));
#11543 = ORIENTED_EDGE('',*,*,#11544,.T.);
#11544 = EDGE_CURVE('',#11545,#11545,#11547,.T.);
#11545 = VERTEX_POINT('',#11546);
#11546 = CARTESIAN_POINT('',(43.6,-45.415,0.7564));
#11547 = CIRCLE('',#11548,0.15);
#11548 = AXIS2_PLACEMENT_3D('',#11549,#11550,#11551);
#11549 = CARTESIAN_POINT('',(43.6,-45.265,0.7564));
#11550 = DIRECTION('',(-0.,0.,-1.));
#11551 = DIRECTION('',(-0.,-1.,0.));
#11552 = FACE_BOUND('',#11553,.T.);
#11553 = EDGE_LOOP('',(#11554));
#11554 = ORIENTED_EDGE('',*,*,#11555,.T.);
#11555 = EDGE_CURVE('',#11556,#11556,#11558,.T.);
#11556 = VERTEX_POINT('',#11557);
#11557 = CARTESIAN_POINT('',(43.6,-44.415,0.7564));
#11558 = CIRCLE('',#11559,0.15);
#11559 = AXIS2_PLACEMENT_3D('',#11560,#11561,#11562);
#11560 = CARTESIAN_POINT('',(43.6,-44.265,0.7564));
#11561 = DIRECTION('',(-0.,0.,-1.));
#11562 = DIRECTION('',(-0.,-1.,0.));
#11563 = FACE_BOUND('',#11564,.T.);
#11564 = EDGE_LOOP('',(#11565));
#11565 = ORIENTED_EDGE('',*,*,#11566,.T.);
#11566 = EDGE_CURVE('',#11567,#11567,#11569,.T.);
#11567 = VERTEX_POINT('',#11568);
#11568 = CARTESIAN_POINT('',(44.256,-41.089,0.7564));
#11569 = CIRCLE('',#11570,0.5);
#11570 = AXIS2_PLACEMENT_3D('',#11571,#11572,#11573);
#11571 = CARTESIAN_POINT('',(44.256,-40.589,0.7564));
#11572 = DIRECTION('',(-0.,0.,-1.));
#11573 = DIRECTION('',(-0.,-1.,0.));
#11574 = PLANE('',#11575);
#11575 = AXIS2_PLACEMENT_3D('',#11576,#11577,#11578);
#11576 = CARTESIAN_POINT('',(0.,0.,0.7564));
#11577 = DIRECTION('',(0.,0.,1.));
#11578 = DIRECTION('',(1.,0.,-0.));
#11579 = ADVANCED_FACE('',(#11580),#11591,.T.);
#11580 = FACE_BOUND('',#11581,.T.);
#11581 = EDGE_LOOP('',(#11582,#11588,#11589,#11590));
#11582 = ORIENTED_EDGE('',*,*,#11583,.T.);
#11583 = EDGE_CURVE('',#9140,#10363,#11584,.T.);
#11584 = LINE('',#11585,#11586);
#11585 = CARTESIAN_POINT('',(18.259999,-22.89,0.));
#11586 = VECTOR('',#11587,1.);
#11587 = DIRECTION('',(0.,0.,1.));
#11588 = ORIENTED_EDGE('',*,*,#10362,.T.);
#11589 = ORIENTED_EDGE('',*,*,#9075,.F.);
#11590 = ORIENTED_EDGE('',*,*,#9139,.F.);
#11591 = CYLINDRICAL_SURFACE('',#11592,1.99999850585);
#11592 = AXIS2_PLACEMENT_3D('',#11593,#11594,#11595);
#11593 = CARTESIAN_POINT('',(20.25999750585,-22.88999850585,0.));
#11594 = DIRECTION('',(0.,0.,-1.));
#11595 = DIRECTION('',(-1.,-7.470757438357E-07,-0.));
#11596 = ADVANCED_FACE('',(#11597),#11608,.T.);
#11597 = FACE_BOUND('',#11598,.T.);
#11598 = EDGE_LOOP('',(#11599,#11600,#11601,#11607));
#11599 = ORIENTED_EDGE('',*,*,#9115,.T.);
#11600 = ORIENTED_EDGE('',*,*,#10741,.T.);
#11601 = ORIENTED_EDGE('',*,*,#11602,.F.);
#11602 = EDGE_CURVE('',#9510,#10733,#11603,.T.);
#11603 = LINE('',#11604,#11605);
#11604 = CARTESIAN_POINT('',(62.76,-33.39,0.));
#11605 = VECTOR('',#11606,1.);
#11606 = DIRECTION('',(0.,0.,1.));
#11607 = ORIENTED_EDGE('',*,*,#9518,.F.);
#11608 = PLANE('',#11609);
#11609 = AXIS2_PLACEMENT_3D('',#11610,#11611,#11612);
#11610 = CARTESIAN_POINT('',(63.259999,-33.39,0.));
#11611 = DIRECTION('',(0.,-1.,0.));
#11612 = DIRECTION('',(-1.,0.,0.));
#11613 = ADVANCED_FACE('',(#11614),#11625,.T.);
#11614 = FACE_BOUND('',#11615,.T.);
#11615 = EDGE_LOOP('',(#11616,#11622,#11623,#11624));
#11616 = ORIENTED_EDGE('',*,*,#11617,.T.);
#11617 = EDGE_CURVE('',#9149,#10372,#11618,.T.);
#11618 = LINE('',#11619,#11620);
#11619 = CARTESIAN_POINT('',(18.259999,-41.39,0.));
#11620 = VECTOR('',#11621,1.);
#11621 = DIRECTION('',(0.,0.,1.));
#11622 = ORIENTED_EDGE('',*,*,#10371,.T.);
#11623 = ORIENTED_EDGE('',*,*,#11583,.F.);
#11624 = ORIENTED_EDGE('',*,*,#9148,.F.);
#11625 = PLANE('',#11626);
#11626 = AXIS2_PLACEMENT_3D('',#11627,#11628,#11629);
#11627 = CARTESIAN_POINT('',(18.259999,-41.39,0.));
#11628 = DIRECTION('',(-1.,0.,0.));
#11629 = DIRECTION('',(0.,1.,0.));
#11630 = ADVANCED_FACE('',(#11631),#11642,.F.);
#11631 = FACE_BOUND('',#11632,.T.);
#11632 = EDGE_LOOP('',(#11633,#11634,#11635,#11641));
#11633 = ORIENTED_EDGE('',*,*,#11602,.T.);
#11634 = ORIENTED_EDGE('',*,*,#10732,.T.);
#11635 = ORIENTED_EDGE('',*,*,#11636,.F.);
#11636 = EDGE_CURVE('',#9502,#10725,#11637,.T.);
#11637 = LINE('',#11638,#11639);
#11638 = CARTESIAN_POINT('',(62.259999,-33.890001,0.));
#11639 = VECTOR('',#11640,1.);
#11640 = DIRECTION('',(0.,0.,1.));
#11641 = ORIENTED_EDGE('',*,*,#9509,.F.);
#11642 = CYLINDRICAL_SURFACE('',#11643,0.499999626467);
#11643 = AXIS2_PLACEMENT_3D('',#11644,#11645,#11646);
#11644 = CARTESIAN_POINT('',(62.759998626465,-33.88999962646,0.));
#11645 = DIRECTION('',(-0.,-0.,-1.));
#11646 = DIRECTION('',(2.747071198622E-06,0.999999999996,-0.));
#11647 = ADVANCED_FACE('',(#11648),#11659,.T.);
#11648 = FACE_BOUND('',#11649,.T.);
#11649 = EDGE_LOOP('',(#11650,#11656,#11657,#11658));
#11650 = ORIENTED_EDGE('',*,*,#11651,.T.);
#11651 = EDGE_CURVE('',#9157,#10380,#11652,.T.);
#11652 = LINE('',#11653,#11654);
#11653 = CARTESIAN_POINT('',(18.759999,-41.39,0.));
#11654 = VECTOR('',#11655,1.);
#11655 = DIRECTION('',(0.,0.,1.));
#11656 = ORIENTED_EDGE('',*,*,#10379,.T.);
#11657 = ORIENTED_EDGE('',*,*,#11617,.F.);
#11658 = ORIENTED_EDGE('',*,*,#9156,.F.);
#11659 = PLANE('',#11660);
#11660 = AXIS2_PLACEMENT_3D('',#11661,#11662,#11663);
#11661 = CARTESIAN_POINT('',(18.759999,-41.39,0.));
#11662 = DIRECTION('',(0.,-1.,0.));
#11663 = DIRECTION('',(-1.,0.,0.));
#11664 = ADVANCED_FACE('',(#11665),#11676,.T.);
#11665 = FACE_BOUND('',#11666,.T.);
#11666 = EDGE_LOOP('',(#11667,#11668,#11669,#11675));
#11667 = ORIENTED_EDGE('',*,*,#11636,.T.);
#11668 = ORIENTED_EDGE('',*,*,#10724,.T.);
#11669 = ORIENTED_EDGE('',*,*,#11670,.F.);
#11670 = EDGE_CURVE('',#9493,#10716,#11671,.T.);
#11671 = LINE('',#11672,#11673);
#11672 = CARTESIAN_POINT('',(62.259999,-57.990003,0.));
#11673 = VECTOR('',#11674,1.);
#11674 = DIRECTION('',(0.,0.,1.));
#11675 = ORIENTED_EDGE('',*,*,#9501,.F.);
#11676 = PLANE('',#11677);
#11677 = AXIS2_PLACEMENT_3D('',#11678,#11679,#11680);
#11678 = CARTESIAN_POINT('',(62.259999,-33.890001,0.));
#11679 = DIRECTION('',(1.,0.,-0.));
#11680 = DIRECTION('',(0.,-1.,0.));
#11681 = ADVANCED_FACE('',(#11682),#11693,.F.);
#11682 = FACE_BOUND('',#11683,.T.);
#11683 = EDGE_LOOP('',(#11684,#11690,#11691,#11692));
#11684 = ORIENTED_EDGE('',*,*,#11685,.T.);
#11685 = EDGE_CURVE('',#9165,#10388,#11686,.T.);
#11686 = LINE('',#11687,#11688);
#11687 = CARTESIAN_POINT('',(19.259999,-41.89,0.));
#11688 = VECTOR('',#11689,1.);
#11689 = DIRECTION('',(0.,0.,1.));
#11690 = ORIENTED_EDGE('',*,*,#10387,.T.);
#11691 = ORIENTED_EDGE('',*,*,#11651,.F.);
#11692 = ORIENTED_EDGE('',*,*,#9164,.F.);
#11693 = CYLINDRICAL_SURFACE('',#11694,0.49999791937);
#11694 = AXIS2_PLACEMENT_3D('',#11695,#11696,#11697);
#11695 = CARTESIAN_POINT('',(18.760001080634,-41.88999791936,0.));
#11696 = DIRECTION('',(-0.,-0.,-1.));
#11697 = DIRECTION('',(0.999999999991,-4.161285837066E-06,0.));
#11698 = ADVANCED_FACE('',(#11699),#11710,.F.);
#11699 = FACE_BOUND('',#11700,.T.);
#11700 = EDGE_LOOP('',(#11701,#11702,#11703,#11709));
#11701 = ORIENTED_EDGE('',*,*,#11670,.T.);
#11702 = ORIENTED_EDGE('',*,*,#10715,.T.);
#11703 = ORIENTED_EDGE('',*,*,#11704,.F.);
#11704 = EDGE_CURVE('',#9485,#10708,#11705,.T.);
#11705 = LINE('',#11706,#11707);
#11706 = CARTESIAN_POINT('',(62.459999,-58.39,0.));
#11707 = VECTOR('',#11708,1.);
#11708 = DIRECTION('',(0.,0.,1.));
#11709 = ORIENTED_EDGE('',*,*,#9492,.F.);
#11710 = CYLINDRICAL_SURFACE('',#11711,0.499999957402);
#11711 = AXIS2_PLACEMENT_3D('',#11712,#11713,#11714);
#11712 = CARTESIAN_POINT('',(62.759998957393,-57.99000002129,0.));
#11713 = DIRECTION('',(-0.,-0.,-1.));
#11714 = DIRECTION('',(-0.999999999982,-5.957415605674E-06,0.));
#11715 = ADVANCED_FACE('',(#11716),#11727,.T.);
#11716 = FACE_BOUND('',#11717,.T.);
#11717 = EDGE_LOOP('',(#11718,#11724,#11725,#11726));
#11718 = ORIENTED_EDGE('',*,*,#11719,.T.);
#11719 = EDGE_CURVE('',#9174,#10397,#11720,.T.);
#11720 = LINE('',#11721,#11722);
#11721 = CARTESIAN_POINT('',(19.259999,-57.99,0.));
#11722 = VECTOR('',#11723,1.);
#11723 = DIRECTION('',(0.,0.,1.));
#11724 = ORIENTED_EDGE('',*,*,#10396,.T.);
#11725 = ORIENTED_EDGE('',*,*,#11685,.F.);
#11726 = ORIENTED_EDGE('',*,*,#9173,.F.);
#11727 = PLANE('',#11728);
#11728 = AXIS2_PLACEMENT_3D('',#11729,#11730,#11731);
#11729 = CARTESIAN_POINT('',(19.259999,-57.99,0.));
#11730 = DIRECTION('',(-1.,0.,0.));
#11731 = DIRECTION('',(0.,1.,0.));
#11732 = ADVANCED_FACE('',(#11733),#11744,.T.);
#11733 = FACE_BOUND('',#11734,.T.);
#11734 = EDGE_LOOP('',(#11735,#11736,#11737,#11743));
#11735 = ORIENTED_EDGE('',*,*,#11704,.T.);
#11736 = ORIENTED_EDGE('',*,*,#10707,.T.);
#11737 = ORIENTED_EDGE('',*,*,#11738,.F.);
#11738 = EDGE_CURVE('',#9476,#10699,#11739,.T.);
#11739 = LINE('',#11740,#11741);
#11740 = CARTESIAN_POINT('',(62.459999,-124.760458,0.));
#11741 = VECTOR('',#11742,1.);
#11742 = DIRECTION('',(0.,0.,1.));
#11743 = ORIENTED_EDGE('',*,*,#9484,.F.);
#11744 = PLANE('',#11745);
#11745 = AXIS2_PLACEMENT_3D('',#11746,#11747,#11748);
#11746 = CARTESIAN_POINT('',(62.459999,-58.39,0.));
#11747 = DIRECTION('',(1.,0.,-0.));
#11748 = DIRECTION('',(0.,-1.,0.));
#11749 = ADVANCED_FACE('',(#11750),#11761,.F.);
#11750 = FACE_BOUND('',#11751,.T.);
#11751 = EDGE_LOOP('',(#11752,#11758,#11759,#11760));
#11752 = ORIENTED_EDGE('',*,*,#11753,.T.);
#11753 = EDGE_CURVE('',#9182,#10405,#11754,.T.);
#11754 = LINE('',#11755,#11756);
#11755 = CARTESIAN_POINT('',(19.059999,-58.39,0.));
#11756 = VECTOR('',#11757,1.);
#11757 = DIRECTION('',(0.,0.,1.));
#11758 = ORIENTED_EDGE('',*,*,#10404,.T.);
#11759 = ORIENTED_EDGE('',*,*,#11719,.F.);
#11760 = ORIENTED_EDGE('',*,*,#9181,.F.);
#11761 = CYLINDRICAL_SURFACE('',#11762,0.499996168555);
#11762 = AXIS2_PLACEMENT_3D('',#11763,#11764,#11765);
#11763 = CARTESIAN_POINT('',(18.760002831448,-57.99000191572,0.));
#11764 = DIRECTION('',(-0.,-0.,-1.));
#11765 = DIRECTION('',(0.599996934813,-0.800002298881,0.));
#11766 = ADVANCED_FACE('',(#11767),#11778,.T.);
#11767 = FACE_BOUND('',#11768,.T.);
#11768 = EDGE_LOOP('',(#11769,#11770,#11771,#11777));
#11769 = ORIENTED_EDGE('',*,*,#11738,.T.);
#11770 = ORIENTED_EDGE('',*,*,#10698,.T.);
#11771 = ORIENTED_EDGE('',*,*,#11772,.F.);
#11772 = EDGE_CURVE('',#9468,#10691,#11773,.T.);
#11773 = LINE('',#11774,#11775);
#11774 = CARTESIAN_POINT('',(58.699384,-128.29,0.));
#11775 = VECTOR('',#11776,1.);
#11776 = DIRECTION('',(0.,0.,1.));
#11777 = ORIENTED_EDGE('',*,*,#9475,.F.);
#11778 = CYLINDRICAL_SURFACE('',#11779,7.500002304249);
#11779 = AXIS2_PLACEMENT_3D('',#11780,#11781,#11782);
#11780 = CARTESIAN_POINT('',(55.759996832331,-121.3899972722,0.));
#11781 = DIRECTION('',(0.,0.,-1.));
#11782 = DIRECTION('',(0.893333347894,-0.449394625625,0.));
#11783 = ADVANCED_FACE('',(#11784),#11795,.T.);
#11784 = FACE_BOUND('',#11785,.T.);
#11785 = EDGE_LOOP('',(#11786,#11792,#11793,#11794));
#11786 = ORIENTED_EDGE('',*,*,#11787,.T.);
#11787 = EDGE_CURVE('',#9191,#10414,#11788,.T.);
#11788 = LINE('',#11789,#11790);
#11789 = CARTESIAN_POINT('',(19.059999,-124.760457,0.));
#11790 = VECTOR('',#11791,1.);
#11791 = DIRECTION('',(0.,0.,1.));
#11792 = ORIENTED_EDGE('',*,*,#10413,.T.);
#11793 = ORIENTED_EDGE('',*,*,#11753,.F.);
#11794 = ORIENTED_EDGE('',*,*,#9190,.F.);
#11795 = PLANE('',#11796);
#11796 = AXIS2_PLACEMENT_3D('',#11797,#11798,#11799);
#11797 = CARTESIAN_POINT('',(19.059999,-124.760457,0.));
#11798 = DIRECTION('',(-1.,0.,0.));
#11799 = DIRECTION('',(0.,1.,0.));
#11800 = ADVANCED_FACE('',(#11801),#11812,.T.);
#11801 = FACE_BOUND('',#11802,.T.);
#11802 = EDGE_LOOP('',(#11803,#11804,#11805,#11811));
#11803 = ORIENTED_EDGE('',*,*,#11772,.T.);
#11804 = ORIENTED_EDGE('',*,*,#10690,.T.);
#11805 = ORIENTED_EDGE('',*,*,#11806,.F.);
#11806 = EDGE_CURVE('',#9460,#10683,#11807,.T.);
#11807 = LINE('',#11808,#11809);
#11808 = CARTESIAN_POINT('',(58.05,-128.289999,0.));
#11809 = VECTOR('',#11810,1.);
#11810 = DIRECTION('',(0.,0.,1.));
#11811 = ORIENTED_EDGE('',*,*,#9467,.F.);
#11812 = PLANE('',#11813);
#11813 = AXIS2_PLACEMENT_3D('',#11814,#11815,#11816);
#11814 = CARTESIAN_POINT('',(58.699384,-128.29,0.));
#11815 = DIRECTION('',(-1.539920905772E-06,-0.999999999999,0.));
#11816 = DIRECTION('',(-0.999999999999,1.539920905772E-06,0.));
#11817 = ADVANCED_FACE('',(#11818),#11829,.T.);
#11818 = FACE_BOUND('',#11819,.T.);
#11819 = EDGE_LOOP('',(#11820,#11826,#11827,#11828));
#11820 = ORIENTED_EDGE('',*,*,#11821,.T.);
#11821 = EDGE_CURVE('',#9199,#10422,#11822,.T.);
#11822 = LINE('',#11823,#11824);
#11823 = CARTESIAN_POINT('',(25.759999,-128.89,0.));
#11824 = VECTOR('',#11825,1.);
#11825 = DIRECTION('',(0.,0.,1.));
#11826 = ORIENTED_EDGE('',*,*,#10421,.T.);
#11827 = ORIENTED_EDGE('',*,*,#11787,.F.);
#11828 = ORIENTED_EDGE('',*,*,#9198,.F.);
#11829 = CYLINDRICAL_SURFACE('',#11830,7.500008881817);
#11830 = AXIS2_PLACEMENT_3D('',#11831,#11832,#11833);
#11831 = CARTESIAN_POINT('',(25.760005937822,-121.3899911181,0.));
#11832 = DIRECTION('',(0.,0.,-1.));
#11833 = DIRECTION('',(-9.250418454991E-07,-1.,-0.));
#11834 = ADVANCED_FACE('',(#11835),#11846,.T.);
#11835 = FACE_BOUND('',#11836,.T.);
#11836 = EDGE_LOOP('',(#11837,#11838,#11839,#11845));
#11837 = ORIENTED_EDGE('',*,*,#11806,.T.);
#11838 = ORIENTED_EDGE('',*,*,#10682,.T.);
#11839 = ORIENTED_EDGE('',*,*,#11840,.F.);
#11840 = EDGE_CURVE('',#9452,#10675,#11841,.T.);
#11841 = LINE('',#11842,#11843);
#11842 = CARTESIAN_POINT('',(56.8,-128.29,0.));
#11843 = VECTOR('',#11844,1.);
#11844 = DIRECTION('',(0.,0.,1.));
#11845 = ORIENTED_EDGE('',*,*,#9459,.F.);
#11846 = PLANE('',#11847);
#11847 = AXIS2_PLACEMENT_3D('',#11848,#11849,#11850);
#11848 = CARTESIAN_POINT('',(58.05,-128.289999,0.));
#11849 = DIRECTION('',(7.999999979799E-07,-1.,0.));
#11850 = DIRECTION('',(-1.,-7.999999979799E-07,0.));
#11851 = ADVANCED_FACE('',(#11852),#11863,.T.);
#11852 = FACE_BOUND('',#11853,.T.);
#11853 = EDGE_LOOP('',(#11854,#11860,#11861,#11862));
#11854 = ORIENTED_EDGE('',*,*,#11855,.T.);
#11855 = EDGE_CURVE('',#9208,#10431,#11856,.T.);
#11856 = LINE('',#11857,#11858);
#11857 = CARTESIAN_POINT('',(32.789169,-128.889995,0.));
#11858 = VECTOR('',#11859,1.);
#11859 = DIRECTION('',(0.,0.,1.));
#11860 = ORIENTED_EDGE('',*,*,#10430,.T.);
#11861 = ORIENTED_EDGE('',*,*,#11821,.F.);
#11862 = ORIENTED_EDGE('',*,*,#9207,.F.);
#11863 = PLANE('',#11864);
#11864 = AXIS2_PLACEMENT_3D('',#11865,#11866,#11867);
#11865 = CARTESIAN_POINT('',(32.789169,-128.889995,0.));
#11866 = DIRECTION('',(7.113215340325E-07,-1.,0.));
#11867 = DIRECTION('',(-1.,-7.113215340325E-07,0.));
#11868 = ADVANCED_FACE('',(#11869),#11880,.T.);
#11869 = FACE_BOUND('',#11870,.T.);
#11870 = EDGE_LOOP('',(#11871,#11872,#11873,#11879));
#11871 = ORIENTED_EDGE('',*,*,#11840,.T.);
#11872 = ORIENTED_EDGE('',*,*,#10674,.T.);
#11873 = ORIENTED_EDGE('',*,*,#11874,.F.);
#11874 = EDGE_CURVE('',#9443,#10666,#11875,.T.);
#11875 = LINE('',#11876,#11877);
#11876 = CARTESIAN_POINT('',(56.8,-115.79,0.));
#11877 = VECTOR('',#11878,1.);
#11878 = DIRECTION('',(0.,0.,1.));
#11879 = ORIENTED_EDGE('',*,*,#9451,.F.);
#11880 = PLANE('',#11881);
#11881 = AXIS2_PLACEMENT_3D('',#11882,#11883,#11884);
#11882 = CARTESIAN_POINT('',(56.8,-128.29,0.));
#11883 = DIRECTION('',(-1.,0.,0.));
#11884 = DIRECTION('',(0.,1.,0.));
#11885 = ADVANCED_FACE('',(#11886),#11897,.T.);
#11886 = FACE_BOUND('',#11887,.T.);
#11887 = EDGE_LOOP('',(#11888,#11894,#11895,#11896));
#11888 = ORIENTED_EDGE('',*,*,#11889,.T.);
#11889 = EDGE_CURVE('',#9216,#10439,#11890,.T.);
#11890 = LINE('',#11891,#11892);
#11891 = CARTESIAN_POINT('',(34.659999,-127.597107,0.));
#11892 = VECTOR('',#11893,1.);
#11893 = DIRECTION('',(0.,0.,1.));
#11894 = ORIENTED_EDGE('',*,*,#10438,.T.);
#11895 = ORIENTED_EDGE('',*,*,#11855,.F.);
#11896 = ORIENTED_EDGE('',*,*,#9215,.F.);
#11897 = CYLINDRICAL_SURFACE('',#11898,2.000034976884);
#11898 = AXIS2_PLACEMENT_3D('',#11899,#11900,#11901);
#11899 = CARTESIAN_POINT('',(32.789148107492,-126.8899600232,0.));
#11900 = DIRECTION('',(0.,0.,-1.));
#11901 = DIRECTION('',(0.935409087406,-0.353567305046,0.));
#11902 = ADVANCED_FACE('',(#11903),#11914,.F.);
#11903 = FACE_BOUND('',#11904,.T.);
#11904 = EDGE_LOOP('',(#11905,#11906,#11907,#11913));
#11905 = ORIENTED_EDGE('',*,*,#11874,.T.);
#11906 = ORIENTED_EDGE('',*,*,#10665,.T.);
#11907 = ORIENTED_EDGE('',*,*,#11908,.F.);
#11908 = EDGE_CURVE('',#9435,#10658,#11909,.T.);
#11909 = LINE('',#11910,#11911);
#11910 = CARTESIAN_POINT('',(56.,-114.99,0.));
#11911 = VECTOR('',#11912,1.);
#11912 = DIRECTION('',(0.,0.,1.));
#11913 = ORIENTED_EDGE('',*,*,#9442,.F.);
#11914 = CYLINDRICAL_SURFACE('',#11915,0.800001450872);
#11915 = AXIS2_PLACEMENT_3D('',#11916,#11917,#11918);
#11916 = CARTESIAN_POINT('',(55.999998549129,-115.7900014508,0.));
#11917 = DIRECTION('',(-0.,-0.,-1.));
#11918 = DIRECTION('',(0.999999999998,1.813584994895E-06,-0.));
#11919 = ADVANCED_FACE('',(#11920),#11931,.F.);
#11920 = FACE_BOUND('',#11921,.T.);
#11921 = EDGE_LOOP('',(#11922,#11928,#11929,#11930));
#11922 = ORIENTED_EDGE('',*,*,#11923,.T.);
#11923 = EDGE_CURVE('',#9225,#10448,#11924,.T.);
#11924 = LINE('',#11925,#11926);
#11925 = CARTESIAN_POINT('',(35.259997,-126.808509,0.));
#11926 = VECTOR('',#11927,1.);
#11927 = DIRECTION('',(0.,0.,1.));
#11928 = ORIENTED_EDGE('',*,*,#10447,.T.);
#11929 = ORIENTED_EDGE('',*,*,#11889,.F.);
#11930 = ORIENTED_EDGE('',*,*,#9224,.F.);
#11931 = CYLINDRICAL_SURFACE('',#11932,0.499987586536);
#11932 = AXIS2_PLACEMENT_3D('',#11933,#11934,#11935);
#11933 = CARTESIAN_POINT('',(35.013482235199,-127.2435010199,0.));
#11934 = DIRECTION('',(-0.,-0.,-1.));
#11935 = DIRECTION('',(0.493041770315,0.870005639479,-0.));
#11936 = ADVANCED_FACE('',(#11937),#11948,.T.);
#11937 = FACE_BOUND('',#11938,.T.);
#11938 = EDGE_LOOP('',(#11939,#11940,#11941,#11947));
#11939 = ORIENTED_EDGE('',*,*,#11908,.T.);
#11940 = ORIENTED_EDGE('',*,*,#10657,.T.);
#11941 = ORIENTED_EDGE('',*,*,#11942,.F.);
#11942 = EDGE_CURVE('',#9427,#10650,#11943,.T.);
#11943 = LINE('',#11944,#11945);
#11944 = CARTESIAN_POINT('',(53.3,-114.99,0.));
#11945 = VECTOR('',#11946,1.);
#11946 = DIRECTION('',(0.,0.,1.));
#11947 = ORIENTED_EDGE('',*,*,#9434,.F.);
#11948 = PLANE('',#11949);
#11949 = AXIS2_PLACEMENT_3D('',#11950,#11951,#11952);
#11950 = CARTESIAN_POINT('',(56.,-114.99,0.));
#11951 = DIRECTION('',(0.,-1.,0.));
#11952 = DIRECTION('',(-1.,0.,0.));
#11953 = ADVANCED_FACE('',(#11954),#11965,.T.);
#11954 = FACE_BOUND('',#11955,.T.);
#11955 = EDGE_LOOP('',(#11956,#11962,#11963,#11964));
#11956 = ORIENTED_EDGE('',*,*,#11957,.T.);
#11957 = EDGE_CURVE('',#9234,#10457,#11958,.T.);
#11958 = LINE('',#11959,#11960);
#11959 = CARTESIAN_POINT('',(35.459999,-126.808511,0.));
#11960 = VECTOR('',#11961,1.);
#11961 = DIRECTION('',(0.,0.,1.));
#11962 = ORIENTED_EDGE('',*,*,#10456,.T.);
#11963 = ORIENTED_EDGE('',*,*,#11923,.F.);
#11964 = ORIENTED_EDGE('',*,*,#9233,.F.);
#11965 = PLANE('',#11966);
#11966 = AXIS2_PLACEMENT_3D('',#11967,#11968,#11969);
#11967 = CARTESIAN_POINT('',(35.459999,-126.808511,0.));
#11968 = DIRECTION('',(-9.999899975252E-06,-0.99999999995,0.));
#11969 = DIRECTION('',(-0.99999999995,9.999899975252E-06,0.));
#11970 = ADVANCED_FACE('',(#11971),#11982,.T.);
#11971 = FACE_BOUND('',#11972,.T.);
#11972 = EDGE_LOOP('',(#11973,#11974,#11975,#11981));
#11973 = ORIENTED_EDGE('',*,*,#11942,.T.);
#11974 = ORIENTED_EDGE('',*,*,#10649,.T.);
#11975 = ORIENTED_EDGE('',*,*,#11976,.F.);
#11976 = EDGE_CURVE('',#9418,#10641,#11977,.T.);
#11977 = LINE('',#11978,#11979);
#11978 = CARTESIAN_POINT('',(50.6,-114.99,0.));
#11979 = VECTOR('',#11980,1.);
#11980 = DIRECTION('',(0.,0.,1.));
#11981 = ORIENTED_EDGE('',*,*,#9426,.F.);
#11982 = PLANE('',#11983);
#11983 = AXIS2_PLACEMENT_3D('',#11984,#11985,#11986);
#11984 = CARTESIAN_POINT('',(53.3,-114.99,0.));
#11985 = DIRECTION('',(0.,-1.,0.));
#11986 = DIRECTION('',(-1.,0.,0.));
#11987 = ADVANCED_FACE('',(#11988),#11999,.T.);
#11988 = FACE_BOUND('',#11989,.T.);
#11989 = EDGE_LOOP('',(#11990,#11996,#11997,#11998));
#11990 = ORIENTED_EDGE('',*,*,#11991,.T.);
#11991 = EDGE_CURVE('',#9242,#10465,#11992,.T.);
#11992 = LINE('',#11993,#11994);
#11993 = CARTESIAN_POINT('',(35.46,-126.55,0.));
#11994 = VECTOR('',#11995,1.);
#11995 = DIRECTION('',(0.,0.,1.));
#11996 = ORIENTED_EDGE('',*,*,#10464,.T.);
#11997 = ORIENTED_EDGE('',*,*,#11957,.F.);
#11998 = ORIENTED_EDGE('',*,*,#9241,.F.);
#11999 = PLANE('',#12000);
#12000 = AXIS2_PLACEMENT_3D('',#12001,#12002,#12003);
#12001 = CARTESIAN_POINT('',(35.46,-126.55,0.));
#12002 = DIRECTION('',(0.999999999993,-3.86830733496E-06,0.));
#12003 = DIRECTION('',(-3.86830733496E-06,-0.999999999993,0.));
#12004 = ADVANCED_FACE('',(#12005),#12016,.F.);
#12005 = FACE_BOUND('',#12006,.T.);
#12006 = EDGE_LOOP('',(#12007,#12008,#12009,#12015));
#12007 = ORIENTED_EDGE('',*,*,#11976,.T.);
#12008 = ORIENTED_EDGE('',*,*,#10640,.T.);
#12009 = ORIENTED_EDGE('',*,*,#12010,.F.);
#12010 = EDGE_CURVE('',#9410,#10633,#12011,.T.);
#12011 = LINE('',#12012,#12013);
#12012 = CARTESIAN_POINT('',(49.8,-115.79,0.));
#12013 = VECTOR('',#12014,1.);
#12014 = DIRECTION('',(0.,0.,1.));
#12015 = ORIENTED_EDGE('',*,*,#9417,.F.);
#12016 = CYLINDRICAL_SURFACE('',#12017,0.800001450872);
#12017 = AXIS2_PLACEMENT_3D('',#12018,#12019,#12020);
#12018 = CARTESIAN_POINT('',(50.600001450871,-115.7900014508,0.));
#12019 = DIRECTION('',(-0.,-0.,-1.));
#12020 = DIRECTION('',(-1.813585012658E-06,0.999999999998,0.));
#12021 = ADVANCED_FACE('',(#12022),#12033,.T.);
#12022 = FACE_BOUND('',#12023,.T.);
#12023 = EDGE_LOOP('',(#12024,#12030,#12031,#12032));
#12024 = ORIENTED_EDGE('',*,*,#12025,.T.);
#12025 = EDGE_CURVE('',#9250,#10473,#12026,.T.);
#12026 = LINE('',#12027,#12028);
#12027 = CARTESIAN_POINT('',(35.46,-124.062719,0.));
#12028 = VECTOR('',#12029,1.);
#12029 = DIRECTION('',(0.,0.,1.));
#12030 = ORIENTED_EDGE('',*,*,#10472,.T.);
#12031 = ORIENTED_EDGE('',*,*,#11991,.F.);
#12032 = ORIENTED_EDGE('',*,*,#9249,.F.);
#12033 = PLANE('',#12034);
#12034 = AXIS2_PLACEMENT_3D('',#12035,#12036,#12037);
#12035 = CARTESIAN_POINT('',(35.46,-124.062719,0.));
#12036 = DIRECTION('',(1.,0.,-0.));
#12037 = DIRECTION('',(0.,-1.,0.));
#12038 = ADVANCED_FACE('',(#12039),#12050,.T.);
#12039 = FACE_BOUND('',#12040,.T.);
#12040 = EDGE_LOOP('',(#12041,#12042,#12043,#12049));
#12041 = ORIENTED_EDGE('',*,*,#12010,.T.);
#12042 = ORIENTED_EDGE('',*,*,#10632,.T.);
#12043 = ORIENTED_EDGE('',*,*,#12044,.F.);
#12044 = EDGE_CURVE('',#9402,#10625,#12045,.T.);
#12045 = LINE('',#12046,#12047);
#12046 = CARTESIAN_POINT('',(49.8,-128.29,0.));
#12047 = VECTOR('',#12048,1.);
#12048 = DIRECTION('',(0.,0.,1.));
#12049 = ORIENTED_EDGE('',*,*,#9409,.F.);
#12050 = PLANE('',#12051);
#12051 = AXIS2_PLACEMENT_3D('',#12052,#12053,#12054);
#12052 = CARTESIAN_POINT('',(49.8,-115.79,0.));
#12053 = DIRECTION('',(1.,0.,-0.));
#12054 = DIRECTION('',(0.,-1.,0.));
#12055 = ADVANCED_FACE('',(#12056),#12067,.T.);
#12056 = FACE_BOUND('',#12057,.T.);
#12057 = EDGE_LOOP('',(#12058,#12064,#12065,#12066));
#12058 = ORIENTED_EDGE('',*,*,#12059,.T.);
#12059 = EDGE_CURVE('',#9258,#10481,#12060,.T.);
#12060 = LINE('',#12061,#12062);
#12061 = CARTESIAN_POINT('',(35.38577,-123.865169,0.));
#12062 = VECTOR('',#12063,1.);
#12063 = DIRECTION('',(0.,0.,1.));
#12064 = ORIENTED_EDGE('',*,*,#10480,.T.);
#12065 = ORIENTED_EDGE('',*,*,#12025,.F.);
#12066 = ORIENTED_EDGE('',*,*,#9257,.F.);
#12067 = CYLINDRICAL_SURFACE('',#12068,0.300000174011);
#12068 = AXIS2_PLACEMENT_3D('',#12069,#12070,#12071);
#12069 = CARTESIAN_POINT('',(35.159999826029,-124.0627238859,0.));
#12070 = DIRECTION('',(0.,0.,-1.));
#12071 = DIRECTION('',(0.752566810054,0.658515904444,0.));
#12072 = ADVANCED_FACE('',(#12073),#12084,.T.);
#12073 = FACE_BOUND('',#12074,.T.);
#12074 = EDGE_LOOP('',(#12075,#12076,#12077,#12083));
#12075 = ORIENTED_EDGE('',*,*,#12044,.T.);
#12076 = ORIENTED_EDGE('',*,*,#10624,.T.);
#12077 = ORIENTED_EDGE('',*,*,#12078,.F.);
#12078 = EDGE_CURVE('',#9394,#10617,#12079,.T.);
#12079 = LINE('',#12080,#12081);
#12080 = CARTESIAN_POINT('',(48.55,-128.29,0.));
#12081 = VECTOR('',#12082,1.);
#12082 = DIRECTION('',(0.,0.,1.));
#12083 = ORIENTED_EDGE('',*,*,#9401,.F.);
#12084 = PLANE('',#12085);
#12085 = AXIS2_PLACEMENT_3D('',#12086,#12087,#12088);
#12086 = CARTESIAN_POINT('',(49.8,-128.29,0.));
#12087 = DIRECTION('',(0.,-1.,0.));
#12088 = DIRECTION('',(-1.,0.,0.));
#12089 = ADVANCED_FACE('',(#12090),#12101,.T.);
#12090 = FACE_BOUND('',#12091,.T.);
#12091 = EDGE_LOOP('',(#12092,#12098,#12099,#12100));
#12092 = ORIENTED_EDGE('',*,*,#12093,.T.);
#12093 = EDGE_CURVE('',#9267,#10490,#12094,.T.);
#12094 = LINE('',#12095,#12096);
#12095 = CARTESIAN_POINT('',(35.18423,-123.63483,0.));
#12096 = VECTOR('',#12097,1.);
#12097 = DIRECTION('',(0.,0.,1.));
#12098 = ORIENTED_EDGE('',*,*,#10489,.T.);
#12099 = ORIENTED_EDGE('',*,*,#12059,.F.);
#12100 = ORIENTED_EDGE('',*,*,#9266,.F.);
#12101 = PLANE('',#12102);
#12102 = AXIS2_PLACEMENT_3D('',#12103,#12104,#12105);
#12103 = CARTESIAN_POINT('',(35.18423,-123.63483,0.));
#12104 = DIRECTION('',(0.752587421772,0.658492348164,-0.));
#12105 = DIRECTION('',(0.658492348164,-0.752587421772,0.));
#12106 = ADVANCED_FACE('',(#12107),#12118,.T.);
#12107 = FACE_BOUND('',#12108,.T.);
#12108 = EDGE_LOOP('',(#12109,#12110,#12111,#12117));
#12109 = ORIENTED_EDGE('',*,*,#12078,.T.);
#12110 = ORIENTED_EDGE('',*,*,#10616,.T.);
#12111 = ORIENTED_EDGE('',*,*,#12112,.F.);
#12112 = EDGE_CURVE('',#9385,#10608,#12113,.T.);
#12113 = LINE('',#12114,#12115);
#12114 = CARTESIAN_POINT('',(47.292795,-128.289992,0.));
#12115 = VECTOR('',#12116,1.);
#12116 = DIRECTION('',(0.,0.,1.));
#12117 = ORIENTED_EDGE('',*,*,#9393,.F.);
#12118 = PLANE('',#12119);
#12119 = AXIS2_PLACEMENT_3D('',#12120,#12121,#12122);
#12120 = CARTESIAN_POINT('',(48.55,-128.29,0.));
#12121 = DIRECTION('',(-6.363321796875E-06,-0.99999999998,0.));
#12122 = DIRECTION('',(-0.99999999998,6.363321796875E-06,0.));
#12123 = ADVANCED_FACE('',(#12124),#12135,.F.);
#12124 = FACE_BOUND('',#12125,.T.);
#12125 = EDGE_LOOP('',(#12126,#12132,#12133,#12134));
#12126 = ORIENTED_EDGE('',*,*,#12127,.T.);
#12127 = EDGE_CURVE('',#9275,#10498,#12128,.T.);
#12128 = LINE('',#12129,#12130);
#12129 = CARTESIAN_POINT('',(35.11,-123.43728,0.));
#12130 = VECTOR('',#12131,1.);
#12131 = DIRECTION('',(0.,0.,1.));
#12132 = ORIENTED_EDGE('',*,*,#10497,.T.);
#12133 = ORIENTED_EDGE('',*,*,#12093,.F.);
#12134 = ORIENTED_EDGE('',*,*,#9274,.F.);
#12135 = CYLINDRICAL_SURFACE('',#12136,0.30000017401);
#12136 = AXIS2_PLACEMENT_3D('',#12137,#12138,#12139);
#12137 = CARTESIAN_POINT('',(35.410000173971,-123.437275114,0.));
#12138 = DIRECTION('',(-0.,-0.,-1.));
#12139 = DIRECTION('',(-0.999999999867,-1.628639640097E-05,0.));
#12140 = ADVANCED_FACE('',(#12141),#12152,.T.);
#12141 = FACE_BOUND('',#12142,.T.);
#12142 = EDGE_LOOP('',(#12143,#12144,#12145,#12151));
#12143 = ORIENTED_EDGE('',*,*,#12112,.T.);
#12144 = ORIENTED_EDGE('',*,*,#10607,.T.);
#12145 = ORIENTED_EDGE('',*,*,#12146,.F.);
#12146 = EDGE_CURVE('',#9376,#10599,#12147,.T.);
#12147 = LINE('',#12148,#12149);
#12148 = CARTESIAN_POINT('',(46.859995,-127.607117,0.));
#12149 = VECTOR('',#12150,1.);
#12150 = DIRECTION('',(0.,0.,1.));
#12151 = ORIENTED_EDGE('',*,*,#9384,.F.);
#12152 = CYLINDRICAL_SURFACE('',#12153,2.000073518134);
#12153 = AXIS2_PLACEMENT_3D('',#12154,#12155,#12156);
#12154 = CARTESIAN_POINT('',(48.730881712389,-126.8999557826,0.));
#12155 = DIRECTION('',(0.,0.,-1.));
#12156 = DIRECTION('',(-0.719016925803,-0.694992561405,-0.));
#12157 = ADVANCED_FACE('',(#12158),#12169,.T.);
#12158 = FACE_BOUND('',#12159,.T.);
#12159 = EDGE_LOOP('',(#12160,#12166,#12167,#12168));
#12160 = ORIENTED_EDGE('',*,*,#12161,.T.);
#12161 = EDGE_CURVE('',#9284,#10507,#12162,.T.);
#12162 = LINE('',#12163,#12164);
#12163 = CARTESIAN_POINT('',(35.11,-122.45,0.));
#12164 = VECTOR('',#12165,1.);
#12165 = DIRECTION('',(0.,0.,1.));
#12166 = ORIENTED_EDGE('',*,*,#10506,.T.);
#12167 = ORIENTED_EDGE('',*,*,#12127,.F.);
#12168 = ORIENTED_EDGE('',*,*,#9283,.F.);
#12169 = PLANE('',#12170);
#12170 = AXIS2_PLACEMENT_3D('',#12171,#12172,#12173);
#12171 = CARTESIAN_POINT('',(35.11,-122.45,0.));
#12172 = DIRECTION('',(1.,0.,-0.));
#12173 = DIRECTION('',(0.,-1.,0.));
#12174 = ADVANCED_FACE('',(#12175),#12186,.F.);
#12175 = FACE_BOUND('',#12176,.T.);
#12176 = EDGE_LOOP('',(#12177,#12178,#12179,#12185));
#12177 = ORIENTED_EDGE('',*,*,#12146,.T.);
#12178 = ORIENTED_EDGE('',*,*,#10598,.T.);
#12179 = ORIENTED_EDGE('',*,*,#12180,.F.);
#12180 = EDGE_CURVE('',#9368,#10591,#12181,.T.);
#12181 = LINE('',#12182,#12183);
#12182 = CARTESIAN_POINT('',(46.259995,-126.818519,0.));
#12183 = VECTOR('',#12184,1.);
#12184 = DIRECTION('',(0.,0.,1.));
#12185 = ORIENTED_EDGE('',*,*,#9375,.F.);
#12186 = CYLINDRICAL_SURFACE('',#12187,0.50000673353);
#12187 = AXIS2_PLACEMENT_3D('',#12188,#12189,#12190);
#12188 = CARTESIAN_POINT('',(46.506401126662,-127.2535945731,0.));
#12189 = DIRECTION('',(-0.,0.,-1.));
#12190 = DIRECTION('',(0.707178223065,-0.707035332089,-0.));
#12191 = ADVANCED_FACE('',(#12192),#12203,.F.);
#12192 = FACE_BOUND('',#12193,.T.);
#12193 = EDGE_LOOP('',(#12194,#12200,#12201,#12202));
#12194 = ORIENTED_EDGE('',*,*,#12195,.T.);
#12195 = EDGE_CURVE('',#9292,#10515,#12196,.T.);
#12196 = LINE('',#12197,#12198);
#12197 = CARTESIAN_POINT('',(35.41,-122.15,0.));
#12198 = VECTOR('',#12199,1.);
#12199 = DIRECTION('',(0.,0.,1.));
#12200 = ORIENTED_EDGE('',*,*,#10514,.T.);
#12201 = ORIENTED_EDGE('',*,*,#12161,.F.);
#12202 = ORIENTED_EDGE('',*,*,#9291,.F.);
#12203 = CYLINDRICAL_SURFACE('',#12204,0.300000117299);
#12204 = AXIS2_PLACEMENT_3D('',#12205,#12206,#12207);
#12205 = CARTESIAN_POINT('',(35.410000117299,-122.4500001172,0.));
#12206 = DIRECTION('',(-0.,-0.,-1.));
#12207 = DIRECTION('',(-3.909953616065E-07,1.,0.));
#12208 = ADVANCED_FACE('',(#12209),#12220,.T.);
#12209 = FACE_BOUND('',#12210,.T.);
#12210 = EDGE_LOOP('',(#12211,#12212,#12213,#12219));
#12211 = ORIENTED_EDGE('',*,*,#12180,.T.);
#12212 = ORIENTED_EDGE('',*,*,#10590,.T.);
#12213 = ORIENTED_EDGE('',*,*,#12214,.F.);
#12214 = EDGE_CURVE('',#9360,#10583,#12215,.T.);
#12215 = LINE('',#12216,#12217);
#12216 = CARTESIAN_POINT('',(46.059995,-126.818521,0.));
#12217 = VECTOR('',#12218,1.);
#12218 = DIRECTION('',(0.,0.,1.));
#12219 = ORIENTED_EDGE('',*,*,#9367,.F.);
#12220 = PLANE('',#12221);
#12221 = AXIS2_PLACEMENT_3D('',#12222,#12223,#12224);
#12222 = CARTESIAN_POINT('',(46.259995,-126.818519,0.));
#12223 = DIRECTION('',(1.000000004531E-05,-0.99999999995,0.));
#12224 = DIRECTION('',(-0.99999999995,-1.000000004531E-05,0.));
#12225 = ADVANCED_FACE('',(#12226),#12237,.T.);
#12226 = FACE_BOUND('',#12227,.T.);
#12227 = EDGE_LOOP('',(#12228,#12234,#12235,#12236));
#12228 = ORIENTED_EDGE('',*,*,#12229,.T.);
#12229 = EDGE_CURVE('',#9301,#10524,#12230,.T.);
#12230 = LINE('',#12231,#12232);
#12231 = CARTESIAN_POINT('',(46.11,-122.15,0.));
#12232 = VECTOR('',#12233,1.);
#12233 = DIRECTION('',(0.,0.,1.));
#12234 = ORIENTED_EDGE('',*,*,#10523,.T.);
#12235 = ORIENTED_EDGE('',*,*,#12195,.F.);
#12236 = ORIENTED_EDGE('',*,*,#9300,.F.);
#12237 = PLANE('',#12238);
#12238 = AXIS2_PLACEMENT_3D('',#12239,#12240,#12241);
#12239 = CARTESIAN_POINT('',(46.11,-122.15,0.));
#12240 = DIRECTION('',(0.,-1.,0.));
#12241 = DIRECTION('',(-1.,0.,0.));
#12242 = ADVANCED_FACE('',(#12243),#12254,.T.);
#12243 = FACE_BOUND('',#12244,.T.);
#12244 = EDGE_LOOP('',(#12245,#12246,#12247,#12253));
#12245 = ORIENTED_EDGE('',*,*,#12214,.T.);
#12246 = ORIENTED_EDGE('',*,*,#10582,.T.);
#12247 = ORIENTED_EDGE('',*,*,#12248,.F.);
#12248 = EDGE_CURVE('',#9352,#10575,#12249,.T.);
#12249 = LINE('',#12250,#12251);
#12250 = CARTESIAN_POINT('',(46.06,-126.55,0.));
#12251 = VECTOR('',#12252,1.);
#12252 = DIRECTION('',(0.,0.,1.));
#12253 = ORIENTED_EDGE('',*,*,#9359,.F.);
#12254 = PLANE('',#12255);
#12255 = AXIS2_PLACEMENT_3D('',#12256,#12257,#12258);
#12256 = CARTESIAN_POINT('',(46.059995,-126.818521,0.));
#12257 = DIRECTION('',(-0.999999999827,1.862051757859E-05,0.));
#12258 = DIRECTION('',(1.862051757859E-05,0.999999999827,0.));
#12259 = ADVANCED_FACE('',(#12260),#12271,.F.);
#12260 = FACE_BOUND('',#12261,.T.);
#12261 = EDGE_LOOP('',(#12262,#12268,#12269,#12270));
#12262 = ORIENTED_EDGE('',*,*,#12263,.T.);
#12263 = EDGE_CURVE('',#9309,#10532,#12264,.T.);
#12264 = LINE('',#12265,#12266);
#12265 = CARTESIAN_POINT('',(46.41,-122.45,0.));
#12266 = VECTOR('',#12267,1.);
#12267 = DIRECTION('',(0.,0.,1.));
#12268 = ORIENTED_EDGE('',*,*,#10531,.T.);
#12269 = ORIENTED_EDGE('',*,*,#12229,.F.);
#12270 = ORIENTED_EDGE('',*,*,#9308,.F.);
#12271 = CYLINDRICAL_SURFACE('',#12272,0.300000117299);
#12272 = AXIS2_PLACEMENT_3D('',#12273,#12274,#12275);
#12273 = CARTESIAN_POINT('',(46.109999882701,-122.4500001172,0.));
#12274 = DIRECTION('',(-0.,-0.,-1.));
#12275 = DIRECTION('',(1.,3.909953616065E-07,-0.));
#12276 = ADVANCED_FACE('',(#12277),#12288,.T.);
#12277 = FACE_BOUND('',#12278,.T.);
#12278 = EDGE_LOOP('',(#12279,#12280,#12281,#12287));
#12279 = ORIENTED_EDGE('',*,*,#12248,.T.);
#12280 = ORIENTED_EDGE('',*,*,#10574,.T.);
#12281 = ORIENTED_EDGE('',*,*,#12282,.F.);
#12282 = EDGE_CURVE('',#9343,#10566,#12283,.T.);
#12283 = LINE('',#12284,#12285);
#12284 = CARTESIAN_POINT('',(46.06,-124.062722,0.));
#12285 = VECTOR('',#12286,1.);
#12286 = DIRECTION('',(0.,0.,1.));
#12287 = ORIENTED_EDGE('',*,*,#9351,.F.);
#12288 = PLANE('',#12289);
#12289 = AXIS2_PLACEMENT_3D('',#12290,#12291,#12292);
#12290 = CARTESIAN_POINT('',(46.06,-126.55,0.));
#12291 = DIRECTION('',(-1.,0.,0.));
#12292 = DIRECTION('',(0.,1.,0.));
#12293 = ADVANCED_FACE('',(#12294),#12305,.T.);
#12294 = FACE_BOUND('',#12295,.T.);
#12295 = EDGE_LOOP('',(#12296,#12302,#12303,#12304));
#12296 = ORIENTED_EDGE('',*,*,#12297,.T.);
#12297 = EDGE_CURVE('',#9318,#10541,#12298,.T.);
#12298 = LINE('',#12299,#12300);
#12299 = CARTESIAN_POINT('',(46.41,-123.43728,0.));
#12300 = VECTOR('',#12301,1.);
#12301 = DIRECTION('',(0.,0.,1.));
#12302 = ORIENTED_EDGE('',*,*,#10540,.T.);
#12303 = ORIENTED_EDGE('',*,*,#12263,.F.);
#12304 = ORIENTED_EDGE('',*,*,#9317,.F.);
#12305 = PLANE('',#12306);
#12306 = AXIS2_PLACEMENT_3D('',#12307,#12308,#12309);
#12307 = CARTESIAN_POINT('',(46.41,-123.43728,0.));
#12308 = DIRECTION('',(-1.,0.,0.));
#12309 = DIRECTION('',(0.,1.,0.));
#12310 = ADVANCED_FACE('',(#12311),#12322,.T.);
#12311 = FACE_BOUND('',#12312,.T.);
#12312 = EDGE_LOOP('',(#12313,#12314,#12315,#12321));
#12313 = ORIENTED_EDGE('',*,*,#12282,.T.);
#12314 = ORIENTED_EDGE('',*,*,#10565,.T.);
#12315 = ORIENTED_EDGE('',*,*,#12316,.F.);
#12316 = EDGE_CURVE('',#9335,#10558,#12317,.T.);
#12317 = LINE('',#12318,#12319);
#12318 = CARTESIAN_POINT('',(46.13423,-123.865169,0.));
#12319 = VECTOR('',#12320,1.);
#12320 = DIRECTION('',(0.,0.,1.));
#12321 = ORIENTED_EDGE('',*,*,#9342,.F.);
#12322 = CYLINDRICAL_SURFACE('',#12323,0.299996765972);
#12323 = AXIS2_PLACEMENT_3D('',#12324,#12325,#12326);
#12324 = CARTESIAN_POINT('',(46.359996765971,-124.0627226053,0.));
#12325 = DIRECTION('',(0.,0.,-1.));
#12326 = DIRECTION('',(-0.999999999998,2.017767958882E-06,0.));
#12327 = ADVANCED_FACE('',(#12328),#12339,.F.);
#12328 = FACE_BOUND('',#12329,.T.);
#12329 = EDGE_LOOP('',(#12330,#12336,#12337,#12338));
#12330 = ORIENTED_EDGE('',*,*,#12331,.T.);
#12331 = EDGE_CURVE('',#9326,#10549,#12332,.T.);
#12332 = LINE('',#12333,#12334);
#12333 = CARTESIAN_POINT('',(46.33577,-123.63483,0.));
#12334 = VECTOR('',#12335,1.);
#12335 = DIRECTION('',(0.,0.,1.));
#12336 = ORIENTED_EDGE('',*,*,#10548,.T.);
#12337 = ORIENTED_EDGE('',*,*,#12297,.F.);
#12338 = ORIENTED_EDGE('',*,*,#9325,.F.);
#12339 = CYLINDRICAL_SURFACE('',#12340,0.30000017401);
#12340 = AXIS2_PLACEMENT_3D('',#12341,#12342,#12343);
#12341 = CARTESIAN_POINT('',(46.109999826029,-123.437275114,0.));
#12342 = DIRECTION('',(-0.,-0.,-1.));
#12343 = DIRECTION('',(0.752566810054,-0.658515904444,0.));
#12344 = ADVANCED_FACE('',(#12345),#12351,.T.);
#12345 = FACE_BOUND('',#12346,.T.);
#12346 = EDGE_LOOP('',(#12347,#12348,#12349,#12350));
#12347 = ORIENTED_EDGE('',*,*,#12316,.T.);
#12348 = ORIENTED_EDGE('',*,*,#10557,.T.);
#12349 = ORIENTED_EDGE('',*,*,#12331,.F.);
#12350 = ORIENTED_EDGE('',*,*,#9334,.F.);
#12351 = PLANE('',#12352);
#12352 = AXIS2_PLACEMENT_3D('',#12353,#12354,#12355);
#12353 = CARTESIAN_POINT('',(46.13423,-123.865169,0.));
#12354 = DIRECTION('',(-0.752587421772,0.658492348164,0.));
#12355 = DIRECTION('',(0.658492348164,0.752587421772,0.));
#12356 = ADVANCED_FACE('',(#12357),#12368,.F.);
#12357 = FACE_BOUND('',#12358,.T.);
#12358 = EDGE_LOOP('',(#12359,#12360,#12366,#12367));
#12359 = ORIENTED_EDGE('',*,*,#9527,.T.);
#12360 = ORIENTED_EDGE('',*,*,#12361,.T.);
#12361 = EDGE_CURVE('',#9528,#10751,#12362,.T.);
#12362 = LINE('',#12363,#12364);
#12363 = CARTESIAN_POINT('',(20.725,-121.86,-4.6E-02));
#12364 = VECTOR('',#12365,1.);
#12365 = DIRECTION('',(0.,0.,1.));
#12366 = ORIENTED_EDGE('',*,*,#10750,.F.);
#12367 = ORIENTED_EDGE('',*,*,#12361,.F.);
#12368 = CYLINDRICAL_SURFACE('',#12369,0.3);
#12369 = AXIS2_PLACEMENT_3D('',#12370,#12371,#12372);
#12370 = CARTESIAN_POINT('',(20.725,-121.56,-4.6E-02));
#12371 = DIRECTION('',(-0.,-0.,-1.));
#12372 = DIRECTION('',(-0.,-1.,0.));
#12373 = ADVANCED_FACE('',(#12374),#12385,.F.);
#12374 = FACE_BOUND('',#12375,.T.);
#12375 = EDGE_LOOP('',(#12376,#12377,#12383,#12384));
#12376 = ORIENTED_EDGE('',*,*,#9538,.T.);
#12377 = ORIENTED_EDGE('',*,*,#12378,.T.);
#12378 = EDGE_CURVE('',#9539,#10762,#12379,.T.);
#12379 = LINE('',#12380,#12381);
#12380 = CARTESIAN_POINT('',(22.595,-121.86,-4.6E-02));
#12381 = VECTOR('',#12382,1.);
#12382 = DIRECTION('',(0.,0.,1.));
#12383 = ORIENTED_EDGE('',*,*,#10761,.F.);
#12384 = ORIENTED_EDGE('',*,*,#12378,.F.);
#12385 = CYLINDRICAL_SURFACE('',#12386,0.3);
#12386 = AXIS2_PLACEMENT_3D('',#12387,#12388,#12389);
#12387 = CARTESIAN_POINT('',(22.595,-121.56,-4.6E-02));
#12388 = DIRECTION('',(-0.,-0.,-1.));
#12389 = DIRECTION('',(-0.,-1.,0.));
#12390 = ADVANCED_FACE('',(#12391),#12407,.F.);
#12391 = FACE_BOUND('',#12392,.T.);
#12392 = EDGE_LOOP('',(#12393,#12394,#12400,#12401));
#12393 = ORIENTED_EDGE('',*,*,#9549,.T.);
#12394 = ORIENTED_EDGE('',*,*,#12395,.T.);
#12395 = EDGE_CURVE('',#9552,#10775,#12396,.T.);
#12396 = LINE('',#12397,#12398);
#12397 = CARTESIAN_POINT('',(34.485,-125.35,-4.6E-02));
#12398 = VECTOR('',#12399,1.);
#12399 = DIRECTION('',(0.,0.,1.));
#12400 = ORIENTED_EDGE('',*,*,#10772,.F.);
#12401 = ORIENTED_EDGE('',*,*,#12402,.F.);
#12402 = EDGE_CURVE('',#9550,#10773,#12403,.T.);
#12403 = LINE('',#12404,#12405);
#12404 = CARTESIAN_POINT('',(35.035,-125.35,-4.6E-02));
#12405 = VECTOR('',#12406,1.);
#12406 = DIRECTION('',(0.,0.,1.));
#12407 = CYLINDRICAL_SURFACE('',#12408,0.275);
#12408 = AXIS2_PLACEMENT_3D('',#12409,#12410,#12411);
#12409 = CARTESIAN_POINT('',(34.76,-125.35,-4.6E-02));
#12410 = DIRECTION('',(-0.,-0.,-1.));
#12411 = DIRECTION('',(-1.,5.167583532801E-14,-0.));
#12412 = ADVANCED_FACE('',(#12413),#12424,.T.);
#12413 = FACE_BOUND('',#12414,.T.);
#12414 = EDGE_LOOP('',(#12415,#12416,#12417,#12418));
#12415 = ORIENTED_EDGE('',*,*,#9577,.T.);
#12416 = ORIENTED_EDGE('',*,*,#12402,.T.);
#12417 = ORIENTED_EDGE('',*,*,#10800,.F.);
#12418 = ORIENTED_EDGE('',*,*,#12419,.F.);
#12419 = EDGE_CURVE('',#9569,#10792,#12420,.T.);
#12420 = LINE('',#12421,#12422);
#12421 = CARTESIAN_POINT('',(35.035,-124.25,-4.6E-02));
#12422 = VECTOR('',#12423,1.);
#12423 = DIRECTION('',(0.,0.,1.));
#12424 = PLANE('',#12425);
#12425 = AXIS2_PLACEMENT_3D('',#12426,#12427,#12428);
#12426 = CARTESIAN_POINT('',(35.035,-125.35,-4.6E-02));
#12427 = DIRECTION('',(-1.,0.,0.));
#12428 = DIRECTION('',(0.,1.,0.));
#12429 = ADVANCED_FACE('',(#12430),#12441,.F.);
#12430 = FACE_BOUND('',#12431,.T.);
#12431 = EDGE_LOOP('',(#12432,#12433,#12434,#12435));
#12432 = ORIENTED_EDGE('',*,*,#9568,.T.);
#12433 = ORIENTED_EDGE('',*,*,#12419,.T.);
#12434 = ORIENTED_EDGE('',*,*,#10791,.F.);
#12435 = ORIENTED_EDGE('',*,*,#12436,.F.);
#12436 = EDGE_CURVE('',#9561,#10784,#12437,.T.);
#12437 = LINE('',#12438,#12439);
#12438 = CARTESIAN_POINT('',(34.485,-124.25,-4.6E-02));
#12439 = VECTOR('',#12440,1.);
#12440 = DIRECTION('',(0.,0.,1.));
#12441 = CYLINDRICAL_SURFACE('',#12442,0.275);
#12442 = AXIS2_PLACEMENT_3D('',#12443,#12444,#12445);
#12443 = CARTESIAN_POINT('',(34.76,-124.25,-4.6E-02));
#12444 = DIRECTION('',(-0.,-0.,-1.));
#12445 = DIRECTION('',(1.,-5.167583532801E-14,0.));
#12446 = ADVANCED_FACE('',(#12447),#12453,.T.);
#12447 = FACE_BOUND('',#12448,.T.);
#12448 = EDGE_LOOP('',(#12449,#12450,#12451,#12452));
#12449 = ORIENTED_EDGE('',*,*,#9560,.T.);
#12450 = ORIENTED_EDGE('',*,*,#12436,.T.);
#12451 = ORIENTED_EDGE('',*,*,#10783,.F.);
#12452 = ORIENTED_EDGE('',*,*,#12395,.F.);
#12453 = PLANE('',#12454);
#12454 = AXIS2_PLACEMENT_3D('',#12455,#12456,#12457);
#12455 = CARTESIAN_POINT('',(34.485,-124.25,-4.6E-02));
#12456 = DIRECTION('',(1.,0.,-0.));
#12457 = DIRECTION('',(0.,-1.,0.));
#12458 = ADVANCED_FACE('',(#12459),#12475,.F.);
#12459 = FACE_BOUND('',#12460,.T.);
#12460 = EDGE_LOOP('',(#12461,#12467,#12468,#12474));
#12461 = ORIENTED_EDGE('',*,*,#12462,.T.);
#12462 = EDGE_CURVE('',#9586,#10809,#12463,.T.);
#12463 = LINE('',#12464,#12465);
#12464 = CARTESIAN_POINT('',(35.885,-119.965,0.));
#12465 = VECTOR('',#12466,1.);
#12466 = DIRECTION('',(0.,0.,1.));
#12467 = ORIENTED_EDGE('',*,*,#10808,.T.);
#12468 = ORIENTED_EDGE('',*,*,#12469,.F.);
#12469 = EDGE_CURVE('',#9588,#10811,#12470,.T.);
#12470 = LINE('',#12471,#12472);
#12471 = CARTESIAN_POINT('',(35.61,-120.24,0.));
#12472 = VECTOR('',#12473,1.);
#12473 = DIRECTION('',(0.,0.,1.));
#12474 = ORIENTED_EDGE('',*,*,#9585,.F.);
#12475 = CYLINDRICAL_SURFACE('',#12476,0.275001245605);
#12476 = AXIS2_PLACEMENT_3D('',#12477,#12478,#12479);
#12477 = CARTESIAN_POINT('',(35.885001245602,-120.2400012456,0.));
#12478 = DIRECTION('',(-0.,-0.,-1.));
#12479 = DIRECTION('',(-4.529440269462E-06,0.99999999999,0.));
#12480 = ADVANCED_FACE('',(#12481),#12492,.F.);
#12481 = FACE_BOUND('',#12482,.T.);
#12482 = EDGE_LOOP('',(#12483,#12489,#12490,#12491));
#12483 = ORIENTED_EDGE('',*,*,#12484,.T.);
#12484 = EDGE_CURVE('',#9597,#10820,#12485,.T.);
#12485 = LINE('',#12486,#12487);
#12486 = CARTESIAN_POINT('',(36.16,-120.24,0.));
#12487 = VECTOR('',#12488,1.);
#12488 = DIRECTION('',(0.,0.,1.));
#12489 = ORIENTED_EDGE('',*,*,#10819,.T.);
#12490 = ORIENTED_EDGE('',*,*,#12462,.F.);
#12491 = ORIENTED_EDGE('',*,*,#9596,.F.);
#12492 = CYLINDRICAL_SURFACE('',#12493,0.275001245605);
#12493 = AXIS2_PLACEMENT_3D('',#12494,#12495,#12496);
#12494 = CARTESIAN_POINT('',(35.884998754398,-120.2400012456,0.));
#12495 = DIRECTION('',(-0.,-0.,-1.));
#12496 = DIRECTION('',(0.99999999999,4.5294402953E-06,-0.));
#12497 = ADVANCED_FACE('',(#12498),#12509,.T.);
#12498 = FACE_BOUND('',#12499,.T.);
#12499 = EDGE_LOOP('',(#12500,#12501,#12502,#12508));
#12500 = ORIENTED_EDGE('',*,*,#12469,.T.);
#12501 = ORIENTED_EDGE('',*,*,#10888,.T.);
#12502 = ORIENTED_EDGE('',*,*,#12503,.F.);
#12503 = EDGE_CURVE('',#9657,#10880,#12504,.T.);
#12504 = LINE('',#12505,#12506);
#12505 = CARTESIAN_POINT('',(35.61,-121.24,0.));
#12506 = VECTOR('',#12507,1.);
#12507 = DIRECTION('',(0.,0.,1.));
#12508 = ORIENTED_EDGE('',*,*,#9665,.F.);
#12509 = PLANE('',#12510);
#12510 = AXIS2_PLACEMENT_3D('',#12511,#12512,#12513);
#12511 = CARTESIAN_POINT('',(35.61,-120.24,0.));
#12512 = DIRECTION('',(1.,0.,-0.));
#12513 = DIRECTION('',(0.,-1.,0.));
#12514 = ADVANCED_FACE('',(#12515),#12526,.T.);
#12515 = FACE_BOUND('',#12516,.T.);
#12516 = EDGE_LOOP('',(#12517,#12523,#12524,#12525));
#12517 = ORIENTED_EDGE('',*,*,#12518,.T.);
#12518 = EDGE_CURVE('',#9606,#10829,#12519,.T.);
#12519 = LINE('',#12520,#12521);
#12520 = CARTESIAN_POINT('',(36.16,-120.465,0.));
#12521 = VECTOR('',#12522,1.);
#12522 = DIRECTION('',(0.,0.,1.));
#12523 = ORIENTED_EDGE('',*,*,#10828,.T.);
#12524 = ORIENTED_EDGE('',*,*,#12484,.F.);
#12525 = ORIENTED_EDGE('',*,*,#9605,.F.);
#12526 = PLANE('',#12527);
#12527 = AXIS2_PLACEMENT_3D('',#12528,#12529,#12530);
#12528 = CARTESIAN_POINT('',(36.16,-120.465,0.));
#12529 = DIRECTION('',(-1.,0.,0.));
#12530 = DIRECTION('',(0.,1.,0.));
#12531 = ADVANCED_FACE('',(#12532),#12543,.F.);
#12532 = FACE_BOUND('',#12533,.T.);
#12533 = EDGE_LOOP('',(#12534,#12535,#12536,#12542));
#12534 = ORIENTED_EDGE('',*,*,#12503,.T.);
#12535 = ORIENTED_EDGE('',*,*,#10879,.T.);
#12536 = ORIENTED_EDGE('',*,*,#12537,.F.);
#12537 = EDGE_CURVE('',#9649,#10872,#12538,.T.);
#12538 = LINE('',#12539,#12540);
#12539 = CARTESIAN_POINT('',(35.885,-121.515,0.));
#12540 = VECTOR('',#12541,1.);
#12541 = DIRECTION('',(0.,0.,1.));
#12542 = ORIENTED_EDGE('',*,*,#9656,.F.);
#12543 = CYLINDRICAL_SURFACE('',#12544,0.275001245605);
#12544 = AXIS2_PLACEMENT_3D('',#12545,#12546,#12547);
#12545 = CARTESIAN_POINT('',(35.885001245602,-121.2399987543,0.));
#12546 = DIRECTION('',(-0.,-0.,-1.));
#12547 = DIRECTION('',(-0.99999999999,-4.529440243624E-06,0.));
#12548 = ADVANCED_FACE('',(#12549),#12560,.T.);
#12549 = FACE_BOUND('',#12550,.T.);
#12550 = EDGE_LOOP('',(#12551,#12557,#12558,#12559));
#12551 = ORIENTED_EDGE('',*,*,#12552,.T.);
#12552 = EDGE_CURVE('',#9614,#10837,#12553,.T.);
#12553 = LINE('',#12554,#12555);
#12554 = CARTESIAN_POINT('',(36.66,-120.965,0.));
#12555 = VECTOR('',#12556,1.);
#12556 = DIRECTION('',(0.,0.,1.));
#12557 = ORIENTED_EDGE('',*,*,#10836,.T.);
#12558 = ORIENTED_EDGE('',*,*,#12518,.F.);
#12559 = ORIENTED_EDGE('',*,*,#9613,.F.);
#12560 = CYLINDRICAL_SURFACE('',#12561,0.500001333575);
#12561 = AXIS2_PLACEMENT_3D('',#12562,#12563,#12564);
#12562 = CARTESIAN_POINT('',(36.660001333573,-120.4649986664,0.));
#12563 = DIRECTION('',(0.,0.,-1.));
#12564 = DIRECTION('',(-2.667139205253E-06,-0.999999999996,-0.));
#12565 = ADVANCED_FACE('',(#12566),#12577,.T.);
#12566 = FACE_BOUND('',#12567,.T.);
#12567 = EDGE_LOOP('',(#12568,#12569,#12570,#12576));
#12568 = ORIENTED_EDGE('',*,*,#12537,.T.);
#12569 = ORIENTED_EDGE('',*,*,#10871,.T.);
#12570 = ORIENTED_EDGE('',*,*,#12571,.F.);
#12571 = EDGE_CURVE('',#9640,#10863,#12572,.T.);
#12572 = LINE('',#12573,#12574);
#12573 = CARTESIAN_POINT('',(36.785,-121.515,0.));
#12574 = VECTOR('',#12575,1.);
#12575 = DIRECTION('',(0.,0.,1.));
#12576 = ORIENTED_EDGE('',*,*,#9648,.F.);
#12577 = PLANE('',#12578);
#12578 = AXIS2_PLACEMENT_3D('',#12579,#12580,#12581);
#12579 = CARTESIAN_POINT('',(35.885,-121.515,0.));
#12580 = DIRECTION('',(0.,1.,0.));
#12581 = DIRECTION('',(1.,0.,0.));
#12582 = ADVANCED_FACE('',(#12583),#12594,.T.);
#12583 = FACE_BOUND('',#12584,.T.);
#12584 = EDGE_LOOP('',(#12585,#12591,#12592,#12593));
#12585 = ORIENTED_EDGE('',*,*,#12586,.T.);
#12586 = EDGE_CURVE('',#9623,#10846,#12587,.T.);
#12587 = LINE('',#12588,#12589);
#12588 = CARTESIAN_POINT('',(36.785,-120.965,0.));
#12589 = VECTOR('',#12590,1.);
#12590 = DIRECTION('',(0.,0.,1.));
#12591 = ORIENTED_EDGE('',*,*,#10845,.T.);
#12592 = ORIENTED_EDGE('',*,*,#12552,.F.);
#12593 = ORIENTED_EDGE('',*,*,#9622,.F.);
#12594 = PLANE('',#12595);
#12595 = AXIS2_PLACEMENT_3D('',#12596,#12597,#12598);
#12596 = CARTESIAN_POINT('',(36.785,-120.965,0.));
#12597 = DIRECTION('',(0.,-1.,0.));
#12598 = DIRECTION('',(-1.,0.,0.));
#12599 = ADVANCED_FACE('',(#12600),#12611,.F.);
#12600 = FACE_BOUND('',#12601,.T.);
#12601 = EDGE_LOOP('',(#12602,#12603,#12604,#12610));
#12602 = ORIENTED_EDGE('',*,*,#12571,.T.);
#12603 = ORIENTED_EDGE('',*,*,#10862,.T.);
#12604 = ORIENTED_EDGE('',*,*,#12605,.F.);
#12605 = EDGE_CURVE('',#9631,#10854,#12606,.T.);
#12606 = LINE('',#12607,#12608);
#12607 = CARTESIAN_POINT('',(37.06,-121.24,0.));
#12608 = VECTOR('',#12609,1.);
#12609 = DIRECTION('',(0.,0.,1.));
#12610 = ORIENTED_EDGE('',*,*,#9639,.F.);
#12611 = CYLINDRICAL_SURFACE('',#12612,0.275001245605);
#12612 = AXIS2_PLACEMENT_3D('',#12613,#12614,#12615);
#12613 = CARTESIAN_POINT('',(36.784998754398,-121.2399987543,0.));
#12614 = DIRECTION('',(-0.,-0.,-1.));
#12615 = DIRECTION('',(4.529440243624E-06,-0.99999999999,0.));
#12616 = ADVANCED_FACE('',(#12617),#12623,.F.);
#12617 = FACE_BOUND('',#12618,.T.);
#12618 = EDGE_LOOP('',(#12619,#12620,#12621,#12622));
#12619 = ORIENTED_EDGE('',*,*,#12605,.T.);
#12620 = ORIENTED_EDGE('',*,*,#10853,.T.);
#12621 = ORIENTED_EDGE('',*,*,#12586,.F.);
#12622 = ORIENTED_EDGE('',*,*,#9630,.F.);
#12623 = CYLINDRICAL_SURFACE('',#12624,0.275001245605);
#12624 = AXIS2_PLACEMENT_3D('',#12625,#12626,#12627);
#12625 = CARTESIAN_POINT('',(36.784998754398,-121.2400012456,0.));
#12626 = DIRECTION('',(-0.,-0.,-1.));
#12627 = DIRECTION('',(0.99999999999,4.529440346975E-06,-0.));
#12628 = ADVANCED_FACE('',(#12629),#12645,.F.);
#12629 = FACE_BOUND('',#12630,.T.);
#12630 = EDGE_LOOP('',(#12631,#12632,#12638,#12639));
#12631 = ORIENTED_EDGE('',*,*,#9673,.T.);
#12632 = ORIENTED_EDGE('',*,*,#12633,.T.);
#12633 = EDGE_CURVE('',#9676,#10899,#12634,.T.);
#12634 = LINE('',#12635,#12636);
#12635 = CARTESIAN_POINT('',(46.485,-125.35,-4.6E-02));
#12636 = VECTOR('',#12637,1.);
#12637 = DIRECTION('',(0.,0.,1.));
#12638 = ORIENTED_EDGE('',*,*,#10896,.F.);
#12639 = ORIENTED_EDGE('',*,*,#12640,.F.);
#12640 = EDGE_CURVE('',#9674,#10897,#12641,.T.);
#12641 = LINE('',#12642,#12643);
#12642 = CARTESIAN_POINT('',(47.035,-125.35,-4.6E-02));
#12643 = VECTOR('',#12644,1.);
#12644 = DIRECTION('',(0.,0.,1.));
#12645 = CYLINDRICAL_SURFACE('',#12646,0.275);
#12646 = AXIS2_PLACEMENT_3D('',#12647,#12648,#12649);
#12647 = CARTESIAN_POINT('',(46.76,-125.35,-4.6E-02));
#12648 = DIRECTION('',(-0.,-0.,-1.));
#12649 = DIRECTION('',(-1.,5.167583532801E-14,-0.));
#12650 = ADVANCED_FACE('',(#12651),#12662,.T.);
#12651 = FACE_BOUND('',#12652,.T.);
#12652 = EDGE_LOOP('',(#12653,#12654,#12655,#12656));
#12653 = ORIENTED_EDGE('',*,*,#9701,.T.);
#12654 = ORIENTED_EDGE('',*,*,#12640,.T.);
#12655 = ORIENTED_EDGE('',*,*,#10924,.F.);
#12656 = ORIENTED_EDGE('',*,*,#12657,.F.);
#12657 = EDGE_CURVE('',#9693,#10916,#12658,.T.);
#12658 = LINE('',#12659,#12660);
#12659 = CARTESIAN_POINT('',(47.035,-124.25,-4.6E-02));
#12660 = VECTOR('',#12661,1.);
#12661 = DIRECTION('',(0.,0.,1.));
#12662 = PLANE('',#12663);
#12663 = AXIS2_PLACEMENT_3D('',#12664,#12665,#12666);
#12664 = CARTESIAN_POINT('',(47.035,-125.35,-4.6E-02));
#12665 = DIRECTION('',(-1.,0.,0.));
#12666 = DIRECTION('',(0.,1.,0.));
#12667 = ADVANCED_FACE('',(#12668),#12679,.F.);
#12668 = FACE_BOUND('',#12669,.T.);
#12669 = EDGE_LOOP('',(#12670,#12671,#12672,#12673));
#12670 = ORIENTED_EDGE('',*,*,#9692,.T.);
#12671 = ORIENTED_EDGE('',*,*,#12657,.T.);
#12672 = ORIENTED_EDGE('',*,*,#10915,.F.);
#12673 = ORIENTED_EDGE('',*,*,#12674,.F.);
#12674 = EDGE_CURVE('',#9685,#10908,#12675,.T.);
#12675 = LINE('',#12676,#12677);
#12676 = CARTESIAN_POINT('',(46.485,-124.25,-4.6E-02));
#12677 = VECTOR('',#12678,1.);
#12678 = DIRECTION('',(0.,0.,1.));
#12679 = CYLINDRICAL_SURFACE('',#12680,0.275);
#12680 = AXIS2_PLACEMENT_3D('',#12681,#12682,#12683);
#12681 = CARTESIAN_POINT('',(46.76,-124.25,-4.6E-02));
#12682 = DIRECTION('',(-0.,-0.,-1.));
#12683 = DIRECTION('',(1.,-5.167583532801E-14,0.));
#12684 = ADVANCED_FACE('',(#12685),#12691,.T.);
#12685 = FACE_BOUND('',#12686,.T.);
#12686 = EDGE_LOOP('',(#12687,#12688,#12689,#12690));
#12687 = ORIENTED_EDGE('',*,*,#9684,.T.);
#12688 = ORIENTED_EDGE('',*,*,#12674,.T.);
#12689 = ORIENTED_EDGE('',*,*,#10907,.F.);
#12690 = ORIENTED_EDGE('',*,*,#12633,.F.);
#12691 = PLANE('',#12692);
#12692 = AXIS2_PLACEMENT_3D('',#12693,#12694,#12695);
#12693 = CARTESIAN_POINT('',(46.485,-124.25,-4.6E-02));
#12694 = DIRECTION('',(1.,0.,-0.));
#12695 = DIRECTION('',(0.,-1.,0.));
#12696 = ADVANCED_FACE('',(#12697),#12708,.F.);
#12697 = FACE_BOUND('',#12698,.T.);
#12698 = EDGE_LOOP('',(#12699,#12700,#12706,#12707));
#12699 = ORIENTED_EDGE('',*,*,#9709,.T.);
#12700 = ORIENTED_EDGE('',*,*,#12701,.T.);
#12701 = EDGE_CURVE('',#9710,#10933,#12702,.T.);
#12702 = LINE('',#12703,#12704);
#12703 = CARTESIAN_POINT('',(48.55,-127.75,-4.6E-02));
#12704 = VECTOR('',#12705,1.);
#12705 = DIRECTION('',(0.,0.,1.));
#12706 = ORIENTED_EDGE('',*,*,#10932,.F.);
#12707 = ORIENTED_EDGE('',*,*,#12701,.F.);
#12708 = CYLINDRICAL_SURFACE('',#12709,0.75);
#12709 = AXIS2_PLACEMENT_3D('',#12710,#12711,#12712);
#12710 = CARTESIAN_POINT('',(48.55,-127.,-4.6E-02));
#12711 = DIRECTION('',(-0.,-0.,-1.));
#12712 = DIRECTION('',(-0.,-1.,0.));
#12713 = ADVANCED_FACE('',(#12714),#12730,.F.);
#12714 = FACE_BOUND('',#12715,.T.);
#12715 = EDGE_LOOP('',(#12716,#12717,#12723,#12724));
#12716 = ORIENTED_EDGE('',*,*,#9720,.T.);
#12717 = ORIENTED_EDGE('',*,*,#12718,.T.);
#12718 = EDGE_CURVE('',#9723,#10946,#12719,.T.);
#12719 = LINE('',#12720,#12721);
#12720 = CARTESIAN_POINT('',(49.3005,-123.9205,-4.6E-02));
#12721 = VECTOR('',#12722,1.);
#12722 = DIRECTION('',(0.,0.,1.));
#12723 = ORIENTED_EDGE('',*,*,#10943,.F.);
#12724 = ORIENTED_EDGE('',*,*,#12725,.F.);
#12725 = EDGE_CURVE('',#9721,#10944,#12726,.T.);
#12726 = LINE('',#12727,#12728);
#12727 = CARTESIAN_POINT('',(48.8005,-123.9205,-4.6E-02));
#12728 = VECTOR('',#12729,1.);
#12729 = DIRECTION('',(0.,0.,1.));
#12730 = CYLINDRICAL_SURFACE('',#12731,0.25);
#12731 = AXIS2_PLACEMENT_3D('',#12732,#12733,#12734);
#12732 = CARTESIAN_POINT('',(49.0505,-123.9205,-4.6E-02));
#12733 = DIRECTION('',(-0.,-0.,-1.));
#12734 = DIRECTION('',(1.,0.,-0.));
#12735 = ADVANCED_FACE('',(#12736),#12747,.T.);
#12736 = FACE_BOUND('',#12737,.T.);
#12737 = EDGE_LOOP('',(#12738,#12739,#12740,#12741));
#12738 = ORIENTED_EDGE('',*,*,#9748,.T.);
#12739 = ORIENTED_EDGE('',*,*,#12725,.T.);
#12740 = ORIENTED_EDGE('',*,*,#10971,.F.);
#12741 = ORIENTED_EDGE('',*,*,#12742,.F.);
#12742 = EDGE_CURVE('',#9740,#10963,#12743,.T.);
#12743 = LINE('',#12744,#12745);
#12744 = CARTESIAN_POINT('',(48.8005,-124.8205,-4.6E-02));
#12745 = VECTOR('',#12746,1.);
#12746 = DIRECTION('',(0.,0.,1.));
#12747 = PLANE('',#12748);
#12748 = AXIS2_PLACEMENT_3D('',#12749,#12750,#12751);
#12749 = CARTESIAN_POINT('',(48.8005,-123.9205,-4.6E-02));
#12750 = DIRECTION('',(1.,0.,-0.));
#12751 = DIRECTION('',(0.,-1.,0.));
#12752 = ADVANCED_FACE('',(#12753),#12764,.F.);
#12753 = FACE_BOUND('',#12754,.T.);
#12754 = EDGE_LOOP('',(#12755,#12756,#12757,#12758));
#12755 = ORIENTED_EDGE('',*,*,#9739,.T.);
#12756 = ORIENTED_EDGE('',*,*,#12742,.T.);
#12757 = ORIENTED_EDGE('',*,*,#10962,.F.);
#12758 = ORIENTED_EDGE('',*,*,#12759,.F.);
#12759 = EDGE_CURVE('',#9732,#10955,#12760,.T.);
#12760 = LINE('',#12761,#12762);
#12761 = CARTESIAN_POINT('',(49.3005,-124.8205,-4.6E-02));
#12762 = VECTOR('',#12763,1.);
#12763 = DIRECTION('',(0.,0.,1.));
#12764 = CYLINDRICAL_SURFACE('',#12765,0.25);
#12765 = AXIS2_PLACEMENT_3D('',#12766,#12767,#12768);
#12766 = CARTESIAN_POINT('',(49.0505,-124.8205,-4.6E-02));
#12767 = DIRECTION('',(-0.,-0.,-1.));
#12768 = DIRECTION('',(-1.,0.,-0.));
#12769 = ADVANCED_FACE('',(#12770),#12776,.T.);
#12770 = FACE_BOUND('',#12771,.T.);
#12771 = EDGE_LOOP('',(#12772,#12773,#12774,#12775));
#12772 = ORIENTED_EDGE('',*,*,#9731,.T.);
#12773 = ORIENTED_EDGE('',*,*,#12759,.T.);
#12774 = ORIENTED_EDGE('',*,*,#10954,.F.);
#12775 = ORIENTED_EDGE('',*,*,#12718,.F.);
#12776 = PLANE('',#12777);
#12777 = AXIS2_PLACEMENT_3D('',#12778,#12779,#12780);
#12778 = CARTESIAN_POINT('',(49.3005,-124.8205,-4.6E-02));
#12779 = DIRECTION('',(-1.,0.,0.));
#12780 = DIRECTION('',(0.,1.,0.));
#12781 = ADVANCED_FACE('',(#12782),#12798,.F.);
#12782 = FACE_BOUND('',#12783,.T.);
#12783 = EDGE_LOOP('',(#12784,#12785,#12791,#12792));
#12784 = ORIENTED_EDGE('',*,*,#9756,.T.);
#12785 = ORIENTED_EDGE('',*,*,#12786,.T.);
#12786 = EDGE_CURVE('',#9759,#10982,#12787,.T.);
#12787 = LINE('',#12788,#12789);
#12788 = CARTESIAN_POINT('',(49.3005,-120.918,-4.6E-02));
#12789 = VECTOR('',#12790,1.);
#12790 = DIRECTION('',(0.,0.,1.));
#12791 = ORIENTED_EDGE('',*,*,#10979,.F.);
#12792 = ORIENTED_EDGE('',*,*,#12793,.F.);
#12793 = EDGE_CURVE('',#9757,#10980,#12794,.T.);
#12794 = LINE('',#12795,#12796);
#12795 = CARTESIAN_POINT('',(48.8005,-120.918,-4.6E-02));
#12796 = VECTOR('',#12797,1.);
#12797 = DIRECTION('',(0.,0.,1.));
#12798 = CYLINDRICAL_SURFACE('',#12799,0.25);
#12799 = AXIS2_PLACEMENT_3D('',#12800,#12801,#12802);
#12800 = CARTESIAN_POINT('',(49.0505,-120.918,-4.6E-02));
#12801 = DIRECTION('',(-0.,-0.,-1.));
#12802 = DIRECTION('',(1.,0.,-0.));
#12803 = ADVANCED_FACE('',(#12804),#12815,.T.);
#12804 = FACE_BOUND('',#12805,.T.);
#12805 = EDGE_LOOP('',(#12806,#12807,#12808,#12809));
#12806 = ORIENTED_EDGE('',*,*,#9784,.T.);
#12807 = ORIENTED_EDGE('',*,*,#12793,.T.);
#12808 = ORIENTED_EDGE('',*,*,#11007,.F.);
#12809 = ORIENTED_EDGE('',*,*,#12810,.F.);
#12810 = EDGE_CURVE('',#9776,#10999,#12811,.T.);
#12811 = LINE('',#12812,#12813);
#12812 = CARTESIAN_POINT('',(48.8005,-121.818,-4.6E-02));
#12813 = VECTOR('',#12814,1.);
#12814 = DIRECTION('',(0.,0.,1.));
#12815 = PLANE('',#12816);
#12816 = AXIS2_PLACEMENT_3D('',#12817,#12818,#12819);
#12817 = CARTESIAN_POINT('',(48.8005,-120.918,-4.6E-02));
#12818 = DIRECTION('',(1.,0.,-0.));
#12819 = DIRECTION('',(0.,-1.,0.));
#12820 = ADVANCED_FACE('',(#12821),#12832,.F.);
#12821 = FACE_BOUND('',#12822,.T.);
#12822 = EDGE_LOOP('',(#12823,#12824,#12825,#12826));
#12823 = ORIENTED_EDGE('',*,*,#9775,.T.);
#12824 = ORIENTED_EDGE('',*,*,#12810,.T.);
#12825 = ORIENTED_EDGE('',*,*,#10998,.F.);
#12826 = ORIENTED_EDGE('',*,*,#12827,.F.);
#12827 = EDGE_CURVE('',#9768,#10991,#12828,.T.);
#12828 = LINE('',#12829,#12830);
#12829 = CARTESIAN_POINT('',(49.3005,-121.818,-4.6E-02));
#12830 = VECTOR('',#12831,1.);
#12831 = DIRECTION('',(0.,0.,1.));
#12832 = CYLINDRICAL_SURFACE('',#12833,0.25);
#12833 = AXIS2_PLACEMENT_3D('',#12834,#12835,#12836);
#12834 = CARTESIAN_POINT('',(49.0505,-121.818,-4.6E-02));
#12835 = DIRECTION('',(-0.,-0.,-1.));
#12836 = DIRECTION('',(-1.,0.,-0.));
#12837 = ADVANCED_FACE('',(#12838),#12844,.T.);
#12838 = FACE_BOUND('',#12839,.T.);
#12839 = EDGE_LOOP('',(#12840,#12841,#12842,#12843));
#12840 = ORIENTED_EDGE('',*,*,#9767,.T.);
#12841 = ORIENTED_EDGE('',*,*,#12827,.T.);
#12842 = ORIENTED_EDGE('',*,*,#10990,.F.);
#12843 = ORIENTED_EDGE('',*,*,#12786,.F.);
#12844 = PLANE('',#12845);
#12845 = AXIS2_PLACEMENT_3D('',#12846,#12847,#12848);
#12846 = CARTESIAN_POINT('',(49.3005,-121.818,-4.6E-02));
#12847 = DIRECTION('',(-1.,0.,0.));
#12848 = DIRECTION('',(0.,1.,0.));
#12849 = ADVANCED_FACE('',(#12850),#12866,.F.);
#12850 = FACE_BOUND('',#12851,.T.);
#12851 = EDGE_LOOP('',(#12852,#12858,#12859,#12865));
#12852 = ORIENTED_EDGE('',*,*,#12853,.T.);
#12853 = EDGE_CURVE('',#9793,#11016,#12854,.T.);
#12854 = LINE('',#12855,#12856);
#12855 = CARTESIAN_POINT('',(45.635,-119.965,0.));
#12856 = VECTOR('',#12857,1.);
#12857 = DIRECTION('',(0.,0.,1.));
#12858 = ORIENTED_EDGE('',*,*,#11015,.T.);
#12859 = ORIENTED_EDGE('',*,*,#12860,.F.);
#12860 = EDGE_CURVE('',#9795,#11018,#12861,.T.);
#12861 = LINE('',#12862,#12863);
#12862 = CARTESIAN_POINT('',(45.36,-120.24,0.));
#12863 = VECTOR('',#12864,1.);
#12864 = DIRECTION('',(0.,0.,1.));
#12865 = ORIENTED_EDGE('',*,*,#9792,.F.);
#12866 = CYLINDRICAL_SURFACE('',#12867,0.275001245605);
#12867 = AXIS2_PLACEMENT_3D('',#12868,#12869,#12870);
#12868 = CARTESIAN_POINT('',(45.635001245602,-120.2400012456,0.));
#12869 = DIRECTION('',(-0.,-0.,-1.));
#12870 = DIRECTION('',(-4.529440269462E-06,0.99999999999,0.));
#12871 = ADVANCED_FACE('',(#12872),#12883,.F.);
#12872 = FACE_BOUND('',#12873,.T.);
#12873 = EDGE_LOOP('',(#12874,#12880,#12881,#12882));
#12874 = ORIENTED_EDGE('',*,*,#12875,.T.);
#12875 = EDGE_CURVE('',#9804,#11027,#12876,.T.);
#12876 = LINE('',#12877,#12878);
#12877 = CARTESIAN_POINT('',(45.91,-120.24,0.));
#12878 = VECTOR('',#12879,1.);
#12879 = DIRECTION('',(0.,0.,1.));
#12880 = ORIENTED_EDGE('',*,*,#11026,.T.);
#12881 = ORIENTED_EDGE('',*,*,#12853,.F.);
#12882 = ORIENTED_EDGE('',*,*,#9803,.F.);
#12883 = CYLINDRICAL_SURFACE('',#12884,0.275001245605);
#12884 = AXIS2_PLACEMENT_3D('',#12885,#12886,#12887);
#12885 = CARTESIAN_POINT('',(45.634998754398,-120.2400012456,0.));
#12886 = DIRECTION('',(-0.,-0.,-1.));
#12887 = DIRECTION('',(0.99999999999,4.5294402953E-06,-0.));
#12888 = ADVANCED_FACE('',(#12889),#12900,.T.);
#12889 = FACE_BOUND('',#12890,.T.);
#12890 = EDGE_LOOP('',(#12891,#12892,#12893,#12899));
#12891 = ORIENTED_EDGE('',*,*,#12860,.T.);
#12892 = ORIENTED_EDGE('',*,*,#11095,.T.);
#12893 = ORIENTED_EDGE('',*,*,#12894,.F.);
#12894 = EDGE_CURVE('',#9864,#11087,#12895,.T.);
#12895 = LINE('',#12896,#12897);
#12896 = CARTESIAN_POINT('',(45.36,-120.465,0.));
#12897 = VECTOR('',#12898,1.);
#12898 = DIRECTION('',(0.,0.,1.));
#12899 = ORIENTED_EDGE('',*,*,#9872,.F.);
#12900 = PLANE('',#12901);
#12901 = AXIS2_PLACEMENT_3D('',#12902,#12903,#12904);
#12902 = CARTESIAN_POINT('',(45.36,-120.24,0.));
#12903 = DIRECTION('',(1.,0.,-0.));
#12904 = DIRECTION('',(0.,-1.,0.));
#12905 = ADVANCED_FACE('',(#12906),#12917,.T.);
#12906 = FACE_BOUND('',#12907,.T.);
#12907 = EDGE_LOOP('',(#12908,#12914,#12915,#12916));
#12908 = ORIENTED_EDGE('',*,*,#12909,.T.);
#12909 = EDGE_CURVE('',#9813,#11036,#12910,.T.);
#12910 = LINE('',#12911,#12912);
#12911 = CARTESIAN_POINT('',(45.91,-121.24,0.));
#12912 = VECTOR('',#12913,1.);
#12913 = DIRECTION('',(0.,0.,1.));
#12914 = ORIENTED_EDGE('',*,*,#11035,.T.);
#12915 = ORIENTED_EDGE('',*,*,#12875,.F.);
#12916 = ORIENTED_EDGE('',*,*,#9812,.F.);
#12917 = PLANE('',#12918);
#12918 = AXIS2_PLACEMENT_3D('',#12919,#12920,#12921);
#12919 = CARTESIAN_POINT('',(45.91,-121.24,0.));
#12920 = DIRECTION('',(-1.,0.,0.));
#12921 = DIRECTION('',(0.,1.,0.));
#12922 = ADVANCED_FACE('',(#12923),#12934,.T.);
#12923 = FACE_BOUND('',#12924,.T.);
#12924 = EDGE_LOOP('',(#12925,#12926,#12927,#12933));
#12925 = ORIENTED_EDGE('',*,*,#12894,.T.);
#12926 = ORIENTED_EDGE('',*,*,#11086,.T.);
#12927 = ORIENTED_EDGE('',*,*,#12928,.F.);
#12928 = EDGE_CURVE('',#9856,#11079,#12929,.T.);
#12929 = LINE('',#12930,#12931);
#12930 = CARTESIAN_POINT('',(44.86,-120.965,0.));
#12931 = VECTOR('',#12932,1.);
#12932 = DIRECTION('',(0.,0.,1.));
#12933 = ORIENTED_EDGE('',*,*,#9863,.F.);
#12934 = CYLINDRICAL_SURFACE('',#12935,0.500001333575);
#12935 = AXIS2_PLACEMENT_3D('',#12936,#12937,#12938);
#12936 = CARTESIAN_POINT('',(44.859998666427,-120.4649986664,0.));
#12937 = DIRECTION('',(0.,0.,-1.));
#12938 = DIRECTION('',(0.999999999996,-2.667139219464E-06,0.));
#12939 = ADVANCED_FACE('',(#12940),#12951,.F.);
#12940 = FACE_BOUND('',#12941,.T.);
#12941 = EDGE_LOOP('',(#12942,#12948,#12949,#12950));
#12942 = ORIENTED_EDGE('',*,*,#12943,.T.);
#12943 = EDGE_CURVE('',#9821,#11044,#12944,.T.);
#12944 = LINE('',#12945,#12946);
#12945 = CARTESIAN_POINT('',(45.635,-121.515,0.));
#12946 = VECTOR('',#12947,1.);
#12947 = DIRECTION('',(0.,0.,1.));
#12948 = ORIENTED_EDGE('',*,*,#11043,.T.);
#12949 = ORIENTED_EDGE('',*,*,#12909,.F.);
#12950 = ORIENTED_EDGE('',*,*,#9820,.F.);
#12951 = CYLINDRICAL_SURFACE('',#12952,0.275001245605);
#12952 = AXIS2_PLACEMENT_3D('',#12953,#12954,#12955);
#12953 = CARTESIAN_POINT('',(45.634998754398,-121.2399987543,0.));
#12954 = DIRECTION('',(-0.,-0.,-1.));
#12955 = DIRECTION('',(4.529440269462E-06,-0.99999999999,0.));
#12956 = ADVANCED_FACE('',(#12957),#12968,.T.);
#12957 = FACE_BOUND('',#12958,.T.);
#12958 = EDGE_LOOP('',(#12959,#12960,#12961,#12967));
#12959 = ORIENTED_EDGE('',*,*,#12928,.T.);
#12960 = ORIENTED_EDGE('',*,*,#11078,.T.);
#12961 = ORIENTED_EDGE('',*,*,#12962,.F.);
#12962 = EDGE_CURVE('',#9847,#11070,#12963,.T.);
#12963 = LINE('',#12964,#12965);
#12964 = CARTESIAN_POINT('',(44.735,-120.965,0.));
#12965 = VECTOR('',#12966,1.);
#12966 = DIRECTION('',(0.,0.,1.));
#12967 = ORIENTED_EDGE('',*,*,#9855,.F.);
#12968 = PLANE('',#12969);
#12969 = AXIS2_PLACEMENT_3D('',#12970,#12971,#12972);
#12970 = CARTESIAN_POINT('',(44.86,-120.965,0.));
#12971 = DIRECTION('',(0.,-1.,0.));
#12972 = DIRECTION('',(-1.,0.,0.));
#12973 = ADVANCED_FACE('',(#12974),#12985,.T.);
#12974 = FACE_BOUND('',#12975,.T.);
#12975 = EDGE_LOOP('',(#12976,#12982,#12983,#12984));
#12976 = ORIENTED_EDGE('',*,*,#12977,.T.);
#12977 = EDGE_CURVE('',#9830,#11053,#12978,.T.);
#12978 = LINE('',#12979,#12980);
#12979 = CARTESIAN_POINT('',(44.735,-121.515,0.));
#12980 = VECTOR('',#12981,1.);
#12981 = DIRECTION('',(0.,0.,1.));
#12982 = ORIENTED_EDGE('',*,*,#11052,.T.);
#12983 = ORIENTED_EDGE('',*,*,#12943,.F.);
#12984 = ORIENTED_EDGE('',*,*,#9829,.F.);
#12985 = PLANE('',#12986);
#12986 = AXIS2_PLACEMENT_3D('',#12987,#12988,#12989);
#12987 = CARTESIAN_POINT('',(44.735,-121.515,0.));
#12988 = DIRECTION('',(0.,1.,0.));
#12989 = DIRECTION('',(1.,0.,0.));
#12990 = ADVANCED_FACE('',(#12991),#13002,.F.);
#12991 = FACE_BOUND('',#12992,.T.);
#12992 = EDGE_LOOP('',(#12993,#12994,#12995,#13001));
#12993 = ORIENTED_EDGE('',*,*,#12962,.T.);
#12994 = ORIENTED_EDGE('',*,*,#11069,.T.);
#12995 = ORIENTED_EDGE('',*,*,#12996,.F.);
#12996 = EDGE_CURVE('',#9838,#11061,#12997,.T.);
#12997 = LINE('',#12998,#12999);
#12998 = CARTESIAN_POINT('',(44.46,-121.24,0.));
#12999 = VECTOR('',#13000,1.);
#13000 = DIRECTION('',(0.,0.,1.));
#13001 = ORIENTED_EDGE('',*,*,#9846,.F.);
#13002 = CYLINDRICAL_SURFACE('',#13003,0.275001245605);
#13003 = AXIS2_PLACEMENT_3D('',#13004,#13005,#13006);
#13004 = CARTESIAN_POINT('',(44.735001245602,-121.2400012456,0.));
#13005 = DIRECTION('',(-0.,-0.,-1.));
#13006 = DIRECTION('',(-4.529440243624E-06,0.99999999999,0.));
#13007 = ADVANCED_FACE('',(#13008),#13014,.F.);
#13008 = FACE_BOUND('',#13009,.T.);
#13009 = EDGE_LOOP('',(#13010,#13011,#13012,#13013));
#13010 = ORIENTED_EDGE('',*,*,#12996,.T.);
#13011 = ORIENTED_EDGE('',*,*,#11060,.T.);
#13012 = ORIENTED_EDGE('',*,*,#12977,.F.);
#13013 = ORIENTED_EDGE('',*,*,#9837,.F.);
#13014 = CYLINDRICAL_SURFACE('',#13015,0.275001245605);
#13015 = AXIS2_PLACEMENT_3D('',#13016,#13017,#13018);
#13016 = CARTESIAN_POINT('',(44.735001245602,-121.2399987543,0.));
#13017 = DIRECTION('',(-0.,-0.,-1.));
#13018 = DIRECTION('',(-0.99999999999,-4.529440191949E-06,0.));
#13019 = ADVANCED_FACE('',(#13020),#13036,.F.);
#13020 = FACE_BOUND('',#13021,.T.);
#13021 = EDGE_LOOP('',(#13022,#13023,#13029,#13030));
#13022 = ORIENTED_EDGE('',*,*,#9880,.T.);
#13023 = ORIENTED_EDGE('',*,*,#13024,.T.);
#13024 = EDGE_CURVE('',#9883,#11106,#13025,.T.);
#13025 = LINE('',#13026,#13027);
#13026 = CARTESIAN_POINT('',(49.3005,-115.77,-4.6E-02));
#13027 = VECTOR('',#13028,1.);
#13028 = DIRECTION('',(0.,0.,1.));
#13029 = ORIENTED_EDGE('',*,*,#11103,.F.);
#13030 = ORIENTED_EDGE('',*,*,#13031,.F.);
#13031 = EDGE_CURVE('',#9881,#11104,#13032,.T.);
#13032 = LINE('',#13033,#13034);
#13033 = CARTESIAN_POINT('',(48.8005,-115.77,-4.6E-02));
#13034 = VECTOR('',#13035,1.);
#13035 = DIRECTION('',(0.,0.,1.));
#13036 = CYLINDRICAL_SURFACE('',#13037,0.25);
#13037 = AXIS2_PLACEMENT_3D('',#13038,#13039,#13040);
#13038 = CARTESIAN_POINT('',(49.0505,-115.77,-4.6E-02));
#13039 = DIRECTION('',(-0.,-0.,-1.));
#13040 = DIRECTION('',(1.,0.,-0.));
#13041 = ADVANCED_FACE('',(#13042),#13053,.T.);
#13042 = FACE_BOUND('',#13043,.T.);
#13043 = EDGE_LOOP('',(#13044,#13045,#13046,#13047));
#13044 = ORIENTED_EDGE('',*,*,#9908,.T.);
#13045 = ORIENTED_EDGE('',*,*,#13031,.T.);
#13046 = ORIENTED_EDGE('',*,*,#11131,.F.);
#13047 = ORIENTED_EDGE('',*,*,#13048,.F.);
#13048 = EDGE_CURVE('',#9900,#11123,#13049,.T.);
#13049 = LINE('',#13050,#13051);
#13050 = CARTESIAN_POINT('',(48.8005,-116.77,-4.6E-02));
#13051 = VECTOR('',#13052,1.);
#13052 = DIRECTION('',(0.,0.,1.));
#13053 = PLANE('',#13054);
#13054 = AXIS2_PLACEMENT_3D('',#13055,#13056,#13057);
#13055 = CARTESIAN_POINT('',(48.8005,-115.77,-4.6E-02));
#13056 = DIRECTION('',(1.,0.,-0.));
#13057 = DIRECTION('',(0.,-1.,0.));
#13058 = ADVANCED_FACE('',(#13059),#13070,.F.);
#13059 = FACE_BOUND('',#13060,.T.);
#13060 = EDGE_LOOP('',(#13061,#13062,#13063,#13064));
#13061 = ORIENTED_EDGE('',*,*,#9899,.T.);
#13062 = ORIENTED_EDGE('',*,*,#13048,.T.);
#13063 = ORIENTED_EDGE('',*,*,#11122,.F.);
#13064 = ORIENTED_EDGE('',*,*,#13065,.F.);
#13065 = EDGE_CURVE('',#9892,#11115,#13066,.T.);
#13066 = LINE('',#13067,#13068);
#13067 = CARTESIAN_POINT('',(49.3005,-116.77,-4.6E-02));
#13068 = VECTOR('',#13069,1.);
#13069 = DIRECTION('',(0.,0.,1.));
#13070 = CYLINDRICAL_SURFACE('',#13071,0.25);
#13071 = AXIS2_PLACEMENT_3D('',#13072,#13073,#13074);
#13072 = CARTESIAN_POINT('',(49.0505,-116.77,-4.6E-02));
#13073 = DIRECTION('',(-0.,-0.,-1.));
#13074 = DIRECTION('',(-1.,0.,-0.));
#13075 = ADVANCED_FACE('',(#13076),#13082,.T.);
#13076 = FACE_BOUND('',#13077,.T.);
#13077 = EDGE_LOOP('',(#13078,#13079,#13080,#13081));
#13078 = ORIENTED_EDGE('',*,*,#9891,.T.);
#13079 = ORIENTED_EDGE('',*,*,#13065,.T.);
#13080 = ORIENTED_EDGE('',*,*,#11114,.F.);
#13081 = ORIENTED_EDGE('',*,*,#13024,.F.);
#13082 = PLANE('',#13083);
#13083 = AXIS2_PLACEMENT_3D('',#13084,#13085,#13086);
#13084 = CARTESIAN_POINT('',(49.3005,-116.77,-4.6E-02));
#13085 = DIRECTION('',(-1.,0.,0.));
#13086 = DIRECTION('',(0.,1.,0.));
#13087 = ADVANCED_FACE('',(#13088),#13099,.F.);
#13088 = FACE_BOUND('',#13089,.T.);
#13089 = EDGE_LOOP('',(#13090,#13091,#13097,#13098));
#13090 = ORIENTED_EDGE('',*,*,#9916,.T.);
#13091 = ORIENTED_EDGE('',*,*,#13092,.T.);
#13092 = EDGE_CURVE('',#9917,#11140,#13093,.T.);
#13093 = LINE('',#13094,#13095);
#13094 = CARTESIAN_POINT('',(58.06,-127.75,-4.6E-02));
#13095 = VECTOR('',#13096,1.);
#13096 = DIRECTION('',(0.,0.,1.));
#13097 = ORIENTED_EDGE('',*,*,#11139,.F.);
#13098 = ORIENTED_EDGE('',*,*,#13092,.F.);
#13099 = CYLINDRICAL_SURFACE('',#13100,0.75);
#13100 = AXIS2_PLACEMENT_3D('',#13101,#13102,#13103);
#13101 = CARTESIAN_POINT('',(58.06,-127.,-4.6E-02));
#13102 = DIRECTION('',(-0.,-0.,-1.));
#13103 = DIRECTION('',(-0.,-1.,0.));
#13104 = ADVANCED_FACE('',(#13105),#13121,.F.);
#13105 = FACE_BOUND('',#13106,.T.);
#13106 = EDGE_LOOP('',(#13107,#13108,#13114,#13115));
#13107 = ORIENTED_EDGE('',*,*,#9927,.T.);
#13108 = ORIENTED_EDGE('',*,*,#13109,.T.);
#13109 = EDGE_CURVE('',#9930,#11153,#13110,.T.);
#13110 = LINE('',#13111,#13112);
#13111 = CARTESIAN_POINT('',(57.7995,-124.52,-4.6E-02));
#13112 = VECTOR('',#13113,1.);
#13113 = DIRECTION('',(0.,0.,1.));
#13114 = ORIENTED_EDGE('',*,*,#11150,.F.);
#13115 = ORIENTED_EDGE('',*,*,#13116,.F.);
#13116 = EDGE_CURVE('',#9928,#11151,#13117,.T.);
#13117 = LINE('',#13118,#13119);
#13118 = CARTESIAN_POINT('',(57.2995,-124.52,-4.6E-02));
#13119 = VECTOR('',#13120,1.);
#13120 = DIRECTION('',(0.,0.,1.));
#13121 = CYLINDRICAL_SURFACE('',#13122,0.25);
#13122 = AXIS2_PLACEMENT_3D('',#13123,#13124,#13125);
#13123 = CARTESIAN_POINT('',(57.5495,-124.52,-4.6E-02));
#13124 = DIRECTION('',(-0.,-0.,-1.));
#13125 = DIRECTION('',(1.,0.,-0.));
#13126 = ADVANCED_FACE('',(#13127),#13138,.T.);
#13127 = FACE_BOUND('',#13128,.T.);
#13128 = EDGE_LOOP('',(#13129,#13130,#13131,#13132));
#13129 = ORIENTED_EDGE('',*,*,#9955,.T.);
#13130 = ORIENTED_EDGE('',*,*,#13116,.T.);
#13131 = ORIENTED_EDGE('',*,*,#11178,.F.);
#13132 = ORIENTED_EDGE('',*,*,#13133,.F.);
#13133 = EDGE_CURVE('',#9947,#11170,#13134,.T.);
#13134 = LINE('',#13135,#13136);
#13135 = CARTESIAN_POINT('',(57.2995,-125.42,-4.6E-02));
#13136 = VECTOR('',#13137,1.);
#13137 = DIRECTION('',(0.,0.,1.));
#13138 = PLANE('',#13139);
#13139 = AXIS2_PLACEMENT_3D('',#13140,#13141,#13142);
#13140 = CARTESIAN_POINT('',(57.2995,-124.52,-4.6E-02));
#13141 = DIRECTION('',(1.,0.,-0.));
#13142 = DIRECTION('',(0.,-1.,0.));
#13143 = ADVANCED_FACE('',(#13144),#13155,.F.);
#13144 = FACE_BOUND('',#13145,.T.);
#13145 = EDGE_LOOP('',(#13146,#13147,#13148,#13149));
#13146 = ORIENTED_EDGE('',*,*,#9946,.T.);
#13147 = ORIENTED_EDGE('',*,*,#13133,.T.);
#13148 = ORIENTED_EDGE('',*,*,#11169,.F.);
#13149 = ORIENTED_EDGE('',*,*,#13150,.F.);
#13150 = EDGE_CURVE('',#9939,#11162,#13151,.T.);
#13151 = LINE('',#13152,#13153);
#13152 = CARTESIAN_POINT('',(57.7995,-125.42,-4.6E-02));
#13153 = VECTOR('',#13154,1.);
#13154 = DIRECTION('',(0.,0.,1.));
#13155 = CYLINDRICAL_SURFACE('',#13156,0.25);
#13156 = AXIS2_PLACEMENT_3D('',#13157,#13158,#13159);
#13157 = CARTESIAN_POINT('',(57.5495,-125.42,-4.6E-02));
#13158 = DIRECTION('',(-0.,-0.,-1.));
#13159 = DIRECTION('',(-1.,0.,-0.));
#13160 = ADVANCED_FACE('',(#13161),#13167,.T.);
#13161 = FACE_BOUND('',#13162,.T.);
#13162 = EDGE_LOOP('',(#13163,#13164,#13165,#13166));
#13163 = ORIENTED_EDGE('',*,*,#9938,.T.);
#13164 = ORIENTED_EDGE('',*,*,#13150,.T.);
#13165 = ORIENTED_EDGE('',*,*,#11161,.F.);
#13166 = ORIENTED_EDGE('',*,*,#13109,.F.);
#13167 = PLANE('',#13168);
#13168 = AXIS2_PLACEMENT_3D('',#13169,#13170,#13171);
#13169 = CARTESIAN_POINT('',(57.7995,-125.42,-4.6E-02));
#13170 = DIRECTION('',(-1.,0.,0.));
#13171 = DIRECTION('',(0.,1.,0.));
#13172 = ADVANCED_FACE('',(#13173),#13184,.F.);
#13173 = FACE_BOUND('',#13174,.T.);
#13174 = EDGE_LOOP('',(#13175,#13176,#13182,#13183));
#13175 = ORIENTED_EDGE('',*,*,#9963,.T.);
#13176 = ORIENTED_EDGE('',*,*,#13177,.T.);
#13177 = EDGE_CURVE('',#9964,#11187,#13178,.T.);
#13178 = LINE('',#13179,#13180);
#13179 = CARTESIAN_POINT('',(59.859731,-124.726346,-4.6E-02));
#13180 = VECTOR('',#13181,1.);
#13181 = DIRECTION('',(0.,0.,1.));
#13182 = ORIENTED_EDGE('',*,*,#11186,.F.);
#13183 = ORIENTED_EDGE('',*,*,#13177,.F.);
#13184 = CYLINDRICAL_SURFACE('',#13185,0.15);
#13185 = AXIS2_PLACEMENT_3D('',#13186,#13187,#13188);
#13186 = CARTESIAN_POINT('',(59.859731,-124.576346,-4.6E-02));
#13187 = DIRECTION('',(-0.,-0.,-1.));
#13188 = DIRECTION('',(-0.,-1.,0.));
#13189 = ADVANCED_FACE('',(#13190),#13206,.F.);
#13190 = FACE_BOUND('',#13191,.T.);
#13191 = EDGE_LOOP('',(#13192,#13193,#13199,#13200));
#13192 = ORIENTED_EDGE('',*,*,#9974,.T.);
#13193 = ORIENTED_EDGE('',*,*,#13194,.T.);
#13194 = EDGE_CURVE('',#9977,#11200,#13195,.T.);
#13195 = LINE('',#13196,#13197);
#13196 = CARTESIAN_POINT('',(57.7995,-121.0195,-4.6E-02));
#13197 = VECTOR('',#13198,1.);
#13198 = DIRECTION('',(0.,0.,1.));
#13199 = ORIENTED_EDGE('',*,*,#11197,.F.);
#13200 = ORIENTED_EDGE('',*,*,#13201,.F.);
#13201 = EDGE_CURVE('',#9975,#11198,#13202,.T.);
#13202 = LINE('',#13203,#13204);
#13203 = CARTESIAN_POINT('',(57.2995,-121.0195,-4.6E-02));
#13204 = VECTOR('',#13205,1.);
#13205 = DIRECTION('',(0.,0.,1.));
#13206 = CYLINDRICAL_SURFACE('',#13207,0.25);
#13207 = AXIS2_PLACEMENT_3D('',#13208,#13209,#13210);
#13208 = CARTESIAN_POINT('',(57.5495,-121.0195,-4.6E-02));
#13209 = DIRECTION('',(-0.,-0.,-1.));
#13210 = DIRECTION('',(1.,0.,-0.));
#13211 = ADVANCED_FACE('',(#13212),#13223,.T.);
#13212 = FACE_BOUND('',#13213,.T.);
#13213 = EDGE_LOOP('',(#13214,#13215,#13216,#13217));
#13214 = ORIENTED_EDGE('',*,*,#10002,.T.);
#13215 = ORIENTED_EDGE('',*,*,#13201,.T.);
#13216 = ORIENTED_EDGE('',*,*,#11225,.F.);
#13217 = ORIENTED_EDGE('',*,*,#13218,.F.);
#13218 = EDGE_CURVE('',#9994,#11217,#13219,.T.);
#13219 = LINE('',#13220,#13221);
#13220 = CARTESIAN_POINT('',(57.2995,-121.9195,-4.6E-02));
#13221 = VECTOR('',#13222,1.);
#13222 = DIRECTION('',(0.,0.,1.));
#13223 = PLANE('',#13224);
#13224 = AXIS2_PLACEMENT_3D('',#13225,#13226,#13227);
#13225 = CARTESIAN_POINT('',(57.2995,-121.0195,-4.6E-02));
#13226 = DIRECTION('',(1.,0.,-0.));
#13227 = DIRECTION('',(0.,-1.,0.));
#13228 = ADVANCED_FACE('',(#13229),#13240,.F.);
#13229 = FACE_BOUND('',#13230,.T.);
#13230 = EDGE_LOOP('',(#13231,#13232,#13233,#13234));
#13231 = ORIENTED_EDGE('',*,*,#9993,.T.);
#13232 = ORIENTED_EDGE('',*,*,#13218,.T.);
#13233 = ORIENTED_EDGE('',*,*,#11216,.F.);
#13234 = ORIENTED_EDGE('',*,*,#13235,.F.);
#13235 = EDGE_CURVE('',#9986,#11209,#13236,.T.);
#13236 = LINE('',#13237,#13238);
#13237 = CARTESIAN_POINT('',(57.7995,-121.9195,-4.6E-02));
#13238 = VECTOR('',#13239,1.);
#13239 = DIRECTION('',(0.,0.,1.));
#13240 = CYLINDRICAL_SURFACE('',#13241,0.25);
#13241 = AXIS2_PLACEMENT_3D('',#13242,#13243,#13244);
#13242 = CARTESIAN_POINT('',(57.5495,-121.9195,-4.6E-02));
#13243 = DIRECTION('',(-0.,-0.,-1.));
#13244 = DIRECTION('',(-1.,0.,-0.));
#13245 = ADVANCED_FACE('',(#13246),#13252,.T.);
#13246 = FACE_BOUND('',#13247,.T.);
#13247 = EDGE_LOOP('',(#13248,#13249,#13250,#13251));
#13248 = ORIENTED_EDGE('',*,*,#9985,.T.);
#13249 = ORIENTED_EDGE('',*,*,#13235,.T.);
#13250 = ORIENTED_EDGE('',*,*,#11208,.F.);
#13251 = ORIENTED_EDGE('',*,*,#13194,.F.);
#13252 = PLANE('',#13253);
#13253 = AXIS2_PLACEMENT_3D('',#13254,#13255,#13256);
#13254 = CARTESIAN_POINT('',(57.7995,-121.9195,-4.6E-02));
#13255 = DIRECTION('',(-1.,0.,0.));
#13256 = DIRECTION('',(0.,1.,0.));
#13257 = ADVANCED_FACE('',(#13258),#13274,.F.);
#13258 = FACE_BOUND('',#13259,.T.);
#13259 = EDGE_LOOP('',(#13260,#13261,#13267,#13268));
#13260 = ORIENTED_EDGE('',*,*,#10010,.T.);
#13261 = ORIENTED_EDGE('',*,*,#13262,.T.);
#13262 = EDGE_CURVE('',#10013,#11236,#13263,.T.);
#13263 = LINE('',#13264,#13265);
#13264 = CARTESIAN_POINT('',(57.7995,-115.77,-4.6E-02));
#13265 = VECTOR('',#13266,1.);
#13266 = DIRECTION('',(0.,0.,1.));
#13267 = ORIENTED_EDGE('',*,*,#11233,.F.);
#13268 = ORIENTED_EDGE('',*,*,#13269,.F.);
#13269 = EDGE_CURVE('',#10011,#11234,#13270,.T.);
#13270 = LINE('',#13271,#13272);
#13271 = CARTESIAN_POINT('',(57.2995,-115.77,-4.6E-02));
#13272 = VECTOR('',#13273,1.);
#13273 = DIRECTION('',(0.,0.,1.));
#13274 = CYLINDRICAL_SURFACE('',#13275,0.25);
#13275 = AXIS2_PLACEMENT_3D('',#13276,#13277,#13278);
#13276 = CARTESIAN_POINT('',(57.5495,-115.77,-4.6E-02));
#13277 = DIRECTION('',(-0.,-0.,-1.));
#13278 = DIRECTION('',(1.,0.,-0.));
#13279 = ADVANCED_FACE('',(#13280),#13291,.T.);
#13280 = FACE_BOUND('',#13281,.T.);
#13281 = EDGE_LOOP('',(#13282,#13283,#13284,#13285));
#13282 = ORIENTED_EDGE('',*,*,#10038,.T.);
#13283 = ORIENTED_EDGE('',*,*,#13269,.T.);
#13284 = ORIENTED_EDGE('',*,*,#11261,.F.);
#13285 = ORIENTED_EDGE('',*,*,#13286,.F.);
#13286 = EDGE_CURVE('',#10030,#11253,#13287,.T.);
#13287 = LINE('',#13288,#13289);
#13288 = CARTESIAN_POINT('',(57.2995,-116.77,-4.6E-02));
#13289 = VECTOR('',#13290,1.);
#13290 = DIRECTION('',(0.,0.,1.));
#13291 = PLANE('',#13292);
#13292 = AXIS2_PLACEMENT_3D('',#13293,#13294,#13295);
#13293 = CARTESIAN_POINT('',(57.2995,-115.77,-4.6E-02));
#13294 = DIRECTION('',(1.,0.,-0.));
#13295 = DIRECTION('',(0.,-1.,0.));
#13296 = ADVANCED_FACE('',(#13297),#13308,.F.);
#13297 = FACE_BOUND('',#13298,.T.);
#13298 = EDGE_LOOP('',(#13299,#13300,#13301,#13302));
#13299 = ORIENTED_EDGE('',*,*,#10029,.T.);
#13300 = ORIENTED_EDGE('',*,*,#13286,.T.);
#13301 = ORIENTED_EDGE('',*,*,#11252,.F.);
#13302 = ORIENTED_EDGE('',*,*,#13303,.F.);
#13303 = EDGE_CURVE('',#10022,#11245,#13304,.T.);
#13304 = LINE('',#13305,#13306);
#13305 = CARTESIAN_POINT('',(57.7995,-116.77,-4.6E-02));
#13306 = VECTOR('',#13307,1.);
#13307 = DIRECTION('',(0.,0.,1.));
#13308 = CYLINDRICAL_SURFACE('',#13309,0.25);
#13309 = AXIS2_PLACEMENT_3D('',#13310,#13311,#13312);
#13310 = CARTESIAN_POINT('',(57.5495,-116.77,-4.6E-02));
#13311 = DIRECTION('',(-0.,-0.,-1.));
#13312 = DIRECTION('',(-1.,0.,-0.));
#13313 = ADVANCED_FACE('',(#13314),#13320,.T.);
#13314 = FACE_BOUND('',#13315,.T.);
#13315 = EDGE_LOOP('',(#13316,#13317,#13318,#13319));
#13316 = ORIENTED_EDGE('',*,*,#10021,.T.);
#13317 = ORIENTED_EDGE('',*,*,#13303,.T.);
#13318 = ORIENTED_EDGE('',*,*,#11244,.F.);
#13319 = ORIENTED_EDGE('',*,*,#13262,.F.);
#13320 = PLANE('',#13321);
#13321 = AXIS2_PLACEMENT_3D('',#13322,#13323,#13324);
#13322 = CARTESIAN_POINT('',(57.7995,-116.77,-4.6E-02));
#13323 = DIRECTION('',(-1.,0.,0.));
#13324 = DIRECTION('',(0.,1.,0.));
#13325 = ADVANCED_FACE('',(#13326),#13337,.F.);
#13326 = FACE_BOUND('',#13327,.T.);
#13327 = EDGE_LOOP('',(#13328,#13329,#13335,#13336));
#13328 = ORIENTED_EDGE('',*,*,#10046,.T.);
#13329 = ORIENTED_EDGE('',*,*,#13330,.T.);
#13330 = EDGE_CURVE('',#10047,#11270,#13331,.T.);
#13331 = LINE('',#13332,#13333);
#13332 = CARTESIAN_POINT('',(19.1,-41.025,-4.6E-02));
#13333 = VECTOR('',#13334,1.);
#13334 = DIRECTION('',(0.,0.,1.));
#13335 = ORIENTED_EDGE('',*,*,#11269,.F.);
#13336 = ORIENTED_EDGE('',*,*,#13330,.F.);
#13337 = CYLINDRICAL_SURFACE('',#13338,0.425);
#13338 = AXIS2_PLACEMENT_3D('',#13339,#13340,#13341);
#13339 = CARTESIAN_POINT('',(19.1,-40.6,-4.6E-02));
#13340 = DIRECTION('',(-0.,-0.,-1.));
#13341 = DIRECTION('',(-0.,-1.,0.));
#13342 = ADVANCED_FACE('',(#13343),#13354,.F.);
#13343 = FACE_BOUND('',#13344,.T.);
#13344 = EDGE_LOOP('',(#13345,#13346,#13352,#13353));
#13345 = ORIENTED_EDGE('',*,*,#10057,.T.);
#13346 = ORIENTED_EDGE('',*,*,#13347,.T.);
#13347 = EDGE_CURVE('',#10058,#11281,#13348,.T.);
#13348 = LINE('',#13349,#13350);
#13349 = CARTESIAN_POINT('',(19.11,-24.905,-4.6E-02));
#13350 = VECTOR('',#13351,1.);
#13351 = DIRECTION('',(0.,0.,1.));
#13352 = ORIENTED_EDGE('',*,*,#11280,.F.);
#13353 = ORIENTED_EDGE('',*,*,#13347,.F.);
#13354 = CYLINDRICAL_SURFACE('',#13355,0.425);
#13355 = AXIS2_PLACEMENT_3D('',#13356,#13357,#13358);
#13356 = CARTESIAN_POINT('',(19.11,-24.48,-4.6E-02));
#13357 = DIRECTION('',(-0.,-0.,-1.));
#13358 = DIRECTION('',(-0.,-1.,0.));
#13359 = ADVANCED_FACE('',(#13360),#13371,.F.);
#13360 = FACE_BOUND('',#13361,.T.);
#13361 = EDGE_LOOP('',(#13362,#13363,#13369,#13370));
#13362 = ORIENTED_EDGE('',*,*,#10068,.T.);
#13363 = ORIENTED_EDGE('',*,*,#13364,.T.);
#13364 = EDGE_CURVE('',#10069,#11292,#13365,.T.);
#13365 = LINE('',#13366,#13367);
#13366 = CARTESIAN_POINT('',(21.866,-26.039,-4.6E-02));
#13367 = VECTOR('',#13368,1.);
#13368 = DIRECTION('',(0.,0.,1.));
#13369 = ORIENTED_EDGE('',*,*,#11291,.F.);
#13370 = ORIENTED_EDGE('',*,*,#13364,.F.);
#13371 = CYLINDRICAL_SURFACE('',#13372,0.75);
#13372 = AXIS2_PLACEMENT_3D('',#13373,#13374,#13375);
#13373 = CARTESIAN_POINT('',(21.866,-25.289,-4.6E-02));
#13374 = DIRECTION('',(-0.,-0.,-1.));
#13375 = DIRECTION('',(-0.,-1.,0.));
#13376 = ADVANCED_FACE('',(#13377),#13388,.F.);
#13377 = FACE_BOUND('',#13378,.T.);
#13378 = EDGE_LOOP('',(#13379,#13380,#13386,#13387));
#13379 = ORIENTED_EDGE('',*,*,#10079,.T.);
#13380 = ORIENTED_EDGE('',*,*,#13381,.T.);
#13381 = EDGE_CURVE('',#10080,#11303,#13382,.T.);
#13382 = LINE('',#13383,#13384);
#13383 = CARTESIAN_POINT('',(31.35,-45.47,-4.6E-02));
#13384 = VECTOR('',#13385,1.);
#13385 = DIRECTION('',(0.,0.,1.));
#13386 = ORIENTED_EDGE('',*,*,#11302,.F.);
#13387 = ORIENTED_EDGE('',*,*,#13381,.F.);
#13388 = CYLINDRICAL_SURFACE('',#13389,1.E-01);
#13389 = AXIS2_PLACEMENT_3D('',#13390,#13391,#13392);
#13390 = CARTESIAN_POINT('',(31.35,-45.37,-4.6E-02));
#13391 = DIRECTION('',(-0.,-0.,-1.));
#13392 = DIRECTION('',(-0.,-1.,0.));
#13393 = ADVANCED_FACE('',(#13394),#13405,.F.);
#13394 = FACE_BOUND('',#13395,.T.);
#13395 = EDGE_LOOP('',(#13396,#13397,#13403,#13404));
#13396 = ORIENTED_EDGE('',*,*,#10090,.T.);
#13397 = ORIENTED_EDGE('',*,*,#13398,.T.);
#13398 = EDGE_CURVE('',#10091,#11314,#13399,.T.);
#13399 = LINE('',#13400,#13401);
#13400 = CARTESIAN_POINT('',(32.45,-45.47,-4.6E-02));
#13401 = VECTOR('',#13402,1.);
#13402 = DIRECTION('',(0.,0.,1.));
#13403 = ORIENTED_EDGE('',*,*,#11313,.F.);
#13404 = ORIENTED_EDGE('',*,*,#13398,.F.);
#13405 = CYLINDRICAL_SURFACE('',#13406,1.E-01);
#13406 = AXIS2_PLACEMENT_3D('',#13407,#13408,#13409);
#13407 = CARTESIAN_POINT('',(32.45,-45.37,-4.6E-02));
#13408 = DIRECTION('',(-0.,-0.,-1.));
#13409 = DIRECTION('',(-0.,-1.,0.));
#13410 = ADVANCED_FACE('',(#13411),#13422,.F.);
#13411 = FACE_BOUND('',#13412,.T.);
#13412 = EDGE_LOOP('',(#13413,#13414,#13420,#13421));
#13413 = ORIENTED_EDGE('',*,*,#10101,.T.);
#13414 = ORIENTED_EDGE('',*,*,#13415,.T.);
#13415 = EDGE_CURVE('',#10102,#11325,#13416,.T.);
#13416 = LINE('',#13417,#13418);
#13417 = CARTESIAN_POINT('',(36.7,-50.085,-4.6E-02));
#13418 = VECTOR('',#13419,1.);
#13419 = DIRECTION('',(0.,0.,1.));
#13420 = ORIENTED_EDGE('',*,*,#11324,.F.);
#13421 = ORIENTED_EDGE('',*,*,#13415,.F.);
#13422 = CYLINDRICAL_SURFACE('',#13423,0.15);
#13423 = AXIS2_PLACEMENT_3D('',#13424,#13425,#13426);
#13424 = CARTESIAN_POINT('',(36.7,-49.935,-4.6E-02));
#13425 = DIRECTION('',(-0.,-0.,-1.));
#13426 = DIRECTION('',(-0.,-1.,0.));
#13427 = ADVANCED_FACE('',(#13428),#13439,.F.);
#13428 = FACE_BOUND('',#13429,.T.);
#13429 = EDGE_LOOP('',(#13430,#13431,#13437,#13438));
#13430 = ORIENTED_EDGE('',*,*,#10112,.T.);
#13431 = ORIENTED_EDGE('',*,*,#13432,.T.);
#13432 = EDGE_CURVE('',#10113,#11336,#13433,.T.);
#13433 = LINE('',#13434,#13435);
#13434 = CARTESIAN_POINT('',(36.7,-49.085,-4.6E-02));
#13435 = VECTOR('',#13436,1.);
#13436 = DIRECTION('',(0.,0.,1.));
#13437 = ORIENTED_EDGE('',*,*,#11335,.F.);
#13438 = ORIENTED_EDGE('',*,*,#13432,.F.);
#13439 = CYLINDRICAL_SURFACE('',#13440,0.15);
#13440 = AXIS2_PLACEMENT_3D('',#13441,#13442,#13443);
#13441 = CARTESIAN_POINT('',(36.7,-48.935,-4.6E-02));
#13442 = DIRECTION('',(-0.,-0.,-1.));
#13443 = DIRECTION('',(-0.,-1.,0.));
#13444 = ADVANCED_FACE('',(#13445),#13456,.F.);
#13445 = FACE_BOUND('',#13446,.T.);
#13446 = EDGE_LOOP('',(#13447,#13448,#13454,#13455));
#13447 = ORIENTED_EDGE('',*,*,#10123,.T.);
#13448 = ORIENTED_EDGE('',*,*,#13449,.T.);
#13449 = EDGE_CURVE('',#10124,#11347,#13450,.T.);
#13450 = LINE('',#13451,#13452);
#13451 = CARTESIAN_POINT('',(36.7,-48.085,-4.6E-02));
#13452 = VECTOR('',#13453,1.);
#13453 = DIRECTION('',(0.,0.,1.));
#13454 = ORIENTED_EDGE('',*,*,#11346,.F.);
#13455 = ORIENTED_EDGE('',*,*,#13449,.F.);
#13456 = CYLINDRICAL_SURFACE('',#13457,0.15);
#13457 = AXIS2_PLACEMENT_3D('',#13458,#13459,#13460);
#13458 = CARTESIAN_POINT('',(36.7,-47.935,-4.6E-02));
#13459 = DIRECTION('',(-0.,-0.,-1.));
#13460 = DIRECTION('',(-0.,-1.,0.));
#13461 = ADVANCED_FACE('',(#13462),#13473,.F.);
#13462 = FACE_BOUND('',#13463,.T.);
#13463 = EDGE_LOOP('',(#13464,#13465,#13471,#13472));
#13464 = ORIENTED_EDGE('',*,*,#10134,.T.);
#13465 = ORIENTED_EDGE('',*,*,#13466,.T.);
#13466 = EDGE_CURVE('',#10135,#11358,#13467,.T.);
#13467 = LINE('',#13468,#13469);
#13468 = CARTESIAN_POINT('',(37.7,-50.085,-4.6E-02));
#13469 = VECTOR('',#13470,1.);
#13470 = DIRECTION('',(0.,0.,1.));
#13471 = ORIENTED_EDGE('',*,*,#11357,.F.);
#13472 = ORIENTED_EDGE('',*,*,#13466,.F.);
#13473 = CYLINDRICAL_SURFACE('',#13474,0.15);
#13474 = AXIS2_PLACEMENT_3D('',#13475,#13476,#13477);
#13475 = CARTESIAN_POINT('',(37.7,-49.935,-4.6E-02));
#13476 = DIRECTION('',(-0.,-0.,-1.));
#13477 = DIRECTION('',(-0.,-1.,0.));
#13478 = ADVANCED_FACE('',(#13479),#13490,.F.);
#13479 = FACE_BOUND('',#13480,.T.);
#13480 = EDGE_LOOP('',(#13481,#13482,#13488,#13489));
#13481 = ORIENTED_EDGE('',*,*,#10145,.T.);
#13482 = ORIENTED_EDGE('',*,*,#13483,.T.);
#13483 = EDGE_CURVE('',#10146,#11369,#13484,.T.);
#13484 = LINE('',#13485,#13486);
#13485 = CARTESIAN_POINT('',(37.7,-49.085,-4.6E-02));
#13486 = VECTOR('',#13487,1.);
#13487 = DIRECTION('',(0.,0.,1.));
#13488 = ORIENTED_EDGE('',*,*,#11368,.F.);
#13489 = ORIENTED_EDGE('',*,*,#13483,.F.);
#13490 = CYLINDRICAL_SURFACE('',#13491,0.15);
#13491 = AXIS2_PLACEMENT_3D('',#13492,#13493,#13494);
#13492 = CARTESIAN_POINT('',(37.7,-48.935,-4.6E-02));
#13493 = DIRECTION('',(-0.,-0.,-1.));
#13494 = DIRECTION('',(-0.,-1.,0.));
#13495 = ADVANCED_FACE('',(#13496),#13507,.F.);
#13496 = FACE_BOUND('',#13497,.T.);
#13497 = EDGE_LOOP('',(#13498,#13499,#13505,#13506));
#13498 = ORIENTED_EDGE('',*,*,#10156,.T.);
#13499 = ORIENTED_EDGE('',*,*,#13500,.T.);
#13500 = EDGE_CURVE('',#10157,#11380,#13501,.T.);
#13501 = LINE('',#13502,#13503);
#13502 = CARTESIAN_POINT('',(37.7,-48.085,-4.6E-02));
#13503 = VECTOR('',#13504,1.);
#13504 = DIRECTION('',(0.,0.,1.));
#13505 = ORIENTED_EDGE('',*,*,#11379,.F.);
#13506 = ORIENTED_EDGE('',*,*,#13500,.F.);
#13507 = CYLINDRICAL_SURFACE('',#13508,0.15);
#13508 = AXIS2_PLACEMENT_3D('',#13509,#13510,#13511);
#13509 = CARTESIAN_POINT('',(37.7,-47.935,-4.6E-02));
#13510 = DIRECTION('',(-0.,-0.,-1.));
#13511 = DIRECTION('',(-0.,-1.,0.));
#13512 = ADVANCED_FACE('',(#13513),#13524,.F.);
#13513 = FACE_BOUND('',#13514,.T.);
#13514 = EDGE_LOOP('',(#13515,#13516,#13522,#13523));
#13515 = ORIENTED_EDGE('',*,*,#10167,.T.);
#13516 = ORIENTED_EDGE('',*,*,#13517,.T.);
#13517 = EDGE_CURVE('',#10168,#11391,#13518,.T.);
#13518 = LINE('',#13519,#13520);
#13519 = CARTESIAN_POINT('',(38.7,-50.085,-4.6E-02));
#13520 = VECTOR('',#13521,1.);
#13521 = DIRECTION('',(0.,0.,1.));
#13522 = ORIENTED_EDGE('',*,*,#11390,.F.);
#13523 = ORIENTED_EDGE('',*,*,#13517,.F.);
#13524 = CYLINDRICAL_SURFACE('',#13525,0.15);
#13525 = AXIS2_PLACEMENT_3D('',#13526,#13527,#13528);
#13526 = CARTESIAN_POINT('',(38.7,-49.935,-4.6E-02));
#13527 = DIRECTION('',(-0.,-0.,-1.));
#13528 = DIRECTION('',(-0.,-1.,0.));
#13529 = ADVANCED_FACE('',(#13530),#13541,.F.);
#13530 = FACE_BOUND('',#13531,.T.);
#13531 = EDGE_LOOP('',(#13532,#13533,#13539,#13540));
#13532 = ORIENTED_EDGE('',*,*,#10178,.T.);
#13533 = ORIENTED_EDGE('',*,*,#13534,.T.);
#13534 = EDGE_CURVE('',#10179,#11402,#13535,.T.);
#13535 = LINE('',#13536,#13537);
#13536 = CARTESIAN_POINT('',(38.7,-49.085,-4.6E-02));
#13537 = VECTOR('',#13538,1.);
#13538 = DIRECTION('',(0.,0.,1.));
#13539 = ORIENTED_EDGE('',*,*,#11401,.F.);
#13540 = ORIENTED_EDGE('',*,*,#13534,.F.);
#13541 = CYLINDRICAL_SURFACE('',#13542,0.15);
#13542 = AXIS2_PLACEMENT_3D('',#13543,#13544,#13545);
#13543 = CARTESIAN_POINT('',(38.7,-48.935,-4.6E-02));
#13544 = DIRECTION('',(-0.,-0.,-1.));
#13545 = DIRECTION('',(-0.,-1.,0.));
#13546 = ADVANCED_FACE('',(#13547),#13558,.F.);
#13547 = FACE_BOUND('',#13548,.T.);
#13548 = EDGE_LOOP('',(#13549,#13550,#13556,#13557));
#13549 = ORIENTED_EDGE('',*,*,#10189,.T.);
#13550 = ORIENTED_EDGE('',*,*,#13551,.T.);
#13551 = EDGE_CURVE('',#10190,#11413,#13552,.T.);
#13552 = LINE('',#13553,#13554);
#13553 = CARTESIAN_POINT('',(38.7,-48.085,-4.6E-02));
#13554 = VECTOR('',#13555,1.);
#13555 = DIRECTION('',(0.,0.,1.));
#13556 = ORIENTED_EDGE('',*,*,#11412,.F.);
#13557 = ORIENTED_EDGE('',*,*,#13551,.F.);
#13558 = CYLINDRICAL_SURFACE('',#13559,0.15);
#13559 = AXIS2_PLACEMENT_3D('',#13560,#13561,#13562);
#13560 = CARTESIAN_POINT('',(38.7,-47.935,-4.6E-02));
#13561 = DIRECTION('',(-0.,-0.,-1.));
#13562 = DIRECTION('',(-0.,-1.,0.));
#13563 = ADVANCED_FACE('',(#13564),#13575,.F.);
#13564 = FACE_BOUND('',#13565,.T.);
#13565 = EDGE_LOOP('',(#13566,#13567,#13573,#13574));
#13566 = ORIENTED_EDGE('',*,*,#10200,.T.);
#13567 = ORIENTED_EDGE('',*,*,#13568,.T.);
#13568 = EDGE_CURVE('',#10201,#11424,#13569,.T.);
#13569 = LINE('',#13570,#13571);
#13570 = CARTESIAN_POINT('',(50.37,-65.14245,-4.6E-02));
#13571 = VECTOR('',#13572,1.);
#13572 = DIRECTION('',(0.,0.,1.));
#13573 = ORIENTED_EDGE('',*,*,#11423,.F.);
#13574 = ORIENTED_EDGE('',*,*,#13568,.F.);
#13575 = CYLINDRICAL_SURFACE('',#13576,1.18745);
#13576 = AXIS2_PLACEMENT_3D('',#13577,#13578,#13579);
#13577 = CARTESIAN_POINT('',(50.37,-63.955,-4.6E-02));
#13578 = DIRECTION('',(-0.,-0.,-1.));
#13579 = DIRECTION('',(-5.983769723021E-15,-1.,0.));
#13580 = ADVANCED_FACE('',(#13581),#13592,.F.);
#13581 = FACE_BOUND('',#13582,.T.);
#13582 = EDGE_LOOP('',(#13583,#13584,#13590,#13591));
#13583 = ORIENTED_EDGE('',*,*,#10211,.T.);
#13584 = ORIENTED_EDGE('',*,*,#13585,.T.);
#13585 = EDGE_CURVE('',#10212,#11435,#13586,.T.);
#13586 = LINE('',#13587,#13588);
#13587 = CARTESIAN_POINT('',(53.545,-65.14245,-4.6E-02));
#13588 = VECTOR('',#13589,1.);
#13589 = DIRECTION('',(0.,0.,1.));
#13590 = ORIENTED_EDGE('',*,*,#11434,.F.);
#13591 = ORIENTED_EDGE('',*,*,#13585,.F.);
#13592 = CYLINDRICAL_SURFACE('',#13593,1.18745);
#13593 = AXIS2_PLACEMENT_3D('',#13594,#13595,#13596);
#13594 = CARTESIAN_POINT('',(53.545,-63.955,-4.6E-02));
#13595 = DIRECTION('',(-0.,-0.,-1.));
#13596 = DIRECTION('',(-0.,-1.,0.));
#13597 = ADVANCED_FACE('',(#13598),#13609,.F.);
#13598 = FACE_BOUND('',#13599,.T.);
#13599 = EDGE_LOOP('',(#13600,#13601,#13607,#13608));
#13600 = ORIENTED_EDGE('',*,*,#10222,.T.);
#13601 = ORIENTED_EDGE('',*,*,#13602,.T.);
#13602 = EDGE_CURVE('',#10223,#11446,#13603,.T.);
#13603 = LINE('',#13604,#13605);
#13604 = CARTESIAN_POINT('',(50.37,-61.9103,-4.6E-02));
#13605 = VECTOR('',#13606,1.);
#13606 = DIRECTION('',(0.,0.,1.));
#13607 = ORIENTED_EDGE('',*,*,#11445,.F.);
#13608 = ORIENTED_EDGE('',*,*,#13602,.F.);
#13609 = CYLINDRICAL_SURFACE('',#13610,0.4953);
#13610 = AXIS2_PLACEMENT_3D('',#13611,#13612,#13613);
#13611 = CARTESIAN_POINT('',(50.37,-61.415,-4.6E-02));
#13612 = DIRECTION('',(-0.,-0.,-1.));
#13613 = DIRECTION('',(-0.,-1.,0.));
#13614 = ADVANCED_FACE('',(#13615),#13626,.F.);
#13615 = FACE_BOUND('',#13616,.T.);
#13616 = EDGE_LOOP('',(#13617,#13618,#13624,#13625));
#13617 = ORIENTED_EDGE('',*,*,#10233,.T.);
#13618 = ORIENTED_EDGE('',*,*,#13619,.T.);
#13619 = EDGE_CURVE('',#10234,#11457,#13620,.T.);
#13620 = LINE('',#13621,#13622);
#13621 = CARTESIAN_POINT('',(50.37,-60.06245,-4.6E-02));
#13622 = VECTOR('',#13623,1.);
#13623 = DIRECTION('',(0.,0.,1.));
#13624 = ORIENTED_EDGE('',*,*,#11456,.F.);
#13625 = ORIENTED_EDGE('',*,*,#13619,.F.);
#13626 = CYLINDRICAL_SURFACE('',#13627,1.18745);
#13627 = AXIS2_PLACEMENT_3D('',#13628,#13629,#13630);
#13628 = CARTESIAN_POINT('',(50.37,-58.875,-4.6E-02));
#13629 = DIRECTION('',(-0.,-0.,-1.));
#13630 = DIRECTION('',(-5.983769723021E-15,-1.,0.));
#13631 = ADVANCED_FACE('',(#13632),#13643,.F.);
#13632 = FACE_BOUND('',#13633,.T.);
#13633 = EDGE_LOOP('',(#13634,#13635,#13641,#13642));
#13634 = ORIENTED_EDGE('',*,*,#10244,.T.);
#13635 = ORIENTED_EDGE('',*,*,#13636,.T.);
#13636 = EDGE_CURVE('',#10245,#11468,#13637,.T.);
#13637 = LINE('',#13638,#13639);
#13638 = CARTESIAN_POINT('',(53.545,-60.06245,-4.6E-02));
#13639 = VECTOR('',#13640,1.);
#13640 = DIRECTION('',(0.,0.,1.));
#13641 = ORIENTED_EDGE('',*,*,#11467,.F.);
#13642 = ORIENTED_EDGE('',*,*,#13636,.F.);
#13643 = CYLINDRICAL_SURFACE('',#13644,1.18745);
#13644 = AXIS2_PLACEMENT_3D('',#13645,#13646,#13647);
#13645 = CARTESIAN_POINT('',(53.545,-58.875,-4.6E-02));
#13646 = DIRECTION('',(-0.,-0.,-1.));
#13647 = DIRECTION('',(-0.,-1.,0.));
#13648 = ADVANCED_FACE('',(#13649),#13660,.F.);
#13649 = FACE_BOUND('',#13650,.T.);
#13650 = EDGE_LOOP('',(#13651,#13652,#13658,#13659));
#13651 = ORIENTED_EDGE('',*,*,#10255,.T.);
#13652 = ORIENTED_EDGE('',*,*,#13653,.T.);
#13653 = EDGE_CURVE('',#10256,#11479,#13654,.T.);
#13654 = LINE('',#13655,#13656);
#13655 = CARTESIAN_POINT('',(55.45,-62.9263,-4.6E-02));
#13656 = VECTOR('',#13657,1.);
#13657 = DIRECTION('',(0.,0.,1.));
#13658 = ORIENTED_EDGE('',*,*,#11478,.F.);
#13659 = ORIENTED_EDGE('',*,*,#13653,.F.);
#13660 = CYLINDRICAL_SURFACE('',#13661,0.4953);
#13661 = AXIS2_PLACEMENT_3D('',#13662,#13663,#13664);
#13662 = CARTESIAN_POINT('',(55.45,-62.431,-4.6E-02));
#13663 = DIRECTION('',(-0.,-0.,-1.));
#13664 = DIRECTION('',(-0.,-1.,0.));
#13665 = ADVANCED_FACE('',(#13666),#13677,.F.);
#13666 = FACE_BOUND('',#13667,.T.);
#13667 = EDGE_LOOP('',(#13668,#13669,#13675,#13676));
#13668 = ORIENTED_EDGE('',*,*,#10266,.T.);
#13669 = ORIENTED_EDGE('',*,*,#13670,.T.);
#13670 = EDGE_CURVE('',#10267,#11490,#13671,.T.);
#13671 = LINE('',#13672,#13673);
#13672 = CARTESIAN_POINT('',(55.45,-60.8943,-4.6E-02));
#13673 = VECTOR('',#13674,1.);
#13674 = DIRECTION('',(0.,0.,1.));
#13675 = ORIENTED_EDGE('',*,*,#11489,.F.);
#13676 = ORIENTED_EDGE('',*,*,#13670,.F.);
#13677 = CYLINDRICAL_SURFACE('',#13678,0.4953);
#13678 = AXIS2_PLACEMENT_3D('',#13679,#13680,#13681);
#13679 = CARTESIAN_POINT('',(55.45,-60.399,-4.6E-02));
#13680 = DIRECTION('',(-0.,-0.,-1.));
#13681 = DIRECTION('',(-0.,-1.,0.));
#13682 = ADVANCED_FACE('',(#13683),#13694,.F.);
#13683 = FACE_BOUND('',#13684,.T.);
#13684 = EDGE_LOOP('',(#13685,#13686,#13692,#13693));
#13685 = ORIENTED_EDGE('',*,*,#10277,.T.);
#13686 = ORIENTED_EDGE('',*,*,#13687,.T.);
#13687 = EDGE_CURVE('',#10278,#11501,#13688,.T.);
#13688 = LINE('',#13689,#13690);
#13689 = CARTESIAN_POINT('',(41.8,-45.415,-4.6E-02));
#13690 = VECTOR('',#13691,1.);
#13691 = DIRECTION('',(0.,0.,1.));
#13692 = ORIENTED_EDGE('',*,*,#11500,.F.);
#13693 = ORIENTED_EDGE('',*,*,#13687,.F.);
#13694 = CYLINDRICAL_SURFACE('',#13695,0.15);
#13695 = AXIS2_PLACEMENT_3D('',#13696,#13697,#13698);
#13696 = CARTESIAN_POINT('',(41.8,-45.265,-4.6E-02));
#13697 = DIRECTION('',(-0.,-0.,-1.));
#13698 = DIRECTION('',(-0.,-1.,0.));
#13699 = ADVANCED_FACE('',(#13700),#13711,.F.);
#13700 = FACE_BOUND('',#13701,.T.);
#13701 = EDGE_LOOP('',(#13702,#13703,#13709,#13710));
#13702 = ORIENTED_EDGE('',*,*,#10288,.T.);
#13703 = ORIENTED_EDGE('',*,*,#13704,.T.);
#13704 = EDGE_CURVE('',#10289,#11512,#13705,.T.);
#13705 = LINE('',#13706,#13707);
#13706 = CARTESIAN_POINT('',(41.8,-44.415,-4.6E-02));
#13707 = VECTOR('',#13708,1.);
#13708 = DIRECTION('',(0.,0.,1.));
#13709 = ORIENTED_EDGE('',*,*,#11511,.F.);
#13710 = ORIENTED_EDGE('',*,*,#13704,.F.);
#13711 = CYLINDRICAL_SURFACE('',#13712,0.15);
#13712 = AXIS2_PLACEMENT_3D('',#13713,#13714,#13715);
#13713 = CARTESIAN_POINT('',(41.8,-44.265,-4.6E-02));
#13714 = DIRECTION('',(-0.,-0.,-1.));
#13715 = DIRECTION('',(-0.,-1.,0.));
#13716 = ADVANCED_FACE('',(#13717),#13728,.F.);
#13717 = FACE_BOUND('',#13718,.T.);
#13718 = EDGE_LOOP('',(#13719,#13720,#13726,#13727));
#13719 = ORIENTED_EDGE('',*,*,#10299,.T.);
#13720 = ORIENTED_EDGE('',*,*,#13721,.T.);
#13721 = EDGE_CURVE('',#10300,#11523,#13722,.T.);
#13722 = LINE('',#13723,#13724);
#13723 = CARTESIAN_POINT('',(42.7,-45.415,-4.6E-02));
#13724 = VECTOR('',#13725,1.);
#13725 = DIRECTION('',(0.,0.,1.));
#13726 = ORIENTED_EDGE('',*,*,#11522,.F.);
#13727 = ORIENTED_EDGE('',*,*,#13721,.F.);
#13728 = CYLINDRICAL_SURFACE('',#13729,0.15);
#13729 = AXIS2_PLACEMENT_3D('',#13730,#13731,#13732);
#13730 = CARTESIAN_POINT('',(42.7,-45.265,-4.6E-02));
#13731 = DIRECTION('',(-0.,-0.,-1.));
#13732 = DIRECTION('',(-0.,-1.,0.));
#13733 = ADVANCED_FACE('',(#13734),#13745,.F.);
#13734 = FACE_BOUND('',#13735,.T.);
#13735 = EDGE_LOOP('',(#13736,#13737,#13743,#13744));
#13736 = ORIENTED_EDGE('',*,*,#10310,.T.);
#13737 = ORIENTED_EDGE('',*,*,#13738,.T.);
#13738 = EDGE_CURVE('',#10311,#11534,#13739,.T.);
#13739 = LINE('',#13740,#13741);
#13740 = CARTESIAN_POINT('',(42.7,-44.415,-4.6E-02));
#13741 = VECTOR('',#13742,1.);
#13742 = DIRECTION('',(0.,0.,1.));
#13743 = ORIENTED_EDGE('',*,*,#11533,.F.);
#13744 = ORIENTED_EDGE('',*,*,#13738,.F.);
#13745 = CYLINDRICAL_SURFACE('',#13746,0.15);
#13746 = AXIS2_PLACEMENT_3D('',#13747,#13748,#13749);
#13747 = CARTESIAN_POINT('',(42.7,-44.265,-4.6E-02));
#13748 = DIRECTION('',(-0.,-0.,-1.));
#13749 = DIRECTION('',(-0.,-1.,0.));
#13750 = ADVANCED_FACE('',(#13751),#13762,.F.);
#13751 = FACE_BOUND('',#13752,.T.);
#13752 = EDGE_LOOP('',(#13753,#13754,#13760,#13761));
#13753 = ORIENTED_EDGE('',*,*,#10321,.T.);
#13754 = ORIENTED_EDGE('',*,*,#13755,.T.);
#13755 = EDGE_CURVE('',#10322,#11545,#13756,.T.);
#13756 = LINE('',#13757,#13758);
#13757 = CARTESIAN_POINT('',(43.6,-45.415,-4.6E-02));
#13758 = VECTOR('',#13759,1.);
#13759 = DIRECTION('',(0.,0.,1.));
#13760 = ORIENTED_EDGE('',*,*,#11544,.F.);
#13761 = ORIENTED_EDGE('',*,*,#13755,.F.);
#13762 = CYLINDRICAL_SURFACE('',#13763,0.15);
#13763 = AXIS2_PLACEMENT_3D('',#13764,#13765,#13766);
#13764 = CARTESIAN_POINT('',(43.6,-45.265,-4.6E-02));
#13765 = DIRECTION('',(-0.,-0.,-1.));
#13766 = DIRECTION('',(-0.,-1.,0.));
#13767 = ADVANCED_FACE('',(#13768),#13779,.F.);
#13768 = FACE_BOUND('',#13769,.T.);
#13769 = EDGE_LOOP('',(#13770,#13771,#13777,#13778));
#13770 = ORIENTED_EDGE('',*,*,#10332,.T.);
#13771 = ORIENTED_EDGE('',*,*,#13772,.T.);
#13772 = EDGE_CURVE('',#10333,#11556,#13773,.T.);
#13773 = LINE('',#13774,#13775);
#13774 = CARTESIAN_POINT('',(43.6,-44.415,-4.6E-02));
#13775 = VECTOR('',#13776,1.);
#13776 = DIRECTION('',(0.,0.,1.));
#13777 = ORIENTED_EDGE('',*,*,#11555,.F.);
#13778 = ORIENTED_EDGE('',*,*,#13772,.F.);
#13779 = CYLINDRICAL_SURFACE('',#13780,0.15);
#13780 = AXIS2_PLACEMENT_3D('',#13781,#13782,#13783);
#13781 = CARTESIAN_POINT('',(43.6,-44.265,-4.6E-02));
#13782 = DIRECTION('',(-0.,-0.,-1.));
#13783 = DIRECTION('',(-0.,-1.,0.));
#13784 = ADVANCED_FACE('',(#13785),#13796,.F.);
#13785 = FACE_BOUND('',#13786,.T.);
#13786 = EDGE_LOOP('',(#13787,#13788,#13794,#13795));
#13787 = ORIENTED_EDGE('',*,*,#10343,.T.);
#13788 = ORIENTED_EDGE('',*,*,#13789,.T.);
#13789 = EDGE_CURVE('',#10344,#11567,#13790,.T.);
#13790 = LINE('',#13791,#13792);
#13791 = CARTESIAN_POINT('',(44.256,-41.089,-4.6E-02));
#13792 = VECTOR('',#13793,1.);
#13793 = DIRECTION('',(0.,0.,1.));
#13794 = ORIENTED_EDGE('',*,*,#11566,.F.);
#13795 = ORIENTED_EDGE('',*,*,#13789,.F.);
#13796 = CYLINDRICAL_SURFACE('',#13797,0.5);
#13797 = AXIS2_PLACEMENT_3D('',#13798,#13799,#13800);
#13798 = CARTESIAN_POINT('',(44.256,-40.589,-4.6E-02));
#13799 = DIRECTION('',(-0.,-0.,-1.));
#13800 = DIRECTION('',(-0.,-1.,0.));
#13801 = ( GEOMETRIC_REPRESENTATION_CONTEXT(3) 
GLOBAL_UNCERTAINTY_ASSIGNED_CONTEXT((#13805)) 
GLOBAL_UNIT_ASSIGNED_CONTEXT((#13802,#13803,#13804)) 
REPRESENTATION_CONTEXT('Context #1',
  '3D Context with UNIT and UNCERTAINTY') );
#13802 = ( LENGTH_UNIT() NAMED_UNIT(*) SI_UNIT(.MILLI.,.METRE.) );
#13803 = ( NAMED_UNIT(*) PLANE_ANGLE_UNIT() SI_UNIT($,.RADIAN.) );
#13804 = ( NAMED_UNIT(*) SI_UNIT($,.STERADIAN.) SOLID_ANGLE_UNIT() );
#13805 = UNCERTAINTY_MEASURE_WITH_UNIT(LENGTH_MEASURE(2.E-07),#13802,
  'distance_accuracy_value','confusion accuracy');
#13806 = CONTEXT_DEPENDENT_SHAPE_REPRESENTATION(#13807,#13809);
#13807 = ( REPRESENTATION_RELATIONSHIP('','',#9026,#10) 
REPRESENTATION_RELATIONSHIP_WITH_TRANSFORMATION(#13808) 
SHAPE_REPRESENTATION_RELATIONSHIP() );
#13808 = ITEM_DEFINED_TRANSFORMATION('','',#11,#323);
#13809 = PRODUCT_DEFINITION_SHAPE('Placement','Placement of an item',
  #13810);
#13810 = NEXT_ASSEMBLY_USAGE_OCCURRENCE('78','=>[0:1:1:10]','',#5,#9021,
  $);
#13811 = PRODUCT_RELATED_PRODUCT_CATEGORY('part',$,(#9023));
#13812 = MECHANICAL_DESIGN_GEOMETRIC_PRESENTATION_REPRESENTATION('',(
    #13813,#13821,#13828,#13835,#13842,#13849,#13856,#13863,#13870,
    #13877,#13884,#13892,#13899,#13906,#13913,#13920,#13927,#13934,
    #13941,#13948,#13955,#13962,#13969,#13976,#13983,#13990,#13997,
    #14004),#2912);
#13813 = STYLED_ITEM('color',(#13814),#2060);
#13814 = PRESENTATION_STYLE_ASSIGNMENT((#13815));
#13815 = SURFACE_STYLE_USAGE(.BOTH.,#13816);
#13816 = SURFACE_SIDE_STYLE('',(#13817));
#13817 = SURFACE_STYLE_FILL_AREA(#13818);
#13818 = FILL_AREA_STYLE('',(#13819));
#13819 = FILL_AREA_STYLE_COLOUR('',#13820);
#13820 = COLOUR_RGB('',0.823999987314,0.819999987296,0.781000009244);
#13821 = STYLED_ITEM('color',(#13822),#2136);
#13822 = PRESENTATION_STYLE_ASSIGNMENT((#13823));
#13823 = SURFACE_STYLE_USAGE(.BOTH.,#13824);
#13824 = SURFACE_SIDE_STYLE('',(#13825));
#13825 = SURFACE_STYLE_FILL_AREA(#13826);
#13826 = FILL_AREA_STYLE('',(#13827));
#13827 = FILL_AREA_STYLE_COLOUR('',#13820);
#13828 = STYLED_ITEM('color',(#13829),#2167);
#13829 = PRESENTATION_STYLE_ASSIGNMENT((#13830));
#13830 = SURFACE_STYLE_USAGE(.BOTH.,#13831);
#13831 = SURFACE_SIDE_STYLE('',(#13832));
#13832 = SURFACE_STYLE_FILL_AREA(#13833);
#13833 = FILL_AREA_STYLE('',(#13834));
#13834 = FILL_AREA_STYLE_COLOUR('',#13820);
#13835 = STYLED_ITEM('color',(#13836),#2192);
#13836 = PRESENTATION_STYLE_ASSIGNMENT((#13837));
#13837 = SURFACE_STYLE_USAGE(.BOTH.,#13838);
#13838 = SURFACE_SIDE_STYLE('',(#13839));
#13839 = SURFACE_STYLE_FILL_AREA(#13840);
#13840 = FILL_AREA_STYLE('',(#13841));
#13841 = FILL_AREA_STYLE_COLOUR('',#13820);
#13842 = STYLED_ITEM('color',(#13843),#2217);
#13843 = PRESENTATION_STYLE_ASSIGNMENT((#13844));
#13844 = SURFACE_STYLE_USAGE(.BOTH.,#13845);
#13845 = SURFACE_SIDE_STYLE('',(#13846));
#13846 = SURFACE_STYLE_FILL_AREA(#13847);
#13847 = FILL_AREA_STYLE('',(#13848));
#13848 = FILL_AREA_STYLE_COLOUR('',#13820);
#13849 = STYLED_ITEM('color',(#13850),#2241);
#13850 = PRESENTATION_STYLE_ASSIGNMENT((#13851));
#13851 = SURFACE_STYLE_USAGE(.BOTH.,#13852);
#13852 = SURFACE_SIDE_STYLE('',(#13853));
#13853 = SURFACE_STYLE_FILL_AREA(#13854);
#13854 = FILL_AREA_STYLE('',(#13855));
#13855 = FILL_AREA_STYLE_COLOUR('',#13820);
#13856 = STYLED_ITEM('color',(#13857),#2265);
#13857 = PRESENTATION_STYLE_ASSIGNMENT((#13858));
#13858 = SURFACE_STYLE_USAGE(.BOTH.,#13859);
#13859 = SURFACE_SIDE_STYLE('',(#13860));
#13860 = SURFACE_STYLE_FILL_AREA(#13861);
#13861 = FILL_AREA_STYLE('',(#13862));
#13862 = FILL_AREA_STYLE_COLOUR('',#13820);
#13863 = STYLED_ITEM('color',(#13864),#2290);
#13864 = PRESENTATION_STYLE_ASSIGNMENT((#13865));
#13865 = SURFACE_STYLE_USAGE(.BOTH.,#13866);
#13866 = SURFACE_SIDE_STYLE('',(#13867));
#13867 = SURFACE_STYLE_FILL_AREA(#13868);
#13868 = FILL_AREA_STYLE('',(#13869));
#13869 = FILL_AREA_STYLE_COLOUR('',#13820);
#13870 = STYLED_ITEM('color',(#13871),#2315);
#13871 = PRESENTATION_STYLE_ASSIGNMENT((#13872));
#13872 = SURFACE_STYLE_USAGE(.BOTH.,#13873);
#13873 = SURFACE_SIDE_STYLE('',(#13874));
#13874 = SURFACE_STYLE_FILL_AREA(#13875);
#13875 = FILL_AREA_STYLE('',(#13876));
#13876 = FILL_AREA_STYLE_COLOUR('',#13820);
#13877 = STYLED_ITEM('color',(#13878),#2332);
#13878 = PRESENTATION_STYLE_ASSIGNMENT((#13879));
#13879 = SURFACE_STYLE_USAGE(.BOTH.,#13880);
#13880 = SURFACE_SIDE_STYLE('',(#13881));
#13881 = SURFACE_STYLE_FILL_AREA(#13882);
#13882 = FILL_AREA_STYLE('',(#13883));
#13883 = FILL_AREA_STYLE_COLOUR('',#13820);
#13884 = STYLED_ITEM('color',(#13885),#2418);
#13885 = PRESENTATION_STYLE_ASSIGNMENT((#13886));
#13886 = SURFACE_STYLE_USAGE(.BOTH.,#13887);
#13887 = SURFACE_SIDE_STYLE('',(#13888));
#13888 = SURFACE_STYLE_FILL_AREA(#13889);
#13889 = FILL_AREA_STYLE('',(#13890));
#13890 = FILL_AREA_STYLE_COLOUR('',#13891);
#13891 = COLOUR_RGB('',0.379000005575,0.270000008848,0.214999999939);
#13892 = STYLED_ITEM('color',(#13893),#2450);
#13893 = PRESENTATION_STYLE_ASSIGNMENT((#13894));
#13894 = SURFACE_STYLE_USAGE(.BOTH.,#13895);
#13895 = SURFACE_SIDE_STYLE('',(#13896));
#13896 = SURFACE_STYLE_FILL_AREA(#13897);
#13897 = FILL_AREA_STYLE('',(#13898));
#13898 = FILL_AREA_STYLE_COLOUR('',#13891);
#13899 = STYLED_ITEM('color',(#13900),#2474);
#13900 = PRESENTATION_STYLE_ASSIGNMENT((#13901));
#13901 = SURFACE_STYLE_USAGE(.BOTH.,#13902);
#13902 = SURFACE_SIDE_STYLE('',(#13903));
#13903 = SURFACE_STYLE_FILL_AREA(#13904);
#13904 = FILL_AREA_STYLE('',(#13905));
#13905 = FILL_AREA_STYLE_COLOUR('',#13891);
#13906 = STYLED_ITEM('color',(#13907),#2499);
#13907 = PRESENTATION_STYLE_ASSIGNMENT((#13908));
#13908 = SURFACE_STYLE_USAGE(.BOTH.,#13909);
#13909 = SURFACE_SIDE_STYLE('',(#13910));
#13910 = SURFACE_STYLE_FILL_AREA(#13911);
#13911 = FILL_AREA_STYLE('',(#13912));
#13912 = FILL_AREA_STYLE_COLOUR('',#13891);
#13913 = STYLED_ITEM('color',(#13914),#2523);
#13914 = PRESENTATION_STYLE_ASSIGNMENT((#13915));
#13915 = SURFACE_STYLE_USAGE(.BOTH.,#13916);
#13916 = SURFACE_SIDE_STYLE('',(#13917));
#13917 = SURFACE_STYLE_FILL_AREA(#13918);
#13918 = FILL_AREA_STYLE('',(#13919));
#13919 = FILL_AREA_STYLE_COLOUR('',#13891);
#13920 = STYLED_ITEM('color',(#13921),#2548);
#13921 = PRESENTATION_STYLE_ASSIGNMENT((#13922));
#13922 = SURFACE_STYLE_USAGE(.BOTH.,#13923);
#13923 = SURFACE_SIDE_STYLE('',(#13924));
#13924 = SURFACE_STYLE_FILL_AREA(#13925);
#13925 = FILL_AREA_STYLE('',(#13926));
#13926 = FILL_AREA_STYLE_COLOUR('',#13891);
#13927 = STYLED_ITEM('color',(#13928),#2572);
#13928 = PRESENTATION_STYLE_ASSIGNMENT((#13929));
#13929 = SURFACE_STYLE_USAGE(.BOTH.,#13930);
#13930 = SURFACE_SIDE_STYLE('',(#13931));
#13931 = SURFACE_STYLE_FILL_AREA(#13932);
#13932 = FILL_AREA_STYLE('',(#13933));
#13933 = FILL_AREA_STYLE_COLOUR('',#13891);
#13934 = STYLED_ITEM('color',(#13935),#2597);
#13935 = PRESENTATION_STYLE_ASSIGNMENT((#13936));
#13936 = SURFACE_STYLE_USAGE(.BOTH.,#13937);
#13937 = SURFACE_SIDE_STYLE('',(#13938));
#13938 = SURFACE_STYLE_FILL_AREA(#13939);
#13939 = FILL_AREA_STYLE('',(#13940));
#13940 = FILL_AREA_STYLE_COLOUR('',#13891);
#13941 = STYLED_ITEM('color',(#13942),#2614);
#13942 = PRESENTATION_STYLE_ASSIGNMENT((#13943));
#13943 = SURFACE_STYLE_USAGE(.BOTH.,#13944);
#13944 = SURFACE_SIDE_STYLE('',(#13945));
#13945 = SURFACE_STYLE_FILL_AREA(#13946);
#13946 = FILL_AREA_STYLE('',(#13947));
#13947 = FILL_AREA_STYLE_COLOUR('',#13820);
#13948 = STYLED_ITEM('color',(#13949),#2700);
#13949 = PRESENTATION_STYLE_ASSIGNMENT((#13950));
#13950 = SURFACE_STYLE_USAGE(.BOTH.,#13951);
#13951 = SURFACE_SIDE_STYLE('',(#13952));
#13952 = SURFACE_STYLE_FILL_AREA(#13953);
#13953 = FILL_AREA_STYLE('',(#13954));
#13954 = FILL_AREA_STYLE_COLOUR('',#13820);
#13955 = STYLED_ITEM('color',(#13956),#2731);
#13956 = PRESENTATION_STYLE_ASSIGNMENT((#13957));
#13957 = SURFACE_STYLE_USAGE(.BOTH.,#13958);
#13958 = SURFACE_SIDE_STYLE('',(#13959));
#13959 = SURFACE_STYLE_FILL_AREA(#13960);
#13960 = FILL_AREA_STYLE('',(#13961));
#13961 = FILL_AREA_STYLE_COLOUR('',#13820);
#13962 = STYLED_ITEM('color',(#13963),#2756);
#13963 = PRESENTATION_STYLE_ASSIGNMENT((#13964));
#13964 = SURFACE_STYLE_USAGE(.BOTH.,#13965);
#13965 = SURFACE_SIDE_STYLE('',(#13966));
#13966 = SURFACE_STYLE_FILL_AREA(#13967);
#13967 = FILL_AREA_STYLE('',(#13968));
#13968 = FILL_AREA_STYLE_COLOUR('',#13820);
#13969 = STYLED_ITEM('color',(#13970),#2781);
#13970 = PRESENTATION_STYLE_ASSIGNMENT((#13971));
#13971 = SURFACE_STYLE_USAGE(.BOTH.,#13972);
#13972 = SURFACE_SIDE_STYLE('',(#13973));
#13973 = SURFACE_STYLE_FILL_AREA(#13974);
#13974 = FILL_AREA_STYLE('',(#13975));
#13975 = FILL_AREA_STYLE_COLOUR('',#13820);
#13976 = STYLED_ITEM('color',(#13977),#2805);
#13977 = PRESENTATION_STYLE_ASSIGNMENT((#13978));
#13978 = SURFACE_STYLE_USAGE(.BOTH.,#13979);
#13979 = SURFACE_SIDE_STYLE('',(#13980));
#13980 = SURFACE_STYLE_FILL_AREA(#13981);
#13981 = FILL_AREA_STYLE('',(#13982));
#13982 = FILL_AREA_STYLE_COLOUR('',#13820);
#13983 = STYLED_ITEM('color',(#13984),#2829);
#13984 = PRESENTATION_STYLE_ASSIGNMENT((#13985));
#13985 = SURFACE_STYLE_USAGE(.BOTH.,#13986);
#13986 = SURFACE_SIDE_STYLE('',(#13987));
#13987 = SURFACE_STYLE_FILL_AREA(#13988);
#13988 = FILL_AREA_STYLE('',(#13989));
#13989 = FILL_AREA_STYLE_COLOUR('',#13820);
#13990 = STYLED_ITEM('color',(#13991),#2854);
#13991 = PRESENTATION_STYLE_ASSIGNMENT((#13992));
#13992 = SURFACE_STYLE_USAGE(.BOTH.,#13993);
#13993 = SURFACE_SIDE_STYLE('',(#13994));
#13994 = SURFACE_STYLE_FILL_AREA(#13995);
#13995 = FILL_AREA_STYLE('',(#13996));
#13996 = FILL_AREA_STYLE_COLOUR('',#13820);
#13997 = STYLED_ITEM('color',(#13998),#2879);
#13998 = PRESENTATION_STYLE_ASSIGNMENT((#13999));
#13999 = SURFACE_STYLE_USAGE(.BOTH.,#14000);
#14000 = SURFACE_SIDE_STYLE('',(#14001));
#14001 = SURFACE_STYLE_FILL_AREA(#14002);
#14002 = FILL_AREA_STYLE('',(#14003));
#14003 = FILL_AREA_STYLE_COLOUR('',#13820);
#14004 = STYLED_ITEM('color',(#14005),#2896);
#14005 = PRESENTATION_STYLE_ASSIGNMENT((#14006));
#14006 = SURFACE_STYLE_USAGE(.BOTH.,#14007);
#14007 = SURFACE_SIDE_STYLE('',(#14008));
#14008 = SURFACE_STYLE_FILL_AREA(#14009);
#14009 = FILL_AREA_STYLE('',(#14010));
#14010 = FILL_AREA_STYLE_COLOUR('',#13820);
#14011 = MECHANICAL_DESIGN_GEOMETRIC_PRESENTATION_REPRESENTATION('',(
    #14012),#13801);
#14012 = STYLED_ITEM('color',(#14013),#9027);
#14013 = PRESENTATION_STYLE_ASSIGNMENT((#14014));
#14014 = SURFACE_STYLE_USAGE(.BOTH.,#14015);
#14015 = SURFACE_SIDE_STYLE('',(#14016));
#14016 = SURFACE_STYLE_FILL_AREA(#14017);
#14017 = FILL_AREA_STYLE('',(#14018));
#14018 = FILL_AREA_STYLE_COLOUR('',#14019);
#14019 = COLOUR_RGB('',0.277846546019,0.436627062838,0.370214030736);
#14020 = MECHANICAL_DESIGN_GEOMETRIC_PRESENTATION_REPRESENTATION('',(
    #14021,#14028,#14035,#14042,#14049,#14056,#14063,#14070,#14078,
    #14085,#14092,#14099,#14106,#14113,#14121,#14128,#14135,#14142,
    #14149,#14156,#14163,#14170,#14177,#14184,#14191,#14198),#6877);
#14021 = STYLED_ITEM('color',(#14022),#6089);
#14022 = PRESENTATION_STYLE_ASSIGNMENT((#14023));
#14023 = SURFACE_STYLE_USAGE(.BOTH.,#14024);
#14024 = SURFACE_SIDE_STYLE('',(#14025));
#14025 = SURFACE_STYLE_FILL_AREA(#14026);
#14026 = FILL_AREA_STYLE('',(#14027));
#14027 = FILL_AREA_STYLE_COLOUR('',#13820);
#14028 = STYLED_ITEM('color',(#14029),#6129);
#14029 = PRESENTATION_STYLE_ASSIGNMENT((#14030));
#14030 = SURFACE_STYLE_USAGE(.BOTH.,#14031);
#14031 = SURFACE_SIDE_STYLE('',(#14032));
#14032 = SURFACE_STYLE_FILL_AREA(#14033);
#14033 = FILL_AREA_STYLE('',(#14034));
#14034 = FILL_AREA_STYLE_COLOUR('',#13820);
#14035 = STYLED_ITEM('color',(#14036),#6212);
#14036 = PRESENTATION_STYLE_ASSIGNMENT((#14037));
#14037 = SURFACE_STYLE_USAGE(.BOTH.,#14038);
#14038 = SURFACE_SIDE_STYLE('',(#14039));
#14039 = SURFACE_STYLE_FILL_AREA(#14040);
#14040 = FILL_AREA_STYLE('',(#14041));
#14041 = FILL_AREA_STYLE_COLOUR('',#13820);
#14042 = STYLED_ITEM('color',(#14043),#6237);
#14043 = PRESENTATION_STYLE_ASSIGNMENT((#14044));
#14044 = SURFACE_STYLE_USAGE(.BOTH.,#14045);
#14045 = SURFACE_SIDE_STYLE('',(#14046));
#14046 = SURFACE_STYLE_FILL_AREA(#14047);
#14047 = FILL_AREA_STYLE('',(#14048));
#14048 = FILL_AREA_STYLE_COLOUR('',#13820);
#14049 = STYLED_ITEM('color',(#14050),#6262);
#14050 = PRESENTATION_STYLE_ASSIGNMENT((#14051));
#14051 = SURFACE_STYLE_USAGE(.BOTH.,#14052);
#14052 = SURFACE_SIDE_STYLE('',(#14053));
#14053 = SURFACE_STYLE_FILL_AREA(#14054);
#14054 = FILL_AREA_STYLE('',(#14055));
#14055 = FILL_AREA_STYLE_COLOUR('',#13820);
#14056 = STYLED_ITEM('color',(#14057),#6329);
#14057 = PRESENTATION_STYLE_ASSIGNMENT((#14058));
#14058 = SURFACE_STYLE_USAGE(.BOTH.,#14059);
#14059 = SURFACE_SIDE_STYLE('',(#14060));
#14060 = SURFACE_STYLE_FILL_AREA(#14061);
#14061 = FILL_AREA_STYLE('',(#14062));
#14062 = FILL_AREA_STYLE_COLOUR('',#13820);
#14063 = STYLED_ITEM('color',(#14064),#6346);
#14064 = PRESENTATION_STYLE_ASSIGNMENT((#14065));
#14065 = SURFACE_STYLE_USAGE(.BOTH.,#14066);
#14066 = SURFACE_SIDE_STYLE('',(#14067));
#14067 = SURFACE_STYLE_FILL_AREA(#14068);
#14068 = FILL_AREA_STYLE('',(#14069));
#14069 = FILL_AREA_STYLE_COLOUR('',#13820);
#14070 = STYLED_ITEM('color',(#14071),#6363);
#14071 = PRESENTATION_STYLE_ASSIGNMENT((#14072));
#14072 = SURFACE_STYLE_USAGE(.BOTH.,#14073);
#14073 = SURFACE_SIDE_STYLE('',(#14074));
#14074 = SURFACE_STYLE_FILL_AREA(#14075);
#14075 = FILL_AREA_STYLE('',(#14076));
#14076 = FILL_AREA_STYLE_COLOUR('',#14077);
#14077 = COLOUR_RGB('',0.894999966383,0.890999961016,0.813000030345);
#14078 = STYLED_ITEM('color',(#14079),#6412);
#14079 = PRESENTATION_STYLE_ASSIGNMENT((#14080));
#14080 = SURFACE_STYLE_USAGE(.BOTH.,#14081);
#14081 = SURFACE_SIDE_STYLE('',(#14082));
#14082 = SURFACE_STYLE_FILL_AREA(#14083);
#14083 = FILL_AREA_STYLE('',(#14084));
#14084 = FILL_AREA_STYLE_COLOUR('',#13820);
#14085 = STYLED_ITEM('color',(#14086),#6429);
#14086 = PRESENTATION_STYLE_ASSIGNMENT((#14087));
#14087 = SURFACE_STYLE_USAGE(.BOTH.,#14088);
#14088 = SURFACE_SIDE_STYLE('',(#14089));
#14089 = SURFACE_STYLE_FILL_AREA(#14090);
#14090 = FILL_AREA_STYLE('',(#14091));
#14091 = FILL_AREA_STYLE_COLOUR('',#13820);
#14092 = STYLED_ITEM('color',(#14093),#6446);
#14093 = PRESENTATION_STYLE_ASSIGNMENT((#14094));
#14094 = SURFACE_STYLE_USAGE(.BOTH.,#14095);
#14095 = SURFACE_SIDE_STYLE('',(#14096));
#14096 = SURFACE_STYLE_FILL_AREA(#14097);
#14097 = FILL_AREA_STYLE('',(#14098));
#14098 = FILL_AREA_STYLE_COLOUR('',#14077);
#14099 = STYLED_ITEM('color',(#14100),#6495);
#14100 = PRESENTATION_STYLE_ASSIGNMENT((#14101));
#14101 = SURFACE_STYLE_USAGE(.BOTH.,#14102);
#14102 = SURFACE_SIDE_STYLE('',(#14103));
#14103 = SURFACE_STYLE_FILL_AREA(#14104);
#14104 = FILL_AREA_STYLE('',(#14105));
#14105 = FILL_AREA_STYLE_COLOUR('',#14077);
#14106 = STYLED_ITEM('color',(#14107),#6512);
#14107 = PRESENTATION_STYLE_ASSIGNMENT((#14108));
#14108 = SURFACE_STYLE_USAGE(.BOTH.,#14109);
#14109 = SURFACE_SIDE_STYLE('',(#14110));
#14110 = SURFACE_STYLE_FILL_AREA(#14111);
#14111 = FILL_AREA_STYLE('',(#14112));
#14112 = FILL_AREA_STYLE_COLOUR('',#13820);
#14113 = STYLED_ITEM('color',(#14114),#6581);
#14114 = PRESENTATION_STYLE_ASSIGNMENT((#14115));
#14115 = SURFACE_STYLE_USAGE(.BOTH.,#14116);
#14116 = SURFACE_SIDE_STYLE('',(#14117));
#14117 = SURFACE_STYLE_FILL_AREA(#14118);
#14118 = FILL_AREA_STYLE('',(#14119));
#14119 = FILL_AREA_STYLE_COLOUR('',#14120);
#14120 = COLOUR_RGB('',8.200000279077E-02,8.600000121357E-02,
  9.399999706163E-02);
#14121 = STYLED_ITEM('color',(#14122),#6612);
#14122 = PRESENTATION_STYLE_ASSIGNMENT((#14123));
#14123 = SURFACE_STYLE_USAGE(.BOTH.,#14124);
#14124 = SURFACE_SIDE_STYLE('',(#14125));
#14125 = SURFACE_STYLE_FILL_AREA(#14126);
#14126 = FILL_AREA_STYLE('',(#14127));
#14127 = FILL_AREA_STYLE_COLOUR('',#14120);
#14128 = STYLED_ITEM('color',(#14129),#6636);
#14129 = PRESENTATION_STYLE_ASSIGNMENT((#14130));
#14130 = SURFACE_STYLE_USAGE(.BOTH.,#14131);
#14131 = SURFACE_SIDE_STYLE('',(#14132));
#14132 = SURFACE_STYLE_FILL_AREA(#14133);
#14133 = FILL_AREA_STYLE('',(#14134));
#14134 = FILL_AREA_STYLE_COLOUR('',#13820);
#14135 = STYLED_ITEM('color',(#14136),#6705);
#14136 = PRESENTATION_STYLE_ASSIGNMENT((#14137));
#14137 = SURFACE_STYLE_USAGE(.BOTH.,#14138);
#14138 = SURFACE_SIDE_STYLE('',(#14139));
#14139 = SURFACE_STYLE_FILL_AREA(#14140);
#14140 = FILL_AREA_STYLE('',(#14141));
#14141 = FILL_AREA_STYLE_COLOUR('',#14120);
#14142 = STYLED_ITEM('color',(#14143),#6729);
#14143 = PRESENTATION_STYLE_ASSIGNMENT((#14144));
#14144 = SURFACE_STYLE_USAGE(.BOTH.,#14145);
#14145 = SURFACE_SIDE_STYLE('',(#14146));
#14146 = SURFACE_STYLE_FILL_AREA(#14147);
#14147 = FILL_AREA_STYLE('',(#14148));
#14148 = FILL_AREA_STYLE_COLOUR('',#13820);
#14149 = STYLED_ITEM('color',(#14150),#6746);
#14150 = PRESENTATION_STYLE_ASSIGNMENT((#14151));
#14151 = SURFACE_STYLE_USAGE(.BOTH.,#14152);
#14152 = SURFACE_SIDE_STYLE('',(#14153));
#14153 = SURFACE_STYLE_FILL_AREA(#14154);
#14154 = FILL_AREA_STYLE('',(#14155));
#14155 = FILL_AREA_STYLE_COLOUR('',#13820);
#14156 = STYLED_ITEM('color',(#14157),#6763);
#14157 = PRESENTATION_STYLE_ASSIGNMENT((#14158));
#14158 = SURFACE_STYLE_USAGE(.BOTH.,#14159);
#14159 = SURFACE_SIDE_STYLE('',(#14160));
#14160 = SURFACE_STYLE_FILL_AREA(#14161);
#14161 = FILL_AREA_STYLE('',(#14162));
#14162 = FILL_AREA_STYLE_COLOUR('',#13820);
#14163 = STYLED_ITEM('color',(#14164),#6780);
#14164 = PRESENTATION_STYLE_ASSIGNMENT((#14165));
#14165 = SURFACE_STYLE_USAGE(.BOTH.,#14166);
#14166 = SURFACE_SIDE_STYLE('',(#14167));
#14167 = SURFACE_STYLE_FILL_AREA(#14168);
#14168 = FILL_AREA_STYLE('',(#14169));
#14169 = FILL_AREA_STYLE_COLOUR('',#13820);
#14170 = STYLED_ITEM('color',(#14171),#6797);
#14171 = PRESENTATION_STYLE_ASSIGNMENT((#14172));
#14172 = SURFACE_STYLE_USAGE(.BOTH.,#14173);
#14173 = SURFACE_SIDE_STYLE('',(#14174));
#14174 = SURFACE_STYLE_FILL_AREA(#14175);
#14175 = FILL_AREA_STYLE('',(#14176));
#14176 = FILL_AREA_STYLE_COLOUR('',#13820);
#14177 = STYLED_ITEM('color',(#14178),#6814);
#14178 = PRESENTATION_STYLE_ASSIGNMENT((#14179));
#14179 = SURFACE_STYLE_USAGE(.BOTH.,#14180);
#14180 = SURFACE_SIDE_STYLE('',(#14181));
#14181 = SURFACE_STYLE_FILL_AREA(#14182);
#14182 = FILL_AREA_STYLE('',(#14183));
#14183 = FILL_AREA_STYLE_COLOUR('',#13820);
#14184 = STYLED_ITEM('color',(#14185),#6831);
#14185 = PRESENTATION_STYLE_ASSIGNMENT((#14186));
#14186 = SURFACE_STYLE_USAGE(.BOTH.,#14187);
#14187 = SURFACE_SIDE_STYLE('',(#14188));
#14188 = SURFACE_STYLE_FILL_AREA(#14189);
#14189 = FILL_AREA_STYLE('',(#14190));
#14190 = FILL_AREA_STYLE_COLOUR('',#13820);
#14191 = STYLED_ITEM('color',(#14192),#6848);
#14192 = PRESENTATION_STYLE_ASSIGNMENT((#14193));
#14193 = SURFACE_STYLE_USAGE(.BOTH.,#14194);
#14194 = SURFACE_SIDE_STYLE('',(#14195));
#14195 = SURFACE_STYLE_FILL_AREA(#14196);
#14196 = FILL_AREA_STYLE('',(#14197));
#14197 = FILL_AREA_STYLE_COLOUR('',#14120);
#14198 = STYLED_ITEM('color',(#14199),#6865);
#14199 = PRESENTATION_STYLE_ASSIGNMENT((#14200));
#14200 = SURFACE_STYLE_USAGE(.BOTH.,#14201);
#14201 = SURFACE_SIDE_STYLE('',(#14202));
#14202 = SURFACE_STYLE_FILL_AREA(#14203);
#14203 = FILL_AREA_STYLE('',(#14204));
#14204 = FILL_AREA_STYLE_COLOUR('',#14120);
#14205 = MECHANICAL_DESIGN_GEOMETRIC_PRESENTATION_REPRESENTATION('',(
    #14206,#14213,#14220,#14227,#14234,#14241,#14248,#14255,#14262,
    #14269,#14276,#14283,#14290,#14297,#14304,#14311,#14318,#14325,
    #14332,#14339,#14346,#14353,#14360,#14367,#14374,#14381),#6048);
#14206 = STYLED_ITEM('color',(#14207),#5260);
#14207 = PRESENTATION_STYLE_ASSIGNMENT((#14208));
#14208 = SURFACE_STYLE_USAGE(.BOTH.,#14209);
#14209 = SURFACE_SIDE_STYLE('',(#14210));
#14210 = SURFACE_STYLE_FILL_AREA(#14211);
#14211 = FILL_AREA_STYLE('',(#14212));
#14212 = FILL_AREA_STYLE_COLOUR('',#13820);
#14213 = STYLED_ITEM('color',(#14214),#5300);
#14214 = PRESENTATION_STYLE_ASSIGNMENT((#14215));
#14215 = SURFACE_STYLE_USAGE(.BOTH.,#14216);
#14216 = SURFACE_SIDE_STYLE('',(#14217));
#14217 = SURFACE_STYLE_FILL_AREA(#14218);
#14218 = FILL_AREA_STYLE('',(#14219));
#14219 = FILL_AREA_STYLE_COLOUR('',#13820);
#14220 = STYLED_ITEM('color',(#14221),#5383);
#14221 = PRESENTATION_STYLE_ASSIGNMENT((#14222));
#14222 = SURFACE_STYLE_USAGE(.BOTH.,#14223);
#14223 = SURFACE_SIDE_STYLE('',(#14224));
#14224 = SURFACE_STYLE_FILL_AREA(#14225);
#14225 = FILL_AREA_STYLE('',(#14226));
#14226 = FILL_AREA_STYLE_COLOUR('',#13820);
#14227 = STYLED_ITEM('color',(#14228),#5408);
#14228 = PRESENTATION_STYLE_ASSIGNMENT((#14229));
#14229 = SURFACE_STYLE_USAGE(.BOTH.,#14230);
#14230 = SURFACE_SIDE_STYLE('',(#14231));
#14231 = SURFACE_STYLE_FILL_AREA(#14232);
#14232 = FILL_AREA_STYLE('',(#14233));
#14233 = FILL_AREA_STYLE_COLOUR('',#13820);
#14234 = STYLED_ITEM('color',(#14235),#5433);
#14235 = PRESENTATION_STYLE_ASSIGNMENT((#14236));
#14236 = SURFACE_STYLE_USAGE(.BOTH.,#14237);
#14237 = SURFACE_SIDE_STYLE('',(#14238));
#14238 = SURFACE_STYLE_FILL_AREA(#14239);
#14239 = FILL_AREA_STYLE('',(#14240));
#14240 = FILL_AREA_STYLE_COLOUR('',#13820);
#14241 = STYLED_ITEM('color',(#14242),#5500);
#14242 = PRESENTATION_STYLE_ASSIGNMENT((#14243));
#14243 = SURFACE_STYLE_USAGE(.BOTH.,#14244);
#14244 = SURFACE_SIDE_STYLE('',(#14245));
#14245 = SURFACE_STYLE_FILL_AREA(#14246);
#14246 = FILL_AREA_STYLE('',(#14247));
#14247 = FILL_AREA_STYLE_COLOUR('',#13820);
#14248 = STYLED_ITEM('color',(#14249),#5517);
#14249 = PRESENTATION_STYLE_ASSIGNMENT((#14250));
#14250 = SURFACE_STYLE_USAGE(.BOTH.,#14251);
#14251 = SURFACE_SIDE_STYLE('',(#14252));
#14252 = SURFACE_STYLE_FILL_AREA(#14253);
#14253 = FILL_AREA_STYLE('',(#14254));
#14254 = FILL_AREA_STYLE_COLOUR('',#13820);
#14255 = STYLED_ITEM('color',(#14256),#5534);
#14256 = PRESENTATION_STYLE_ASSIGNMENT((#14257));
#14257 = SURFACE_STYLE_USAGE(.BOTH.,#14258);
#14258 = SURFACE_SIDE_STYLE('',(#14259));
#14259 = SURFACE_STYLE_FILL_AREA(#14260);
#14260 = FILL_AREA_STYLE('',(#14261));
#14261 = FILL_AREA_STYLE_COLOUR('',#14077);
#14262 = STYLED_ITEM('color',(#14263),#5583);
#14263 = PRESENTATION_STYLE_ASSIGNMENT((#14264));
#14264 = SURFACE_STYLE_USAGE(.BOTH.,#14265);
#14265 = SURFACE_SIDE_STYLE('',(#14266));
#14266 = SURFACE_STYLE_FILL_AREA(#14267);
#14267 = FILL_AREA_STYLE('',(#14268));
#14268 = FILL_AREA_STYLE_COLOUR('',#13820);
#14269 = STYLED_ITEM('color',(#14270),#5600);
#14270 = PRESENTATION_STYLE_ASSIGNMENT((#14271));
#14271 = SURFACE_STYLE_USAGE(.BOTH.,#14272);
#14272 = SURFACE_SIDE_STYLE('',(#14273));
#14273 = SURFACE_STYLE_FILL_AREA(#14274);
#14274 = FILL_AREA_STYLE('',(#14275));
#14275 = FILL_AREA_STYLE_COLOUR('',#13820);
#14276 = STYLED_ITEM('color',(#14277),#5617);
#14277 = PRESENTATION_STYLE_ASSIGNMENT((#14278));
#14278 = SURFACE_STYLE_USAGE(.BOTH.,#14279);
#14279 = SURFACE_SIDE_STYLE('',(#14280));
#14280 = SURFACE_STYLE_FILL_AREA(#14281);
#14281 = FILL_AREA_STYLE('',(#14282));
#14282 = FILL_AREA_STYLE_COLOUR('',#14077);
#14283 = STYLED_ITEM('color',(#14284),#5666);
#14284 = PRESENTATION_STYLE_ASSIGNMENT((#14285));
#14285 = SURFACE_STYLE_USAGE(.BOTH.,#14286);
#14286 = SURFACE_SIDE_STYLE('',(#14287));
#14287 = SURFACE_STYLE_FILL_AREA(#14288);
#14288 = FILL_AREA_STYLE('',(#14289));
#14289 = FILL_AREA_STYLE_COLOUR('',#14077);
#14290 = STYLED_ITEM('color',(#14291),#5683);
#14291 = PRESENTATION_STYLE_ASSIGNMENT((#14292));
#14292 = SURFACE_STYLE_USAGE(.BOTH.,#14293);
#14293 = SURFACE_SIDE_STYLE('',(#14294));
#14294 = SURFACE_STYLE_FILL_AREA(#14295);
#14295 = FILL_AREA_STYLE('',(#14296));
#14296 = FILL_AREA_STYLE_COLOUR('',#13820);
#14297 = STYLED_ITEM('color',(#14298),#5752);
#14298 = PRESENTATION_STYLE_ASSIGNMENT((#14299));
#14299 = SURFACE_STYLE_USAGE(.BOTH.,#14300);
#14300 = SURFACE_SIDE_STYLE('',(#14301));
#14301 = SURFACE_STYLE_FILL_AREA(#14302);
#14302 = FILL_AREA_STYLE('',(#14303));
#14303 = FILL_AREA_STYLE_COLOUR('',#14120);
#14304 = STYLED_ITEM('color',(#14305),#5783);
#14305 = PRESENTATION_STYLE_ASSIGNMENT((#14306));
#14306 = SURFACE_STYLE_USAGE(.BOTH.,#14307);
#14307 = SURFACE_SIDE_STYLE('',(#14308));
#14308 = SURFACE_STYLE_FILL_AREA(#14309);
#14309 = FILL_AREA_STYLE('',(#14310));
#14310 = FILL_AREA_STYLE_COLOUR('',#14120);
#14311 = STYLED_ITEM('color',(#14312),#5807);
#14312 = PRESENTATION_STYLE_ASSIGNMENT((#14313));
#14313 = SURFACE_STYLE_USAGE(.BOTH.,#14314);
#14314 = SURFACE_SIDE_STYLE('',(#14315));
#14315 = SURFACE_STYLE_FILL_AREA(#14316);
#14316 = FILL_AREA_STYLE('',(#14317));
#14317 = FILL_AREA_STYLE_COLOUR('',#13820);
#14318 = STYLED_ITEM('color',(#14319),#5876);
#14319 = PRESENTATION_STYLE_ASSIGNMENT((#14320));
#14320 = SURFACE_STYLE_USAGE(.BOTH.,#14321);
#14321 = SURFACE_SIDE_STYLE('',(#14322));
#14322 = SURFACE_STYLE_FILL_AREA(#14323);
#14323 = FILL_AREA_STYLE('',(#14324));
#14324 = FILL_AREA_STYLE_COLOUR('',#14120);
#14325 = STYLED_ITEM('color',(#14326),#5900);
#14326 = PRESENTATION_STYLE_ASSIGNMENT((#14327));
#14327 = SURFACE_STYLE_USAGE(.BOTH.,#14328);
#14328 = SURFACE_SIDE_STYLE('',(#14329));
#14329 = SURFACE_STYLE_FILL_AREA(#14330);
#14330 = FILL_AREA_STYLE('',(#14331));
#14331 = FILL_AREA_STYLE_COLOUR('',#13820);
#14332 = STYLED_ITEM('color',(#14333),#5917);
#14333 = PRESENTATION_STYLE_ASSIGNMENT((#14334));
#14334 = SURFACE_STYLE_USAGE(.BOTH.,#14335);
#14335 = SURFACE_SIDE_STYLE('',(#14336));
#14336 = SURFACE_STYLE_FILL_AREA(#14337);
#14337 = FILL_AREA_STYLE('',(#14338));
#14338 = FILL_AREA_STYLE_COLOUR('',#13820);
#14339 = STYLED_ITEM('color',(#14340),#5934);
#14340 = PRESENTATION_STYLE_ASSIGNMENT((#14341));
#14341 = SURFACE_STYLE_USAGE(.BOTH.,#14342);
#14342 = SURFACE_SIDE_STYLE('',(#14343));
#14343 = SURFACE_STYLE_FILL_AREA(#14344);
#14344 = FILL_AREA_STYLE('',(#14345));
#14345 = FILL_AREA_STYLE_COLOUR('',#13820);
#14346 = STYLED_ITEM('color',(#14347),#5951);
#14347 = PRESENTATION_STYLE_ASSIGNMENT((#14348));
#14348 = SURFACE_STYLE_USAGE(.BOTH.,#14349);
#14349 = SURFACE_SIDE_STYLE('',(#14350));
#14350 = SURFACE_STYLE_FILL_AREA(#14351);
#14351 = FILL_AREA_STYLE('',(#14352));
#14352 = FILL_AREA_STYLE_COLOUR('',#13820);
#14353 = STYLED_ITEM('color',(#14354),#5968);
#14354 = PRESENTATION_STYLE_ASSIGNMENT((#14355));
#14355 = SURFACE_STYLE_USAGE(.BOTH.,#14356);
#14356 = SURFACE_SIDE_STYLE('',(#14357));
#14357 = SURFACE_STYLE_FILL_AREA(#14358);
#14358 = FILL_AREA_STYLE('',(#14359));
#14359 = FILL_AREA_STYLE_COLOUR('',#13820);
#14360 = STYLED_ITEM('color',(#14361),#5985);
#14361 = PRESENTATION_STYLE_ASSIGNMENT((#14362));
#14362 = SURFACE_STYLE_USAGE(.BOTH.,#14363);
#14363 = SURFACE_SIDE_STYLE('',(#14364));
#14364 = SURFACE_STYLE_FILL_AREA(#14365);
#14365 = FILL_AREA_STYLE('',(#14366));
#14366 = FILL_AREA_STYLE_COLOUR('',#13820);
#14367 = STYLED_ITEM('color',(#14368),#6002);
#14368 = PRESENTATION_STYLE_ASSIGNMENT((#14369));
#14369 = SURFACE_STYLE_USAGE(.BOTH.,#14370);
#14370 = SURFACE_SIDE_STYLE('',(#14371));
#14371 = SURFACE_STYLE_FILL_AREA(#14372);
#14372 = FILL_AREA_STYLE('',(#14373));
#14373 = FILL_AREA_STYLE_COLOUR('',#13820);
#14374 = STYLED_ITEM('color',(#14375),#6019);
#14375 = PRESENTATION_STYLE_ASSIGNMENT((#14376));
#14376 = SURFACE_STYLE_USAGE(.BOTH.,#14377);
#14377 = SURFACE_SIDE_STYLE('',(#14378));
#14378 = SURFACE_STYLE_FILL_AREA(#14379);
#14379 = FILL_AREA_STYLE('',(#14380));
#14380 = FILL_AREA_STYLE_COLOUR('',#14120);
#14381 = STYLED_ITEM('color',(#14382),#6036);
#14382 = PRESENTATION_STYLE_ASSIGNMENT((#14383));
#14383 = SURFACE_STYLE_USAGE(.BOTH.,#14384);
#14384 = SURFACE_SIDE_STYLE('',(#14385));
#14385 = SURFACE_STYLE_FILL_AREA(#14386);
#14386 = FILL_AREA_STYLE('',(#14387));
#14387 = FILL_AREA_STYLE_COLOUR('',#14120);
#14388 = MECHANICAL_DESIGN_GEOMETRIC_PRESENTATION_REPRESENTATION('',(
    #14389,#14399,#14408,#14417,#14426,#14435,#14444,#14453,#14462,
    #14471,#14480,#14489,#14498,#14507,#14516,#14525,#14534,#14543,
    #14552,#14561,#14570,#14579,#14588,#14597,#14606,#14615,#14624,
    #14633,#14642,#14651,#14660,#14669,#14678,#14687,#14696,#14705,
    #14714,#14723,#14732,#14741,#14750,#14759,#14768,#14777,#14786,
    #14795,#14804,#14813,#14822,#14831,#14840,#14849,#14858,#14867,
    #14876,#14885,#14894,#14903,#14912,#14921,#14930,#14939,#14948,
    #14957,#14966,#14975,#14984,#14993,#15002),#8988);
#14389 = STYLED_ITEM('color',(#14390),#7008);
#14390 = PRESENTATION_STYLE_ASSIGNMENT((#14391,#14397));
#14391 = SURFACE_STYLE_USAGE(.BOTH.,#14392);
#14392 = SURFACE_SIDE_STYLE('',(#14393));
#14393 = SURFACE_STYLE_FILL_AREA(#14394);
#14394 = FILL_AREA_STYLE('',(#14395));
#14395 = FILL_AREA_STYLE_COLOUR('',#14396);
#14396 = COLOUR_RGB('',0.147999998088,0.145000001626,0.145000001626);
#14397 = CURVE_STYLE('',#14398,POSITIVE_LENGTH_MEASURE(0.1),#14396);
#14398 = DRAUGHTING_PRE_DEFINED_CURVE_FONT('continuous');
#14399 = STYLED_ITEM('color',(#14400),#7046);
#14400 = PRESENTATION_STYLE_ASSIGNMENT((#14401,#14406));
#14401 = SURFACE_STYLE_USAGE(.BOTH.,#14402);
#14402 = SURFACE_SIDE_STYLE('',(#14403));
#14403 = SURFACE_STYLE_FILL_AREA(#14404);
#14404 = FILL_AREA_STYLE('',(#14405));
#14405 = FILL_AREA_STYLE_COLOUR('',#14396);
#14406 = CURVE_STYLE('',#14407,POSITIVE_LENGTH_MEASURE(0.1),#14396);
#14407 = DRAUGHTING_PRE_DEFINED_CURVE_FONT('continuous');
#14408 = STYLED_ITEM('color',(#14409),#7109);
#14409 = PRESENTATION_STYLE_ASSIGNMENT((#14410,#14415));
#14410 = SURFACE_STYLE_USAGE(.BOTH.,#14411);
#14411 = SURFACE_SIDE_STYLE('',(#14412));
#14412 = SURFACE_STYLE_FILL_AREA(#14413);
#14413 = FILL_AREA_STYLE('',(#14414));
#14414 = FILL_AREA_STYLE_COLOUR('',#14396);
#14415 = CURVE_STYLE('',#14416,POSITIVE_LENGTH_MEASURE(0.1),#14396);
#14416 = DRAUGHTING_PRE_DEFINED_CURVE_FONT('continuous');
#14417 = STYLED_ITEM('color',(#14418),#7132);
#14418 = PRESENTATION_STYLE_ASSIGNMENT((#14419,#14424));
#14419 = SURFACE_STYLE_USAGE(.BOTH.,#14420);
#14420 = SURFACE_SIDE_STYLE('',(#14421));
#14421 = SURFACE_STYLE_FILL_AREA(#14422);
#14422 = FILL_AREA_STYLE('',(#14423));
#14423 = FILL_AREA_STYLE_COLOUR('',#14396);
#14424 = CURVE_STYLE('',#14425,POSITIVE_LENGTH_MEASURE(0.1),#14396);
#14425 = DRAUGHTING_PRE_DEFINED_CURVE_FONT('continuous');
#14426 = STYLED_ITEM('color',(#14427),#7161);
#14427 = PRESENTATION_STYLE_ASSIGNMENT((#14428,#14433));
#14428 = SURFACE_STYLE_USAGE(.BOTH.,#14429);
#14429 = SURFACE_SIDE_STYLE('',(#14430));
#14430 = SURFACE_STYLE_FILL_AREA(#14431);
#14431 = FILL_AREA_STYLE('',(#14432));
#14432 = FILL_AREA_STYLE_COLOUR('',#14396);
#14433 = CURVE_STYLE('',#14434,POSITIVE_LENGTH_MEASURE(0.1),#14396);
#14434 = DRAUGHTING_PRE_DEFINED_CURVE_FONT('continuous');
#14435 = STYLED_ITEM('color',(#14436),#7184);
#14436 = PRESENTATION_STYLE_ASSIGNMENT((#14437,#14442));
#14437 = SURFACE_STYLE_USAGE(.BOTH.,#14438);
#14438 = SURFACE_SIDE_STYLE('',(#14439));
#14439 = SURFACE_STYLE_FILL_AREA(#14440);
#14440 = FILL_AREA_STYLE('',(#14441));
#14441 = FILL_AREA_STYLE_COLOUR('',#14396);
#14442 = CURVE_STYLE('',#14443,POSITIVE_LENGTH_MEASURE(0.1),#14396);
#14443 = DRAUGHTING_PRE_DEFINED_CURVE_FONT('continuous');
#14444 = STYLED_ITEM('color',(#14445),#7239);
#14445 = PRESENTATION_STYLE_ASSIGNMENT((#14446,#14451));
#14446 = SURFACE_STYLE_USAGE(.BOTH.,#14447);
#14447 = SURFACE_SIDE_STYLE('',(#14448));
#14448 = SURFACE_STYLE_FILL_AREA(#14449);
#14449 = FILL_AREA_STYLE('',(#14450));
#14450 = FILL_AREA_STYLE_COLOUR('',#14396);
#14451 = CURVE_STYLE('',#14452,POSITIVE_LENGTH_MEASURE(0.1),#14396);
#14452 = DRAUGHTING_PRE_DEFINED_CURVE_FONT('continuous');
#14453 = STYLED_ITEM('color',(#14454),#7278);
#14454 = PRESENTATION_STYLE_ASSIGNMENT((#14455,#14460));
#14455 = SURFACE_STYLE_USAGE(.BOTH.,#14456);
#14456 = SURFACE_SIDE_STYLE('',(#14457));
#14457 = SURFACE_STYLE_FILL_AREA(#14458);
#14458 = FILL_AREA_STYLE('',(#14459));
#14459 = FILL_AREA_STYLE_COLOUR('',#14396);
#14460 = CURVE_STYLE('',#14461,POSITIVE_LENGTH_MEASURE(0.1),#14396);
#14461 = DRAUGHTING_PRE_DEFINED_CURVE_FONT('continuous');
#14462 = STYLED_ITEM('color',(#14463),#7301);
#14463 = PRESENTATION_STYLE_ASSIGNMENT((#14464,#14469));
#14464 = SURFACE_STYLE_USAGE(.BOTH.,#14465);
#14465 = SURFACE_SIDE_STYLE('',(#14466));
#14466 = SURFACE_STYLE_FILL_AREA(#14467);
#14467 = FILL_AREA_STYLE('',(#14468));
#14468 = FILL_AREA_STYLE_COLOUR('',#14396);
#14469 = CURVE_STYLE('',#14470,POSITIVE_LENGTH_MEASURE(0.1),#14396);
#14470 = DRAUGHTING_PRE_DEFINED_CURVE_FONT('continuous');
#14471 = STYLED_ITEM('color',(#14472),#7324);
#14472 = PRESENTATION_STYLE_ASSIGNMENT((#14473,#14478));
#14473 = SURFACE_STYLE_USAGE(.BOTH.,#14474);
#14474 = SURFACE_SIDE_STYLE('',(#14475));
#14475 = SURFACE_STYLE_FILL_AREA(#14476);
#14476 = FILL_AREA_STYLE('',(#14477));
#14477 = FILL_AREA_STYLE_COLOUR('',#14396);
#14478 = CURVE_STYLE('',#14479,POSITIVE_LENGTH_MEASURE(0.1),#14396);
#14479 = DRAUGHTING_PRE_DEFINED_CURVE_FONT('continuous');
#14480 = STYLED_ITEM('color',(#14481),#7341);
#14481 = PRESENTATION_STYLE_ASSIGNMENT((#14482,#14487));
#14482 = SURFACE_STYLE_USAGE(.BOTH.,#14483);
#14483 = SURFACE_SIDE_STYLE('',(#14484));
#14484 = SURFACE_STYLE_FILL_AREA(#14485);
#14485 = FILL_AREA_STYLE('',(#14486));
#14486 = FILL_AREA_STYLE_COLOUR('',#14396);
#14487 = CURVE_STYLE('',#14488,POSITIVE_LENGTH_MEASURE(0.1),#14396);
#14488 = DRAUGHTING_PRE_DEFINED_CURVE_FONT('continuous');
#14489 = STYLED_ITEM('color',(#14490),#7364);
#14490 = PRESENTATION_STYLE_ASSIGNMENT((#14491,#14496));
#14491 = SURFACE_STYLE_USAGE(.BOTH.,#14492);
#14492 = SURFACE_SIDE_STYLE('',(#14493));
#14493 = SURFACE_STYLE_FILL_AREA(#14494);
#14494 = FILL_AREA_STYLE('',(#14495));
#14495 = FILL_AREA_STYLE_COLOUR('',#14396);
#14496 = CURVE_STYLE('',#14497,POSITIVE_LENGTH_MEASURE(0.1),#14396);
#14497 = DRAUGHTING_PRE_DEFINED_CURVE_FONT('continuous');
#14498 = STYLED_ITEM('color',(#14499),#7452);
#14499 = PRESENTATION_STYLE_ASSIGNMENT((#14500,#14505));
#14500 = SURFACE_STYLE_USAGE(.BOTH.,#14501);
#14501 = SURFACE_SIDE_STYLE('',(#14502));
#14502 = SURFACE_STYLE_FILL_AREA(#14503);
#14503 = FILL_AREA_STYLE('',(#14504));
#14504 = FILL_AREA_STYLE_COLOUR('',#14396);
#14505 = CURVE_STYLE('',#14506,POSITIVE_LENGTH_MEASURE(0.1),#14396);
#14506 = DRAUGHTING_PRE_DEFINED_CURVE_FONT('continuous');
#14507 = STYLED_ITEM('color',(#14508),#7468);
#14508 = PRESENTATION_STYLE_ASSIGNMENT((#14509,#14514));
#14509 = SURFACE_STYLE_USAGE(.BOTH.,#14510);
#14510 = SURFACE_SIDE_STYLE('',(#14511));
#14511 = SURFACE_STYLE_FILL_AREA(#14512);
#14512 = FILL_AREA_STYLE('',(#14513));
#14513 = FILL_AREA_STYLE_COLOUR('',#14396);
#14514 = CURVE_STYLE('',#14515,POSITIVE_LENGTH_MEASURE(0.1),#14396);
#14515 = DRAUGHTING_PRE_DEFINED_CURVE_FONT('continuous');
#14516 = STYLED_ITEM('color',(#14517),#7498);
#14517 = PRESENTATION_STYLE_ASSIGNMENT((#14518,#14523));
#14518 = SURFACE_STYLE_USAGE(.BOTH.,#14519);
#14519 = SURFACE_SIDE_STYLE('',(#14520));
#14520 = SURFACE_STYLE_FILL_AREA(#14521);
#14521 = FILL_AREA_STYLE('',(#14522));
#14522 = FILL_AREA_STYLE_COLOUR('',#13820);
#14523 = CURVE_STYLE('',#14524,POSITIVE_LENGTH_MEASURE(0.1),#13820);
#14524 = DRAUGHTING_PRE_DEFINED_CURVE_FONT('continuous');
#14525 = STYLED_ITEM('color',(#14526),#7531);
#14526 = PRESENTATION_STYLE_ASSIGNMENT((#14527,#14532));
#14527 = SURFACE_STYLE_USAGE(.BOTH.,#14528);
#14528 = SURFACE_SIDE_STYLE('',(#14529));
#14529 = SURFACE_STYLE_FILL_AREA(#14530);
#14530 = FILL_AREA_STYLE('',(#14531));
#14531 = FILL_AREA_STYLE_COLOUR('',#14396);
#14532 = CURVE_STYLE('',#14533,POSITIVE_LENGTH_MEASURE(0.1),#14396);
#14533 = DRAUGHTING_PRE_DEFINED_CURVE_FONT('continuous');
#14534 = STYLED_ITEM('color',(#14535),#7562);
#14535 = PRESENTATION_STYLE_ASSIGNMENT((#14536,#14541));
#14536 = SURFACE_STYLE_USAGE(.BOTH.,#14537);
#14537 = SURFACE_SIDE_STYLE('',(#14538));
#14538 = SURFACE_STYLE_FILL_AREA(#14539);
#14539 = FILL_AREA_STYLE('',(#14540));
#14540 = FILL_AREA_STYLE_COLOUR('',#13820);
#14541 = CURVE_STYLE('',#14542,POSITIVE_LENGTH_MEASURE(0.1),#13820);
#14542 = DRAUGHTING_PRE_DEFINED_CURVE_FONT('continuous');
#14543 = STYLED_ITEM('color',(#14544),#7595);
#14544 = PRESENTATION_STYLE_ASSIGNMENT((#14545,#14550));
#14545 = SURFACE_STYLE_USAGE(.BOTH.,#14546);
#14546 = SURFACE_SIDE_STYLE('',(#14547));
#14547 = SURFACE_STYLE_FILL_AREA(#14548);
#14548 = FILL_AREA_STYLE('',(#14549));
#14549 = FILL_AREA_STYLE_COLOUR('',#14396);
#14550 = CURVE_STYLE('',#14551,POSITIVE_LENGTH_MEASURE(0.1),#14396);
#14551 = DRAUGHTING_PRE_DEFINED_CURVE_FONT('continuous');
#14552 = STYLED_ITEM('color',(#14553),#7612);
#14553 = PRESENTATION_STYLE_ASSIGNMENT((#14554,#14559));
#14554 = SURFACE_STYLE_USAGE(.BOTH.,#14555);
#14555 = SURFACE_SIDE_STYLE('',(#14556));
#14556 = SURFACE_STYLE_FILL_AREA(#14557);
#14557 = FILL_AREA_STYLE('',(#14558));
#14558 = FILL_AREA_STYLE_COLOUR('',#14396);
#14559 = CURVE_STYLE('',#14560,POSITIVE_LENGTH_MEASURE(0.1),#14396);
#14560 = DRAUGHTING_PRE_DEFINED_CURVE_FONT('continuous');
#14561 = STYLED_ITEM('color',(#14562),#7629);
#14562 = PRESENTATION_STYLE_ASSIGNMENT((#14563,#14568));
#14563 = SURFACE_STYLE_USAGE(.BOTH.,#14564);
#14564 = SURFACE_SIDE_STYLE('',(#14565));
#14565 = SURFACE_STYLE_FILL_AREA(#14566);
#14566 = FILL_AREA_STYLE('',(#14567));
#14567 = FILL_AREA_STYLE_COLOUR('',#13820);
#14568 = CURVE_STYLE('',#14569,POSITIVE_LENGTH_MEASURE(0.1),#13820);
#14569 = DRAUGHTING_PRE_DEFINED_CURVE_FONT('continuous');
#14570 = STYLED_ITEM('color',(#14571),#7662);
#14571 = PRESENTATION_STYLE_ASSIGNMENT((#14572,#14577));
#14572 = SURFACE_STYLE_USAGE(.BOTH.,#14573);
#14573 = SURFACE_SIDE_STYLE('',(#14574));
#14574 = SURFACE_STYLE_FILL_AREA(#14575);
#14575 = FILL_AREA_STYLE('',(#14576));
#14576 = FILL_AREA_STYLE_COLOUR('',#14396);
#14577 = CURVE_STYLE('',#14578,POSITIVE_LENGTH_MEASURE(0.1),#14396);
#14578 = DRAUGHTING_PRE_DEFINED_CURVE_FONT('continuous');
#14579 = STYLED_ITEM('color',(#14580),#7692);
#14580 = PRESENTATION_STYLE_ASSIGNMENT((#14581,#14586));
#14581 = SURFACE_STYLE_USAGE(.BOTH.,#14582);
#14582 = SURFACE_SIDE_STYLE('',(#14583));
#14583 = SURFACE_STYLE_FILL_AREA(#14584);
#14584 = FILL_AREA_STYLE('',(#14585));
#14585 = FILL_AREA_STYLE_COLOUR('',#14396);
#14586 = CURVE_STYLE('',#14587,POSITIVE_LENGTH_MEASURE(0.1),#14396);
#14587 = DRAUGHTING_PRE_DEFINED_CURVE_FONT('continuous');
#14588 = STYLED_ITEM('color',(#14589),#7715);
#14589 = PRESENTATION_STYLE_ASSIGNMENT((#14590,#14595));
#14590 = SURFACE_STYLE_USAGE(.BOTH.,#14591);
#14591 = SURFACE_SIDE_STYLE('',(#14592));
#14592 = SURFACE_STYLE_FILL_AREA(#14593);
#14593 = FILL_AREA_STYLE('',(#14594));
#14594 = FILL_AREA_STYLE_COLOUR('',#14396);
#14595 = CURVE_STYLE('',#14596,POSITIVE_LENGTH_MEASURE(0.1),#14396);
#14596 = DRAUGHTING_PRE_DEFINED_CURVE_FONT('continuous');
#14597 = STYLED_ITEM('color',(#14598),#7738);
#14598 = PRESENTATION_STYLE_ASSIGNMENT((#14599,#14604));
#14599 = SURFACE_STYLE_USAGE(.BOTH.,#14600);
#14600 = SURFACE_SIDE_STYLE('',(#14601));
#14601 = SURFACE_STYLE_FILL_AREA(#14602);
#14602 = FILL_AREA_STYLE('',(#14603));
#14603 = FILL_AREA_STYLE_COLOUR('',#14396);
#14604 = CURVE_STYLE('',#14605,POSITIVE_LENGTH_MEASURE(0.1),#14396);
#14605 = DRAUGHTING_PRE_DEFINED_CURVE_FONT('continuous');
#14606 = STYLED_ITEM('color',(#14607),#7755);
#14607 = PRESENTATION_STYLE_ASSIGNMENT((#14608,#14613));
#14608 = SURFACE_STYLE_USAGE(.BOTH.,#14609);
#14609 = SURFACE_SIDE_STYLE('',(#14610));
#14610 = SURFACE_STYLE_FILL_AREA(#14611);
#14611 = FILL_AREA_STYLE('',(#14612));
#14612 = FILL_AREA_STYLE_COLOUR('',#13820);
#14613 = CURVE_STYLE('',#14614,POSITIVE_LENGTH_MEASURE(0.1),#13820);
#14614 = DRAUGHTING_PRE_DEFINED_CURVE_FONT('continuous');
#14615 = STYLED_ITEM('color',(#14616),#7784);
#14616 = PRESENTATION_STYLE_ASSIGNMENT((#14617,#14622));
#14617 = SURFACE_STYLE_USAGE(.BOTH.,#14618);
#14618 = SURFACE_SIDE_STYLE('',(#14619));
#14619 = SURFACE_STYLE_FILL_AREA(#14620);
#14620 = FILL_AREA_STYLE('',(#14621));
#14621 = FILL_AREA_STYLE_COLOUR('',#14396);
#14622 = CURVE_STYLE('',#14623,POSITIVE_LENGTH_MEASURE(0.1),#14396);
#14623 = DRAUGHTING_PRE_DEFINED_CURVE_FONT('continuous');
#14624 = STYLED_ITEM('color',(#14625),#7838);
#14625 = PRESENTATION_STYLE_ASSIGNMENT((#14626,#14631));
#14626 = SURFACE_STYLE_USAGE(.BOTH.,#14627);
#14627 = SURFACE_SIDE_STYLE('',(#14628));
#14628 = SURFACE_STYLE_FILL_AREA(#14629);
#14629 = FILL_AREA_STYLE('',(#14630));
#14630 = FILL_AREA_STYLE_COLOUR('',#14396);
#14631 = CURVE_STYLE('',#14632,POSITIVE_LENGTH_MEASURE(0.1),#14396);
#14632 = DRAUGHTING_PRE_DEFINED_CURVE_FONT('continuous');
#14633 = STYLED_ITEM('color',(#14634),#7861);
#14634 = PRESENTATION_STYLE_ASSIGNMENT((#14635,#14640));
#14635 = SURFACE_STYLE_USAGE(.BOTH.,#14636);
#14636 = SURFACE_SIDE_STYLE('',(#14637));
#14637 = SURFACE_STYLE_FILL_AREA(#14638);
#14638 = FILL_AREA_STYLE('',(#14639));
#14639 = FILL_AREA_STYLE_COLOUR('',#14396);
#14640 = CURVE_STYLE('',#14641,POSITIVE_LENGTH_MEASURE(0.1),#14396);
#14641 = DRAUGHTING_PRE_DEFINED_CURVE_FONT('continuous');
#14642 = STYLED_ITEM('color',(#14643),#7884);
#14643 = PRESENTATION_STYLE_ASSIGNMENT((#14644,#14649));
#14644 = SURFACE_STYLE_USAGE(.BOTH.,#14645);
#14645 = SURFACE_SIDE_STYLE('',(#14646));
#14646 = SURFACE_STYLE_FILL_AREA(#14647);
#14647 = FILL_AREA_STYLE('',(#14648));
#14648 = FILL_AREA_STYLE_COLOUR('',#14396);
#14649 = CURVE_STYLE('',#14650,POSITIVE_LENGTH_MEASURE(0.1),#14396);
#14650 = DRAUGHTING_PRE_DEFINED_CURVE_FONT('continuous');
#14651 = STYLED_ITEM('color',(#14652),#7907);
#14652 = PRESENTATION_STYLE_ASSIGNMENT((#14653,#14658));
#14653 = SURFACE_STYLE_USAGE(.BOTH.,#14654);
#14654 = SURFACE_SIDE_STYLE('',(#14655));
#14655 = SURFACE_STYLE_FILL_AREA(#14656);
#14656 = FILL_AREA_STYLE('',(#14657));
#14657 = FILL_AREA_STYLE_COLOUR('',#14396);
#14658 = CURVE_STYLE('',#14659,POSITIVE_LENGTH_MEASURE(0.1),#14396);
#14659 = DRAUGHTING_PRE_DEFINED_CURVE_FONT('continuous');
#14660 = STYLED_ITEM('color',(#14661),#7946);
#14661 = PRESENTATION_STYLE_ASSIGNMENT((#14662,#14667));
#14662 = SURFACE_STYLE_USAGE(.BOTH.,#14663);
#14663 = SURFACE_SIDE_STYLE('',(#14664));
#14664 = SURFACE_STYLE_FILL_AREA(#14665);
#14665 = FILL_AREA_STYLE('',(#14666));
#14666 = FILL_AREA_STYLE_COLOUR('',#13820);
#14667 = CURVE_STYLE('',#14668,POSITIVE_LENGTH_MEASURE(0.1),#13820);
#14668 = DRAUGHTING_PRE_DEFINED_CURVE_FONT('continuous');
#14669 = STYLED_ITEM('color',(#14670),#7968);
#14670 = PRESENTATION_STYLE_ASSIGNMENT((#14671,#14676));
#14671 = SURFACE_STYLE_USAGE(.BOTH.,#14672);
#14672 = SURFACE_SIDE_STYLE('',(#14673));
#14673 = SURFACE_STYLE_FILL_AREA(#14674);
#14674 = FILL_AREA_STYLE('',(#14675));
#14675 = FILL_AREA_STYLE_COLOUR('',#14396);
#14676 = CURVE_STYLE('',#14677,POSITIVE_LENGTH_MEASURE(0.1),#14396);
#14677 = DRAUGHTING_PRE_DEFINED_CURVE_FONT('continuous');
#14678 = STYLED_ITEM('color',(#14679),#8012);
#14679 = PRESENTATION_STYLE_ASSIGNMENT((#14680,#14685));
#14680 = SURFACE_STYLE_USAGE(.BOTH.,#14681);
#14681 = SURFACE_SIDE_STYLE('',(#14682));
#14682 = SURFACE_STYLE_FILL_AREA(#14683);
#14683 = FILL_AREA_STYLE('',(#14684));
#14684 = FILL_AREA_STYLE_COLOUR('',#13820);
#14685 = CURVE_STYLE('',#14686,POSITIVE_LENGTH_MEASURE(0.1),#13820);
#14686 = DRAUGHTING_PRE_DEFINED_CURVE_FONT('continuous');
#14687 = STYLED_ITEM('color',(#14688),#8087);
#14688 = PRESENTATION_STYLE_ASSIGNMENT((#14689,#14694));
#14689 = SURFACE_STYLE_USAGE(.BOTH.,#14690);
#14690 = SURFACE_SIDE_STYLE('',(#14691));
#14691 = SURFACE_STYLE_FILL_AREA(#14692);
#14692 = FILL_AREA_STYLE('',(#14693));
#14693 = FILL_AREA_STYLE_COLOUR('',#13820);
#14694 = CURVE_STYLE('',#14695,POSITIVE_LENGTH_MEASURE(0.1),#13820);
#14695 = DRAUGHTING_PRE_DEFINED_CURVE_FONT('continuous');
#14696 = STYLED_ITEM('color',(#14697),#8111);
#14697 = PRESENTATION_STYLE_ASSIGNMENT((#14698,#14703));
#14698 = SURFACE_STYLE_USAGE(.BOTH.,#14699);
#14699 = SURFACE_SIDE_STYLE('',(#14700));
#14700 = SURFACE_STYLE_FILL_AREA(#14701);
#14701 = FILL_AREA_STYLE('',(#14702));
#14702 = FILL_AREA_STYLE_COLOUR('',#13820);
#14703 = CURVE_STYLE('',#14704,POSITIVE_LENGTH_MEASURE(0.1),#13820);
#14704 = DRAUGHTING_PRE_DEFINED_CURVE_FONT('continuous');
#14705 = STYLED_ITEM('color',(#14706),#8179);
#14706 = PRESENTATION_STYLE_ASSIGNMENT((#14707,#14712));
#14707 = SURFACE_STYLE_USAGE(.BOTH.,#14708);
#14708 = SURFACE_SIDE_STYLE('',(#14709));
#14709 = SURFACE_STYLE_FILL_AREA(#14710);
#14710 = FILL_AREA_STYLE('',(#14711));
#14711 = FILL_AREA_STYLE_COLOUR('',#14396);
#14712 = CURVE_STYLE('',#14713,POSITIVE_LENGTH_MEASURE(0.1),#14396);
#14713 = DRAUGHTING_PRE_DEFINED_CURVE_FONT('continuous');
#14714 = STYLED_ITEM('color',(#14715),#8196);
#14715 = PRESENTATION_STYLE_ASSIGNMENT((#14716,#14721));
#14716 = SURFACE_STYLE_USAGE(.BOTH.,#14717);
#14717 = SURFACE_SIDE_STYLE('',(#14718));
#14718 = SURFACE_STYLE_FILL_AREA(#14719);
#14719 = FILL_AREA_STYLE('',(#14720));
#14720 = FILL_AREA_STYLE_COLOUR('',#13820);
#14721 = CURVE_STYLE('',#14722,POSITIVE_LENGTH_MEASURE(0.1),#13820);
#14722 = DRAUGHTING_PRE_DEFINED_CURVE_FONT('continuous');
#14723 = STYLED_ITEM('color',(#14724),#8271);
#14724 = PRESENTATION_STYLE_ASSIGNMENT((#14725,#14730));
#14725 = SURFACE_STYLE_USAGE(.BOTH.,#14726);
#14726 = SURFACE_SIDE_STYLE('',(#14727));
#14727 = SURFACE_STYLE_FILL_AREA(#14728);
#14728 = FILL_AREA_STYLE('',(#14729));
#14729 = FILL_AREA_STYLE_COLOUR('',#13820);
#14730 = CURVE_STYLE('',#14731,POSITIVE_LENGTH_MEASURE(0.1),#13820);
#14731 = DRAUGHTING_PRE_DEFINED_CURVE_FONT('continuous');
#14732 = STYLED_ITEM('color',(#14733),#8295);
#14733 = PRESENTATION_STYLE_ASSIGNMENT((#14734,#14739));
#14734 = SURFACE_STYLE_USAGE(.BOTH.,#14735);
#14735 = SURFACE_SIDE_STYLE('',(#14736));
#14736 = SURFACE_STYLE_FILL_AREA(#14737);
#14737 = FILL_AREA_STYLE('',(#14738));
#14738 = FILL_AREA_STYLE_COLOUR('',#13820);
#14739 = CURVE_STYLE('',#14740,POSITIVE_LENGTH_MEASURE(0.1),#13820);
#14740 = DRAUGHTING_PRE_DEFINED_CURVE_FONT('continuous');
#14741 = STYLED_ITEM('color',(#14742),#8363);
#14742 = PRESENTATION_STYLE_ASSIGNMENT((#14743,#14748));
#14743 = SURFACE_STYLE_USAGE(.BOTH.,#14744);
#14744 = SURFACE_SIDE_STYLE('',(#14745));
#14745 = SURFACE_STYLE_FILL_AREA(#14746);
#14746 = FILL_AREA_STYLE('',(#14747));
#14747 = FILL_AREA_STYLE_COLOUR('',#13820);
#14748 = CURVE_STYLE('',#14749,POSITIVE_LENGTH_MEASURE(0.1),#13820);
#14749 = DRAUGHTING_PRE_DEFINED_CURVE_FONT('continuous');
#14750 = STYLED_ITEM('color',(#14751),#8438);
#14751 = PRESENTATION_STYLE_ASSIGNMENT((#14752,#14757));
#14752 = SURFACE_STYLE_USAGE(.BOTH.,#14753);
#14753 = SURFACE_SIDE_STYLE('',(#14754));
#14754 = SURFACE_STYLE_FILL_AREA(#14755);
#14755 = FILL_AREA_STYLE('',(#14756));
#14756 = FILL_AREA_STYLE_COLOUR('',#13820);
#14757 = CURVE_STYLE('',#14758,POSITIVE_LENGTH_MEASURE(0.1),#13820);
#14758 = DRAUGHTING_PRE_DEFINED_CURVE_FONT('continuous');
#14759 = STYLED_ITEM('color',(#14760),#8462);
#14760 = PRESENTATION_STYLE_ASSIGNMENT((#14761,#14766));
#14761 = SURFACE_STYLE_USAGE(.BOTH.,#14762);
#14762 = SURFACE_SIDE_STYLE('',(#14763));
#14763 = SURFACE_STYLE_FILL_AREA(#14764);
#14764 = FILL_AREA_STYLE('',(#14765));
#14765 = FILL_AREA_STYLE_COLOUR('',#13820);
#14766 = CURVE_STYLE('',#14767,POSITIVE_LENGTH_MEASURE(0.1),#13820);
#14767 = DRAUGHTING_PRE_DEFINED_CURVE_FONT('continuous');
#14768 = STYLED_ITEM('color',(#14769),#8530);
#14769 = PRESENTATION_STYLE_ASSIGNMENT((#14770,#14775));
#14770 = SURFACE_STYLE_USAGE(.BOTH.,#14771);
#14771 = SURFACE_SIDE_STYLE('',(#14772));
#14772 = SURFACE_STYLE_FILL_AREA(#14773);
#14773 = FILL_AREA_STYLE('',(#14774));
#14774 = FILL_AREA_STYLE_COLOUR('',#13820);
#14775 = CURVE_STYLE('',#14776,POSITIVE_LENGTH_MEASURE(0.1),#13820);
#14776 = DRAUGHTING_PRE_DEFINED_CURVE_FONT('continuous');
#14777 = STYLED_ITEM('color',(#14778),#8547);
#14778 = PRESENTATION_STYLE_ASSIGNMENT((#14779,#14784));
#14779 = SURFACE_STYLE_USAGE(.BOTH.,#14780);
#14780 = SURFACE_SIDE_STYLE('',(#14781));
#14781 = SURFACE_STYLE_FILL_AREA(#14782);
#14782 = FILL_AREA_STYLE('',(#14783));
#14783 = FILL_AREA_STYLE_COLOUR('',#13820);
#14784 = CURVE_STYLE('',#14785,POSITIVE_LENGTH_MEASURE(0.1),#13820);
#14785 = DRAUGHTING_PRE_DEFINED_CURVE_FONT('continuous');
#14786 = STYLED_ITEM('color',(#14787),#8564);
#14787 = PRESENTATION_STYLE_ASSIGNMENT((#14788,#14793));
#14788 = SURFACE_STYLE_USAGE(.BOTH.,#14789);
#14789 = SURFACE_SIDE_STYLE('',(#14790));
#14790 = SURFACE_STYLE_FILL_AREA(#14791);
#14791 = FILL_AREA_STYLE('',(#14792));
#14792 = FILL_AREA_STYLE_COLOUR('',#14396);
#14793 = CURVE_STYLE('',#14794,POSITIVE_LENGTH_MEASURE(0.1),#14396);
#14794 = DRAUGHTING_PRE_DEFINED_CURVE_FONT('continuous');
#14795 = STYLED_ITEM('color',(#14796),#8610);
#14796 = PRESENTATION_STYLE_ASSIGNMENT((#14797,#14802));
#14797 = SURFACE_STYLE_USAGE(.BOTH.,#14798);
#14798 = SURFACE_SIDE_STYLE('',(#14799));
#14799 = SURFACE_STYLE_FILL_AREA(#14800);
#14800 = FILL_AREA_STYLE('',(#14801));
#14801 = FILL_AREA_STYLE_COLOUR('',#14396);
#14802 = CURVE_STYLE('',#14803,POSITIVE_LENGTH_MEASURE(0.1),#14396);
#14803 = DRAUGHTING_PRE_DEFINED_CURVE_FONT('continuous');
#14804 = STYLED_ITEM('color',(#14805),#8626);
#14805 = PRESENTATION_STYLE_ASSIGNMENT((#14806,#14811));
#14806 = SURFACE_STYLE_USAGE(.BOTH.,#14807);
#14807 = SURFACE_SIDE_STYLE('',(#14808));
#14808 = SURFACE_STYLE_FILL_AREA(#14809);
#14809 = FILL_AREA_STYLE('',(#14810));
#14810 = FILL_AREA_STYLE_COLOUR('',#14396);
#14811 = CURVE_STYLE('',#14812,POSITIVE_LENGTH_MEASURE(0.1),#14396);
#14812 = DRAUGHTING_PRE_DEFINED_CURVE_FONT('continuous');
#14813 = STYLED_ITEM('color',(#14814),#8642);
#14814 = PRESENTATION_STYLE_ASSIGNMENT((#14815,#14820));
#14815 = SURFACE_STYLE_USAGE(.BOTH.,#14816);
#14816 = SURFACE_SIDE_STYLE('',(#14817));
#14817 = SURFACE_STYLE_FILL_AREA(#14818);
#14818 = FILL_AREA_STYLE('',(#14819));
#14819 = FILL_AREA_STYLE_COLOUR('',#13820);
#14820 = CURVE_STYLE('',#14821,POSITIVE_LENGTH_MEASURE(0.1),#13820);
#14821 = DRAUGHTING_PRE_DEFINED_CURVE_FONT('continuous');
#14822 = STYLED_ITEM('color',(#14823),#8659);
#14823 = PRESENTATION_STYLE_ASSIGNMENT((#14824,#14829));
#14824 = SURFACE_STYLE_USAGE(.BOTH.,#14825);
#14825 = SURFACE_SIDE_STYLE('',(#14826));
#14826 = SURFACE_STYLE_FILL_AREA(#14827);
#14827 = FILL_AREA_STYLE('',(#14828));
#14828 = FILL_AREA_STYLE_COLOUR('',#14396);
#14829 = CURVE_STYLE('',#14830,POSITIVE_LENGTH_MEASURE(0.1),#14396);
#14830 = DRAUGHTING_PRE_DEFINED_CURVE_FONT('continuous');
#14831 = STYLED_ITEM('color',(#14832),#8671);
#14832 = PRESENTATION_STYLE_ASSIGNMENT((#14833,#14838));
#14833 = SURFACE_STYLE_USAGE(.BOTH.,#14834);
#14834 = SURFACE_SIDE_STYLE('',(#14835));
#14835 = SURFACE_STYLE_FILL_AREA(#14836);
#14836 = FILL_AREA_STYLE('',(#14837));
#14837 = FILL_AREA_STYLE_COLOUR('',#13820);
#14838 = CURVE_STYLE('',#14839,POSITIVE_LENGTH_MEASURE(0.1),#13820);
#14839 = DRAUGHTING_PRE_DEFINED_CURVE_FONT('continuous');
#14840 = STYLED_ITEM('color',(#14841),#8688);
#14841 = PRESENTATION_STYLE_ASSIGNMENT((#14842,#14847));
#14842 = SURFACE_STYLE_USAGE(.BOTH.,#14843);
#14843 = SURFACE_SIDE_STYLE('',(#14844));
#14844 = SURFACE_STYLE_FILL_AREA(#14845);
#14845 = FILL_AREA_STYLE('',(#14846));
#14846 = FILL_AREA_STYLE_COLOUR('',#13820);
#14847 = CURVE_STYLE('',#14848,POSITIVE_LENGTH_MEASURE(0.1),#13820);
#14848 = DRAUGHTING_PRE_DEFINED_CURVE_FONT('continuous');
#14849 = STYLED_ITEM('color',(#14850),#8705);
#14850 = PRESENTATION_STYLE_ASSIGNMENT((#14851,#14856));
#14851 = SURFACE_STYLE_USAGE(.BOTH.,#14852);
#14852 = SURFACE_SIDE_STYLE('',(#14853));
#14853 = SURFACE_STYLE_FILL_AREA(#14854);
#14854 = FILL_AREA_STYLE('',(#14855));
#14855 = FILL_AREA_STYLE_COLOUR('',#13820);
#14856 = CURVE_STYLE('',#14857,POSITIVE_LENGTH_MEASURE(0.1),#13820);
#14857 = DRAUGHTING_PRE_DEFINED_CURVE_FONT('continuous');
#14858 = STYLED_ITEM('color',(#14859),#8722);
#14859 = PRESENTATION_STYLE_ASSIGNMENT((#14860,#14865));
#14860 = SURFACE_STYLE_USAGE(.BOTH.,#14861);
#14861 = SURFACE_SIDE_STYLE('',(#14862));
#14862 = SURFACE_STYLE_FILL_AREA(#14863);
#14863 = FILL_AREA_STYLE('',(#14864));
#14864 = FILL_AREA_STYLE_COLOUR('',#13820);
#14865 = CURVE_STYLE('',#14866,POSITIVE_LENGTH_MEASURE(0.1),#13820);
#14866 = DRAUGHTING_PRE_DEFINED_CURVE_FONT('continuous');
#14867 = STYLED_ITEM('color',(#14868),#8739);
#14868 = PRESENTATION_STYLE_ASSIGNMENT((#14869,#14874));
#14869 = SURFACE_STYLE_USAGE(.BOTH.,#14870);
#14870 = SURFACE_SIDE_STYLE('',(#14871));
#14871 = SURFACE_STYLE_FILL_AREA(#14872);
#14872 = FILL_AREA_STYLE('',(#14873));
#14873 = FILL_AREA_STYLE_COLOUR('',#13820);
#14874 = CURVE_STYLE('',#14875,POSITIVE_LENGTH_MEASURE(0.1),#13820);
#14875 = DRAUGHTING_PRE_DEFINED_CURVE_FONT('continuous');
#14876 = STYLED_ITEM('color',(#14877),#8756);
#14877 = PRESENTATION_STYLE_ASSIGNMENT((#14878,#14883));
#14878 = SURFACE_STYLE_USAGE(.BOTH.,#14879);
#14879 = SURFACE_SIDE_STYLE('',(#14880));
#14880 = SURFACE_STYLE_FILL_AREA(#14881);
#14881 = FILL_AREA_STYLE('',(#14882));
#14882 = FILL_AREA_STYLE_COLOUR('',#13820);
#14883 = CURVE_STYLE('',#14884,POSITIVE_LENGTH_MEASURE(0.1),#13820);
#14884 = DRAUGHTING_PRE_DEFINED_CURVE_FONT('continuous');
#14885 = STYLED_ITEM('color',(#14886),#8773);
#14886 = PRESENTATION_STYLE_ASSIGNMENT((#14887,#14892));
#14887 = SURFACE_STYLE_USAGE(.BOTH.,#14888);
#14888 = SURFACE_SIDE_STYLE('',(#14889));
#14889 = SURFACE_STYLE_FILL_AREA(#14890);
#14890 = FILL_AREA_STYLE('',(#14891));
#14891 = FILL_AREA_STYLE_COLOUR('',#13820);
#14892 = CURVE_STYLE('',#14893,POSITIVE_LENGTH_MEASURE(0.1),#13820);
#14893 = DRAUGHTING_PRE_DEFINED_CURVE_FONT('continuous');
#14894 = STYLED_ITEM('color',(#14895),#8785);
#14895 = PRESENTATION_STYLE_ASSIGNMENT((#14896,#14901));
#14896 = SURFACE_STYLE_USAGE(.BOTH.,#14897);
#14897 = SURFACE_SIDE_STYLE('',(#14898));
#14898 = SURFACE_STYLE_FILL_AREA(#14899);
#14899 = FILL_AREA_STYLE('',(#14900));
#14900 = FILL_AREA_STYLE_COLOUR('',#13820);
#14901 = CURVE_STYLE('',#14902,POSITIVE_LENGTH_MEASURE(0.1),#13820);
#14902 = DRAUGHTING_PRE_DEFINED_CURVE_FONT('continuous');
#14903 = STYLED_ITEM('color',(#14904),#8802);
#14904 = PRESENTATION_STYLE_ASSIGNMENT((#14905,#14910));
#14905 = SURFACE_STYLE_USAGE(.BOTH.,#14906);
#14906 = SURFACE_SIDE_STYLE('',(#14907));
#14907 = SURFACE_STYLE_FILL_AREA(#14908);
#14908 = FILL_AREA_STYLE('',(#14909));
#14909 = FILL_AREA_STYLE_COLOUR('',#13820);
#14910 = CURVE_STYLE('',#14911,POSITIVE_LENGTH_MEASURE(0.1),#13820);
#14911 = DRAUGHTING_PRE_DEFINED_CURVE_FONT('continuous');
#14912 = STYLED_ITEM('color',(#14913),#8819);
#14913 = PRESENTATION_STYLE_ASSIGNMENT((#14914,#14919));
#14914 = SURFACE_STYLE_USAGE(.BOTH.,#14915);
#14915 = SURFACE_SIDE_STYLE('',(#14916));
#14916 = SURFACE_STYLE_FILL_AREA(#14917);
#14917 = FILL_AREA_STYLE('',(#14918));
#14918 = FILL_AREA_STYLE_COLOUR('',#13820);
#14919 = CURVE_STYLE('',#14920,POSITIVE_LENGTH_MEASURE(0.1),#13820);
#14920 = DRAUGHTING_PRE_DEFINED_CURVE_FONT('continuous');
#14921 = STYLED_ITEM('color',(#14922),#8836);
#14922 = PRESENTATION_STYLE_ASSIGNMENT((#14923,#14928));
#14923 = SURFACE_STYLE_USAGE(.BOTH.,#14924);
#14924 = SURFACE_SIDE_STYLE('',(#14925));
#14925 = SURFACE_STYLE_FILL_AREA(#14926);
#14926 = FILL_AREA_STYLE('',(#14927));
#14927 = FILL_AREA_STYLE_COLOUR('',#13820);
#14928 = CURVE_STYLE('',#14929,POSITIVE_LENGTH_MEASURE(0.1),#13820);
#14929 = DRAUGHTING_PRE_DEFINED_CURVE_FONT('continuous');
#14930 = STYLED_ITEM('color',(#14931),#8853);
#14931 = PRESENTATION_STYLE_ASSIGNMENT((#14932,#14937));
#14932 = SURFACE_STYLE_USAGE(.BOTH.,#14933);
#14933 = SURFACE_SIDE_STYLE('',(#14934));
#14934 = SURFACE_STYLE_FILL_AREA(#14935);
#14935 = FILL_AREA_STYLE('',(#14936));
#14936 = FILL_AREA_STYLE_COLOUR('',#13820);
#14937 = CURVE_STYLE('',#14938,POSITIVE_LENGTH_MEASURE(0.1),#13820);
#14938 = DRAUGHTING_PRE_DEFINED_CURVE_FONT('continuous');
#14939 = STYLED_ITEM('color',(#14940),#8870);
#14940 = PRESENTATION_STYLE_ASSIGNMENT((#14941,#14946));
#14941 = SURFACE_STYLE_USAGE(.BOTH.,#14942);
#14942 = SURFACE_SIDE_STYLE('',(#14943));
#14943 = SURFACE_STYLE_FILL_AREA(#14944);
#14944 = FILL_AREA_STYLE('',(#14945));
#14945 = FILL_AREA_STYLE_COLOUR('',#13820);
#14946 = CURVE_STYLE('',#14947,POSITIVE_LENGTH_MEASURE(0.1),#13820);
#14947 = DRAUGHTING_PRE_DEFINED_CURVE_FONT('continuous');
#14948 = STYLED_ITEM('color',(#14949),#8882);
#14949 = PRESENTATION_STYLE_ASSIGNMENT((#14950,#14955));
#14950 = SURFACE_STYLE_USAGE(.BOTH.,#14951);
#14951 = SURFACE_SIDE_STYLE('',(#14952));
#14952 = SURFACE_STYLE_FILL_AREA(#14953);
#14953 = FILL_AREA_STYLE('',(#14954));
#14954 = FILL_AREA_STYLE_COLOUR('',#13820);
#14955 = CURVE_STYLE('',#14956,POSITIVE_LENGTH_MEASURE(0.1),#13820);
#14956 = DRAUGHTING_PRE_DEFINED_CURVE_FONT('continuous');
#14957 = STYLED_ITEM('color',(#14958),#8899);
#14958 = PRESENTATION_STYLE_ASSIGNMENT((#14959,#14964));
#14959 = SURFACE_STYLE_USAGE(.BOTH.,#14960);
#14960 = SURFACE_SIDE_STYLE('',(#14961));
#14961 = SURFACE_STYLE_FILL_AREA(#14962);
#14962 = FILL_AREA_STYLE('',(#14963));
#14963 = FILL_AREA_STYLE_COLOUR('',#13820);
#14964 = CURVE_STYLE('',#14965,POSITIVE_LENGTH_MEASURE(0.1),#13820);
#14965 = DRAUGHTING_PRE_DEFINED_CURVE_FONT('continuous');
#14966 = STYLED_ITEM('color',(#14967),#8916);
#14967 = PRESENTATION_STYLE_ASSIGNMENT((#14968,#14973));
#14968 = SURFACE_STYLE_USAGE(.BOTH.,#14969);
#14969 = SURFACE_SIDE_STYLE('',(#14970));
#14970 = SURFACE_STYLE_FILL_AREA(#14971);
#14971 = FILL_AREA_STYLE('',(#14972));
#14972 = FILL_AREA_STYLE_COLOUR('',#13820);
#14973 = CURVE_STYLE('',#14974,POSITIVE_LENGTH_MEASURE(0.1),#13820);
#14974 = DRAUGHTING_PRE_DEFINED_CURVE_FONT('continuous');
#14975 = STYLED_ITEM('color',(#14976),#8933);
#14976 = PRESENTATION_STYLE_ASSIGNMENT((#14977,#14982));
#14977 = SURFACE_STYLE_USAGE(.BOTH.,#14978);
#14978 = SURFACE_SIDE_STYLE('',(#14979));
#14979 = SURFACE_STYLE_FILL_AREA(#14980);
#14980 = FILL_AREA_STYLE('',(#14981));
#14981 = FILL_AREA_STYLE_COLOUR('',#13820);
#14982 = CURVE_STYLE('',#14983,POSITIVE_LENGTH_MEASURE(0.1),#13820);
#14983 = DRAUGHTING_PRE_DEFINED_CURVE_FONT('continuous');
#14984 = STYLED_ITEM('color',(#14985),#8950);
#14985 = PRESENTATION_STYLE_ASSIGNMENT((#14986,#14991));
#14986 = SURFACE_STYLE_USAGE(.BOTH.,#14987);
#14987 = SURFACE_SIDE_STYLE('',(#14988));
#14988 = SURFACE_STYLE_FILL_AREA(#14989);
#14989 = FILL_AREA_STYLE('',(#14990));
#14990 = FILL_AREA_STYLE_COLOUR('',#13820);
#14991 = CURVE_STYLE('',#14992,POSITIVE_LENGTH_MEASURE(0.1),#13820);
#14992 = DRAUGHTING_PRE_DEFINED_CURVE_FONT('continuous');
#14993 = STYLED_ITEM('color',(#14994),#8967);
#14994 = PRESENTATION_STYLE_ASSIGNMENT((#14995,#15000));
#14995 = SURFACE_STYLE_USAGE(.BOTH.,#14996);
#14996 = SURFACE_SIDE_STYLE('',(#14997));
#14997 = SURFACE_STYLE_FILL_AREA(#14998);
#14998 = FILL_AREA_STYLE('',(#14999));
#14999 = FILL_AREA_STYLE_COLOUR('',#13820);
#15000 = CURVE_STYLE('',#15001,POSITIVE_LENGTH_MEASURE(0.1),#13820);
#15001 = DRAUGHTING_PRE_DEFINED_CURVE_FONT('continuous');
#15002 = STYLED_ITEM('color',(#15003),#8979);
#15003 = PRESENTATION_STYLE_ASSIGNMENT((#15004,#15010));
#15004 = SURFACE_STYLE_USAGE(.BOTH.,#15005);
#15005 = SURFACE_SIDE_STYLE('',(#15006));
#15006 = SURFACE_STYLE_FILL_AREA(#15007);
#15007 = FILL_AREA_STYLE('',(#15008));
#15008 = FILL_AREA_STYLE_COLOUR('',#15009);
#15009 = COLOUR_RGB('',0.690999998585,0.664000007176,0.597999987832);
#15010 = CURVE_STYLE('',#15011,POSITIVE_LENGTH_MEASURE(0.1),#15009);
#15011 = DRAUGHTING_PRE_DEFINED_CURVE_FONT('continuous');
#15012 = MECHANICAL_DESIGN_GEOMETRIC_PRESENTATION_REPRESENTATION('',(
    #15013,#15021,#15028,#15035,#15042,#15049,#15056,#15064,#15071,
    #15078,#15085,#15092,#15099,#15106,#15113,#15120,#15127,#15134,
    #15141,#15148,#15155,#15162,#15169,#15176,#15183,#15190,#15197,
    #15204,#15211,#15218,#15225,#15232,#15239,#15246,#15253,#15260,
    #15267,#15274,#15281,#15288,#15295,#15302,#15309,#15316),#5154);
#15013 = STYLED_ITEM('color',(#15014),#3881);
#15014 = PRESENTATION_STYLE_ASSIGNMENT((#15015));
#15015 = SURFACE_STYLE_USAGE(.BOTH.,#15016);
#15016 = SURFACE_SIDE_STYLE('',(#15017));
#15017 = SURFACE_STYLE_FILL_AREA(#15018);
#15018 = FILL_AREA_STYLE('',(#15019));
#15019 = FILL_AREA_STYLE_COLOUR('',#15020);
#15020 = COLOUR_RGB('',0.147999998088,0.144999993226,0.144999993226);
#15021 = STYLED_ITEM('color',(#15022),#3921);
#15022 = PRESENTATION_STYLE_ASSIGNMENT((#15023));
#15023 = SURFACE_STYLE_USAGE(.BOTH.,#15024);
#15024 = SURFACE_SIDE_STYLE('',(#15025));
#15025 = SURFACE_STYLE_FILL_AREA(#15026);
#15026 = FILL_AREA_STYLE('',(#15027));
#15027 = FILL_AREA_STYLE_COLOUR('',#15020);
#15028 = STYLED_ITEM('color',(#15029),#3952);
#15029 = PRESENTATION_STYLE_ASSIGNMENT((#15030));
#15030 = SURFACE_STYLE_USAGE(.BOTH.,#15031);
#15031 = SURFACE_SIDE_STYLE('',(#15032));
#15032 = SURFACE_STYLE_FILL_AREA(#15033);
#15033 = FILL_AREA_STYLE('',(#15034));
#15034 = FILL_AREA_STYLE_COLOUR('',#15020);
#15035 = STYLED_ITEM('color',(#15036),#3987);
#15036 = PRESENTATION_STYLE_ASSIGNMENT((#15037));
#15037 = SURFACE_STYLE_USAGE(.BOTH.,#15038);
#15038 = SURFACE_SIDE_STYLE('',(#15039));
#15039 = SURFACE_STYLE_FILL_AREA(#15040);
#15040 = FILL_AREA_STYLE('',(#15041));
#15041 = FILL_AREA_STYLE_COLOUR('',#15020);
#15042 = STYLED_ITEM('color',(#15043),#4011);
#15043 = PRESENTATION_STYLE_ASSIGNMENT((#15044));
#15044 = SURFACE_STYLE_USAGE(.BOTH.,#15045);
#15045 = SURFACE_SIDE_STYLE('',(#15046));
#15046 = SURFACE_STYLE_FILL_AREA(#15047);
#15047 = FILL_AREA_STYLE('',(#15048));
#15048 = FILL_AREA_STYLE_COLOUR('',#15020);
#15049 = STYLED_ITEM('color',(#15050),#4424);
#15050 = PRESENTATION_STYLE_ASSIGNMENT((#15051));
#15051 = SURFACE_STYLE_USAGE(.BOTH.,#15052);
#15052 = SURFACE_SIDE_STYLE('',(#15053));
#15053 = SURFACE_STYLE_FILL_AREA(#15054);
#15054 = FILL_AREA_STYLE('',(#15055));
#15055 = FILL_AREA_STYLE_COLOUR('',#15020);
#15056 = STYLED_ITEM('color',(#15057),#4436);
#15057 = PRESENTATION_STYLE_ASSIGNMENT((#15058));
#15058 = SURFACE_STYLE_USAGE(.BOTH.,#15059);
#15059 = SURFACE_SIDE_STYLE('',(#15060));
#15060 = SURFACE_STYLE_FILL_AREA(#15061);
#15061 = FILL_AREA_STYLE('',(#15062));
#15062 = FILL_AREA_STYLE_COLOUR('',#15063);
#15063 = COLOUR_RGB('',0.690999977303,0.663999984767,0.597999987832);
#15064 = STYLED_ITEM('color',(#15065),#4461);
#15065 = PRESENTATION_STYLE_ASSIGNMENT((#15066));
#15066 = SURFACE_STYLE_USAGE(.BOTH.,#15067);
#15067 = SURFACE_SIDE_STYLE('',(#15068));
#15068 = SURFACE_STYLE_FILL_AREA(#15069);
#15069 = FILL_AREA_STYLE('',(#15070));
#15070 = FILL_AREA_STYLE_COLOUR('',#13820);
#15071 = STYLED_ITEM('color',(#15072),#4480);
#15072 = PRESENTATION_STYLE_ASSIGNMENT((#15073));
#15073 = SURFACE_STYLE_USAGE(.BOTH.,#15074);
#15074 = SURFACE_SIDE_STYLE('',(#15075));
#15075 = SURFACE_STYLE_FILL_AREA(#15076);
#15076 = FILL_AREA_STYLE('',(#15077));
#15077 = FILL_AREA_STYLE_COLOUR('',#13820);
#15078 = STYLED_ITEM('color',(#15079),#4499);
#15079 = PRESENTATION_STYLE_ASSIGNMENT((#15080));
#15080 = SURFACE_STYLE_USAGE(.BOTH.,#15081);
#15081 = SURFACE_SIDE_STYLE('',(#15082));
#15082 = SURFACE_STYLE_FILL_AREA(#15083);
#15083 = FILL_AREA_STYLE('',(#15084));
#15084 = FILL_AREA_STYLE_COLOUR('',#13820);
#15085 = STYLED_ITEM('color',(#15086),#4518);
#15086 = PRESENTATION_STYLE_ASSIGNMENT((#15087));
#15087 = SURFACE_STYLE_USAGE(.BOTH.,#15088);
#15088 = SURFACE_SIDE_STYLE('',(#15089));
#15089 = SURFACE_STYLE_FILL_AREA(#15090);
#15090 = FILL_AREA_STYLE('',(#15091));
#15091 = FILL_AREA_STYLE_COLOUR('',#13820);
#15092 = STYLED_ITEM('color',(#15093),#4537);
#15093 = PRESENTATION_STYLE_ASSIGNMENT((#15094));
#15094 = SURFACE_STYLE_USAGE(.BOTH.,#15095);
#15095 = SURFACE_SIDE_STYLE('',(#15096));
#15096 = SURFACE_STYLE_FILL_AREA(#15097);
#15097 = FILL_AREA_STYLE('',(#15098));
#15098 = FILL_AREA_STYLE_COLOUR('',#13820);
#15099 = STYLED_ITEM('color',(#15100),#4556);
#15100 = PRESENTATION_STYLE_ASSIGNMENT((#15101));
#15101 = SURFACE_STYLE_USAGE(.BOTH.,#15102);
#15102 = SURFACE_SIDE_STYLE('',(#15103));
#15103 = SURFACE_STYLE_FILL_AREA(#15104);
#15104 = FILL_AREA_STYLE('',(#15105));
#15105 = FILL_AREA_STYLE_COLOUR('',#13820);
#15106 = STYLED_ITEM('color',(#15107),#4575);
#15107 = PRESENTATION_STYLE_ASSIGNMENT((#15108));
#15108 = SURFACE_STYLE_USAGE(.BOTH.,#15109);
#15109 = SURFACE_SIDE_STYLE('',(#15110));
#15110 = SURFACE_STYLE_FILL_AREA(#15111);
#15111 = FILL_AREA_STYLE('',(#15112));
#15112 = FILL_AREA_STYLE_COLOUR('',#13820);
#15113 = STYLED_ITEM('color',(#15114),#4594);
#15114 = PRESENTATION_STYLE_ASSIGNMENT((#15115));
#15115 = SURFACE_STYLE_USAGE(.BOTH.,#15116);
#15116 = SURFACE_SIDE_STYLE('',(#15117));
#15117 = SURFACE_STYLE_FILL_AREA(#15118);
#15118 = FILL_AREA_STYLE('',(#15119));
#15119 = FILL_AREA_STYLE_COLOUR('',#13820);
#15120 = STYLED_ITEM('color',(#15121),#4613);
#15121 = PRESENTATION_STYLE_ASSIGNMENT((#15122));
#15122 = SURFACE_STYLE_USAGE(.BOTH.,#15123);
#15123 = SURFACE_SIDE_STYLE('',(#15124));
#15124 = SURFACE_STYLE_FILL_AREA(#15125);
#15125 = FILL_AREA_STYLE('',(#15126));
#15126 = FILL_AREA_STYLE_COLOUR('',#13820);
#15127 = STYLED_ITEM('color',(#15128),#4632);
#15128 = PRESENTATION_STYLE_ASSIGNMENT((#15129));
#15129 = SURFACE_STYLE_USAGE(.BOTH.,#15130);
#15130 = SURFACE_SIDE_STYLE('',(#15131));
#15131 = SURFACE_STYLE_FILL_AREA(#15132);
#15132 = FILL_AREA_STYLE('',(#15133));
#15133 = FILL_AREA_STYLE_COLOUR('',#13820);
#15134 = STYLED_ITEM('color',(#15135),#4651);
#15135 = PRESENTATION_STYLE_ASSIGNMENT((#15136));
#15136 = SURFACE_STYLE_USAGE(.BOTH.,#15137);
#15137 = SURFACE_SIDE_STYLE('',(#15138));
#15138 = SURFACE_STYLE_FILL_AREA(#15139);
#15139 = FILL_AREA_STYLE('',(#15140));
#15140 = FILL_AREA_STYLE_COLOUR('',#13820);
#15141 = STYLED_ITEM('color',(#15142),#4670);
#15142 = PRESENTATION_STYLE_ASSIGNMENT((#15143));
#15143 = SURFACE_STYLE_USAGE(.BOTH.,#15144);
#15144 = SURFACE_SIDE_STYLE('',(#15145));
#15145 = SURFACE_STYLE_FILL_AREA(#15146);
#15146 = FILL_AREA_STYLE('',(#15147));
#15147 = FILL_AREA_STYLE_COLOUR('',#13820);
#15148 = STYLED_ITEM('color',(#15149),#4689);
#15149 = PRESENTATION_STYLE_ASSIGNMENT((#15150));
#15150 = SURFACE_STYLE_USAGE(.BOTH.,#15151);
#15151 = SURFACE_SIDE_STYLE('',(#15152));
#15152 = SURFACE_STYLE_FILL_AREA(#15153);
#15153 = FILL_AREA_STYLE('',(#15154));
#15154 = FILL_AREA_STYLE_COLOUR('',#13820);
#15155 = STYLED_ITEM('color',(#15156),#4708);
#15156 = PRESENTATION_STYLE_ASSIGNMENT((#15157));
#15157 = SURFACE_STYLE_USAGE(.BOTH.,#15158);
#15158 = SURFACE_SIDE_STYLE('',(#15159));
#15159 = SURFACE_STYLE_FILL_AREA(#15160);
#15160 = FILL_AREA_STYLE('',(#15161));
#15161 = FILL_AREA_STYLE_COLOUR('',#13820);
#15162 = STYLED_ITEM('color',(#15163),#4727);
#15163 = PRESENTATION_STYLE_ASSIGNMENT((#15164));
#15164 = SURFACE_STYLE_USAGE(.BOTH.,#15165);
#15165 = SURFACE_SIDE_STYLE('',(#15166));
#15166 = SURFACE_STYLE_FILL_AREA(#15167);
#15167 = FILL_AREA_STYLE('',(#15168));
#15168 = FILL_AREA_STYLE_COLOUR('',#13820);
#15169 = STYLED_ITEM('color',(#15170),#4746);
#15170 = PRESENTATION_STYLE_ASSIGNMENT((#15171));
#15171 = SURFACE_STYLE_USAGE(.BOTH.,#15172);
#15172 = SURFACE_SIDE_STYLE('',(#15173));
#15173 = SURFACE_STYLE_FILL_AREA(#15174);
#15174 = FILL_AREA_STYLE('',(#15175));
#15175 = FILL_AREA_STYLE_COLOUR('',#13820);
#15176 = STYLED_ITEM('color',(#15177),#4765);
#15177 = PRESENTATION_STYLE_ASSIGNMENT((#15178));
#15178 = SURFACE_STYLE_USAGE(.BOTH.,#15179);
#15179 = SURFACE_SIDE_STYLE('',(#15180));
#15180 = SURFACE_STYLE_FILL_AREA(#15181);
#15181 = FILL_AREA_STYLE('',(#15182));
#15182 = FILL_AREA_STYLE_COLOUR('',#13820);
#15183 = STYLED_ITEM('color',(#15184),#4784);
#15184 = PRESENTATION_STYLE_ASSIGNMENT((#15185));
#15185 = SURFACE_STYLE_USAGE(.BOTH.,#15186);
#15186 = SURFACE_SIDE_STYLE('',(#15187));
#15187 = SURFACE_STYLE_FILL_AREA(#15188);
#15188 = FILL_AREA_STYLE('',(#15189));
#15189 = FILL_AREA_STYLE_COLOUR('',#13820);
#15190 = STYLED_ITEM('color',(#15191),#4803);
#15191 = PRESENTATION_STYLE_ASSIGNMENT((#15192));
#15192 = SURFACE_STYLE_USAGE(.BOTH.,#15193);
#15193 = SURFACE_SIDE_STYLE('',(#15194));
#15194 = SURFACE_STYLE_FILL_AREA(#15195);
#15195 = FILL_AREA_STYLE('',(#15196));
#15196 = FILL_AREA_STYLE_COLOUR('',#13820);
#15197 = STYLED_ITEM('color',(#15198),#4822);
#15198 = PRESENTATION_STYLE_ASSIGNMENT((#15199));
#15199 = SURFACE_STYLE_USAGE(.BOTH.,#15200);
#15200 = SURFACE_SIDE_STYLE('',(#15201));
#15201 = SURFACE_STYLE_FILL_AREA(#15202);
#15202 = FILL_AREA_STYLE('',(#15203));
#15203 = FILL_AREA_STYLE_COLOUR('',#13820);
#15204 = STYLED_ITEM('color',(#15205),#4841);
#15205 = PRESENTATION_STYLE_ASSIGNMENT((#15206));
#15206 = SURFACE_STYLE_USAGE(.BOTH.,#15207);
#15207 = SURFACE_SIDE_STYLE('',(#15208));
#15208 = SURFACE_STYLE_FILL_AREA(#15209);
#15209 = FILL_AREA_STYLE('',(#15210));
#15210 = FILL_AREA_STYLE_COLOUR('',#13820);
#15211 = STYLED_ITEM('color',(#15212),#4860);
#15212 = PRESENTATION_STYLE_ASSIGNMENT((#15213));
#15213 = SURFACE_STYLE_USAGE(.BOTH.,#15214);
#15214 = SURFACE_SIDE_STYLE('',(#15215));
#15215 = SURFACE_STYLE_FILL_AREA(#15216);
#15216 = FILL_AREA_STYLE('',(#15217));
#15217 = FILL_AREA_STYLE_COLOUR('',#13820);
#15218 = STYLED_ITEM('color',(#15219),#4879);
#15219 = PRESENTATION_STYLE_ASSIGNMENT((#15220));
#15220 = SURFACE_STYLE_USAGE(.BOTH.,#15221);
#15221 = SURFACE_SIDE_STYLE('',(#15222));
#15222 = SURFACE_STYLE_FILL_AREA(#15223);
#15223 = FILL_AREA_STYLE('',(#15224));
#15224 = FILL_AREA_STYLE_COLOUR('',#13820);
#15225 = STYLED_ITEM('color',(#15226),#4898);
#15226 = PRESENTATION_STYLE_ASSIGNMENT((#15227));
#15227 = SURFACE_STYLE_USAGE(.BOTH.,#15228);
#15228 = SURFACE_SIDE_STYLE('',(#15229));
#15229 = SURFACE_STYLE_FILL_AREA(#15230);
#15230 = FILL_AREA_STYLE('',(#15231));
#15231 = FILL_AREA_STYLE_COLOUR('',#13820);
#15232 = STYLED_ITEM('color',(#15233),#4917);
#15233 = PRESENTATION_STYLE_ASSIGNMENT((#15234));
#15234 = SURFACE_STYLE_USAGE(.BOTH.,#15235);
#15235 = SURFACE_SIDE_STYLE('',(#15236));
#15236 = SURFACE_STYLE_FILL_AREA(#15237);
#15237 = FILL_AREA_STYLE('',(#15238));
#15238 = FILL_AREA_STYLE_COLOUR('',#13820);
#15239 = STYLED_ITEM('color',(#15240),#4936);
#15240 = PRESENTATION_STYLE_ASSIGNMENT((#15241));
#15241 = SURFACE_STYLE_USAGE(.BOTH.,#15242);
#15242 = SURFACE_SIDE_STYLE('',(#15243));
#15243 = SURFACE_STYLE_FILL_AREA(#15244);
#15244 = FILL_AREA_STYLE('',(#15245));
#15245 = FILL_AREA_STYLE_COLOUR('',#13820);
#15246 = STYLED_ITEM('color',(#15247),#4955);
#15247 = PRESENTATION_STYLE_ASSIGNMENT((#15248));
#15248 = SURFACE_STYLE_USAGE(.BOTH.,#15249);
#15249 = SURFACE_SIDE_STYLE('',(#15250));
#15250 = SURFACE_STYLE_FILL_AREA(#15251);
#15251 = FILL_AREA_STYLE('',(#15252));
#15252 = FILL_AREA_STYLE_COLOUR('',#13820);
#15253 = STYLED_ITEM('color',(#15254),#4974);
#15254 = PRESENTATION_STYLE_ASSIGNMENT((#15255));
#15255 = SURFACE_STYLE_USAGE(.BOTH.,#15256);
#15256 = SURFACE_SIDE_STYLE('',(#15257));
#15257 = SURFACE_STYLE_FILL_AREA(#15258);
#15258 = FILL_AREA_STYLE('',(#15259));
#15259 = FILL_AREA_STYLE_COLOUR('',#13820);
#15260 = STYLED_ITEM('color',(#15261),#4993);
#15261 = PRESENTATION_STYLE_ASSIGNMENT((#15262));
#15262 = SURFACE_STYLE_USAGE(.BOTH.,#15263);
#15263 = SURFACE_SIDE_STYLE('',(#15264));
#15264 = SURFACE_STYLE_FILL_AREA(#15265);
#15265 = FILL_AREA_STYLE('',(#15266));
#15266 = FILL_AREA_STYLE_COLOUR('',#13820);
#15267 = STYLED_ITEM('color',(#15268),#5012);
#15268 = PRESENTATION_STYLE_ASSIGNMENT((#15269));
#15269 = SURFACE_STYLE_USAGE(.BOTH.,#15270);
#15270 = SURFACE_SIDE_STYLE('',(#15271));
#15271 = SURFACE_STYLE_FILL_AREA(#15272);
#15272 = FILL_AREA_STYLE('',(#15273));
#15273 = FILL_AREA_STYLE_COLOUR('',#13820);
#15274 = STYLED_ITEM('color',(#15275),#5031);
#15275 = PRESENTATION_STYLE_ASSIGNMENT((#15276));
#15276 = SURFACE_STYLE_USAGE(.BOTH.,#15277);
#15277 = SURFACE_SIDE_STYLE('',(#15278));
#15278 = SURFACE_STYLE_FILL_AREA(#15279);
#15279 = FILL_AREA_STYLE('',(#15280));
#15280 = FILL_AREA_STYLE_COLOUR('',#13820);
#15281 = STYLED_ITEM('color',(#15282),#5050);
#15282 = PRESENTATION_STYLE_ASSIGNMENT((#15283));
#15283 = SURFACE_STYLE_USAGE(.BOTH.,#15284);
#15284 = SURFACE_SIDE_STYLE('',(#15285));
#15285 = SURFACE_STYLE_FILL_AREA(#15286);
#15286 = FILL_AREA_STYLE('',(#15287));
#15287 = FILL_AREA_STYLE_COLOUR('',#13820);
#15288 = STYLED_ITEM('color',(#15289),#5069);
#15289 = PRESENTATION_STYLE_ASSIGNMENT((#15290));
#15290 = SURFACE_STYLE_USAGE(.BOTH.,#15291);
#15291 = SURFACE_SIDE_STYLE('',(#15292));
#15292 = SURFACE_STYLE_FILL_AREA(#15293);
#15293 = FILL_AREA_STYLE('',(#15294));
#15294 = FILL_AREA_STYLE_COLOUR('',#13820);
#15295 = STYLED_ITEM('color',(#15296),#5088);
#15296 = PRESENTATION_STYLE_ASSIGNMENT((#15297));
#15297 = SURFACE_STYLE_USAGE(.BOTH.,#15298);
#15298 = SURFACE_SIDE_STYLE('',(#15299));
#15299 = SURFACE_STYLE_FILL_AREA(#15300);
#15300 = FILL_AREA_STYLE('',(#15301));
#15301 = FILL_AREA_STYLE_COLOUR('',#13820);
#15302 = STYLED_ITEM('color',(#15303),#5107);
#15303 = PRESENTATION_STYLE_ASSIGNMENT((#15304));
#15304 = SURFACE_STYLE_USAGE(.BOTH.,#15305);
#15305 = SURFACE_SIDE_STYLE('',(#15306));
#15306 = SURFACE_STYLE_FILL_AREA(#15307);
#15307 = FILL_AREA_STYLE('',(#15308));
#15308 = FILL_AREA_STYLE_COLOUR('',#13820);
#15309 = STYLED_ITEM('color',(#15310),#5126);
#15310 = PRESENTATION_STYLE_ASSIGNMENT((#15311));
#15311 = SURFACE_STYLE_USAGE(.BOTH.,#15312);
#15312 = SURFACE_SIDE_STYLE('',(#15313));
#15313 = SURFACE_STYLE_FILL_AREA(#15314);
#15314 = FILL_AREA_STYLE('',(#15315));
#15315 = FILL_AREA_STYLE_COLOUR('',#13820);
#15316 = STYLED_ITEM('color',(#15317),#5145);
#15317 = PRESENTATION_STYLE_ASSIGNMENT((#15318));
#15318 = SURFACE_STYLE_USAGE(.BOTH.,#15319);
#15319 = SURFACE_SIDE_STYLE('',(#15320));
#15320 = SURFACE_STYLE_FILL_AREA(#15321);
#15321 = FILL_AREA_STYLE('',(#15322));
#15322 = FILL_AREA_STYLE_COLOUR('',#15063);
#15323 = MECHANICAL_DESIGN_GEOMETRIC_PRESENTATION_REPRESENTATION('',(
    #15324,#15331,#15338,#15345,#15352,#15359,#15366,#15373,#15380,
    #15387,#15394,#15401,#15408,#15415,#15422,#15429,#15436,#15443,
    #15450,#15457,#15464,#15471,#15478,#15485,#15492,#15499),#1131);
#15324 = STYLED_ITEM('color',(#15325),#343);
#15325 = PRESENTATION_STYLE_ASSIGNMENT((#15326));
#15326 = SURFACE_STYLE_USAGE(.BOTH.,#15327);
#15327 = SURFACE_SIDE_STYLE('',(#15328));
#15328 = SURFACE_STYLE_FILL_AREA(#15329);
#15329 = FILL_AREA_STYLE('',(#15330));
#15330 = FILL_AREA_STYLE_COLOUR('',#13820);
#15331 = STYLED_ITEM('color',(#15332),#383);
#15332 = PRESENTATION_STYLE_ASSIGNMENT((#15333));
#15333 = SURFACE_STYLE_USAGE(.BOTH.,#15334);
#15334 = SURFACE_SIDE_STYLE('',(#15335));
#15335 = SURFACE_STYLE_FILL_AREA(#15336);
#15336 = FILL_AREA_STYLE('',(#15337));
#15337 = FILL_AREA_STYLE_COLOUR('',#13820);
#15338 = STYLED_ITEM('color',(#15339),#466);
#15339 = PRESENTATION_STYLE_ASSIGNMENT((#15340));
#15340 = SURFACE_STYLE_USAGE(.BOTH.,#15341);
#15341 = SURFACE_SIDE_STYLE('',(#15342));
#15342 = SURFACE_STYLE_FILL_AREA(#15343);
#15343 = FILL_AREA_STYLE('',(#15344));
#15344 = FILL_AREA_STYLE_COLOUR('',#13820);
#15345 = STYLED_ITEM('color',(#15346),#491);
#15346 = PRESENTATION_STYLE_ASSIGNMENT((#15347));
#15347 = SURFACE_STYLE_USAGE(.BOTH.,#15348);
#15348 = SURFACE_SIDE_STYLE('',(#15349));
#15349 = SURFACE_STYLE_FILL_AREA(#15350);
#15350 = FILL_AREA_STYLE('',(#15351));
#15351 = FILL_AREA_STYLE_COLOUR('',#13820);
#15352 = STYLED_ITEM('color',(#15353),#516);
#15353 = PRESENTATION_STYLE_ASSIGNMENT((#15354));
#15354 = SURFACE_STYLE_USAGE(.BOTH.,#15355);
#15355 = SURFACE_SIDE_STYLE('',(#15356));
#15356 = SURFACE_STYLE_FILL_AREA(#15357);
#15357 = FILL_AREA_STYLE('',(#15358));
#15358 = FILL_AREA_STYLE_COLOUR('',#13820);
#15359 = STYLED_ITEM('color',(#15360),#583);
#15360 = PRESENTATION_STYLE_ASSIGNMENT((#15361));
#15361 = SURFACE_STYLE_USAGE(.BOTH.,#15362);
#15362 = SURFACE_SIDE_STYLE('',(#15363));
#15363 = SURFACE_STYLE_FILL_AREA(#15364);
#15364 = FILL_AREA_STYLE('',(#15365));
#15365 = FILL_AREA_STYLE_COLOUR('',#13820);
#15366 = STYLED_ITEM('color',(#15367),#600);
#15367 = PRESENTATION_STYLE_ASSIGNMENT((#15368));
#15368 = SURFACE_STYLE_USAGE(.BOTH.,#15369);
#15369 = SURFACE_SIDE_STYLE('',(#15370));
#15370 = SURFACE_STYLE_FILL_AREA(#15371);
#15371 = FILL_AREA_STYLE('',(#15372));
#15372 = FILL_AREA_STYLE_COLOUR('',#13820);
#15373 = STYLED_ITEM('color',(#15374),#617);
#15374 = PRESENTATION_STYLE_ASSIGNMENT((#15375));
#15375 = SURFACE_STYLE_USAGE(.BOTH.,#15376);
#15376 = SURFACE_SIDE_STYLE('',(#15377));
#15377 = SURFACE_STYLE_FILL_AREA(#15378);
#15378 = FILL_AREA_STYLE('',(#15379));
#15379 = FILL_AREA_STYLE_COLOUR('',#14077);
#15380 = STYLED_ITEM('color',(#15381),#666);
#15381 = PRESENTATION_STYLE_ASSIGNMENT((#15382));
#15382 = SURFACE_STYLE_USAGE(.BOTH.,#15383);
#15383 = SURFACE_SIDE_STYLE('',(#15384));
#15384 = SURFACE_STYLE_FILL_AREA(#15385);
#15385 = FILL_AREA_STYLE('',(#15386));
#15386 = FILL_AREA_STYLE_COLOUR('',#13820);
#15387 = STYLED_ITEM('color',(#15388),#683);
#15388 = PRESENTATION_STYLE_ASSIGNMENT((#15389));
#15389 = SURFACE_STYLE_USAGE(.BOTH.,#15390);
#15390 = SURFACE_SIDE_STYLE('',(#15391));
#15391 = SURFACE_STYLE_FILL_AREA(#15392);
#15392 = FILL_AREA_STYLE('',(#15393));
#15393 = FILL_AREA_STYLE_COLOUR('',#13820);
#15394 = STYLED_ITEM('color',(#15395),#700);
#15395 = PRESENTATION_STYLE_ASSIGNMENT((#15396));
#15396 = SURFACE_STYLE_USAGE(.BOTH.,#15397);
#15397 = SURFACE_SIDE_STYLE('',(#15398));
#15398 = SURFACE_STYLE_FILL_AREA(#15399);
#15399 = FILL_AREA_STYLE('',(#15400));
#15400 = FILL_AREA_STYLE_COLOUR('',#14077);
#15401 = STYLED_ITEM('color',(#15402),#749);
#15402 = PRESENTATION_STYLE_ASSIGNMENT((#15403));
#15403 = SURFACE_STYLE_USAGE(.BOTH.,#15404);
#15404 = SURFACE_SIDE_STYLE('',(#15405));
#15405 = SURFACE_STYLE_FILL_AREA(#15406);
#15406 = FILL_AREA_STYLE('',(#15407));
#15407 = FILL_AREA_STYLE_COLOUR('',#14077);
#15408 = STYLED_ITEM('color',(#15409),#766);
#15409 = PRESENTATION_STYLE_ASSIGNMENT((#15410));
#15410 = SURFACE_STYLE_USAGE(.BOTH.,#15411);
#15411 = SURFACE_SIDE_STYLE('',(#15412));
#15412 = SURFACE_STYLE_FILL_AREA(#15413);
#15413 = FILL_AREA_STYLE('',(#15414));
#15414 = FILL_AREA_STYLE_COLOUR('',#13820);
#15415 = STYLED_ITEM('color',(#15416),#835);
#15416 = PRESENTATION_STYLE_ASSIGNMENT((#15417));
#15417 = SURFACE_STYLE_USAGE(.BOTH.,#15418);
#15418 = SURFACE_SIDE_STYLE('',(#15419));
#15419 = SURFACE_STYLE_FILL_AREA(#15420);
#15420 = FILL_AREA_STYLE('',(#15421));
#15421 = FILL_AREA_STYLE_COLOUR('',#14120);
#15422 = STYLED_ITEM('color',(#15423),#866);
#15423 = PRESENTATION_STYLE_ASSIGNMENT((#15424));
#15424 = SURFACE_STYLE_USAGE(.BOTH.,#15425);
#15425 = SURFACE_SIDE_STYLE('',(#15426));
#15426 = SURFACE_STYLE_FILL_AREA(#15427);
#15427 = FILL_AREA_STYLE('',(#15428));
#15428 = FILL_AREA_STYLE_COLOUR('',#14120);
#15429 = STYLED_ITEM('color',(#15430),#890);
#15430 = PRESENTATION_STYLE_ASSIGNMENT((#15431));
#15431 = SURFACE_STYLE_USAGE(.BOTH.,#15432);
#15432 = SURFACE_SIDE_STYLE('',(#15433));
#15433 = SURFACE_STYLE_FILL_AREA(#15434);
#15434 = FILL_AREA_STYLE('',(#15435));
#15435 = FILL_AREA_STYLE_COLOUR('',#13820);
#15436 = STYLED_ITEM('color',(#15437),#959);
#15437 = PRESENTATION_STYLE_ASSIGNMENT((#15438));
#15438 = SURFACE_STYLE_USAGE(.BOTH.,#15439);
#15439 = SURFACE_SIDE_STYLE('',(#15440));
#15440 = SURFACE_STYLE_FILL_AREA(#15441);
#15441 = FILL_AREA_STYLE('',(#15442));
#15442 = FILL_AREA_STYLE_COLOUR('',#14120);
#15443 = STYLED_ITEM('color',(#15444),#983);
#15444 = PRESENTATION_STYLE_ASSIGNMENT((#15445));
#15445 = SURFACE_STYLE_USAGE(.BOTH.,#15446);
#15446 = SURFACE_SIDE_STYLE('',(#15447));
#15447 = SURFACE_STYLE_FILL_AREA(#15448);
#15448 = FILL_AREA_STYLE('',(#15449));
#15449 = FILL_AREA_STYLE_COLOUR('',#13820);
#15450 = STYLED_ITEM('color',(#15451),#1000);
#15451 = PRESENTATION_STYLE_ASSIGNMENT((#15452));
#15452 = SURFACE_STYLE_USAGE(.BOTH.,#15453);
#15453 = SURFACE_SIDE_STYLE('',(#15454));
#15454 = SURFACE_STYLE_FILL_AREA(#15455);
#15455 = FILL_AREA_STYLE('',(#15456));
#15456 = FILL_AREA_STYLE_COLOUR('',#13820);
#15457 = STYLED_ITEM('color',(#15458),#1017);
#15458 = PRESENTATION_STYLE_ASSIGNMENT((#15459));
#15459 = SURFACE_STYLE_USAGE(.BOTH.,#15460);
#15460 = SURFACE_SIDE_STYLE('',(#15461));
#15461 = SURFACE_STYLE_FILL_AREA(#15462);
#15462 = FILL_AREA_STYLE('',(#15463));
#15463 = FILL_AREA_STYLE_COLOUR('',#13820);
#15464 = STYLED_ITEM('color',(#15465),#1034);
#15465 = PRESENTATION_STYLE_ASSIGNMENT((#15466));
#15466 = SURFACE_STYLE_USAGE(.BOTH.,#15467);
#15467 = SURFACE_SIDE_STYLE('',(#15468));
#15468 = SURFACE_STYLE_FILL_AREA(#15469);
#15469 = FILL_AREA_STYLE('',(#15470));
#15470 = FILL_AREA_STYLE_COLOUR('',#13820);
#15471 = STYLED_ITEM('color',(#15472),#1051);
#15472 = PRESENTATION_STYLE_ASSIGNMENT((#15473));
#15473 = SURFACE_STYLE_USAGE(.BOTH.,#15474);
#15474 = SURFACE_SIDE_STYLE('',(#15475));
#15475 = SURFACE_STYLE_FILL_AREA(#15476);
#15476 = FILL_AREA_STYLE('',(#15477));
#15477 = FILL_AREA_STYLE_COLOUR('',#13820);
#15478 = STYLED_ITEM('color',(#15479),#1068);
#15479 = PRESENTATION_STYLE_ASSIGNMENT((#15480));
#15480 = SURFACE_STYLE_USAGE(.BOTH.,#15481);
#15481 = SURFACE_SIDE_STYLE('',(#15482));
#15482 = SURFACE_STYLE_FILL_AREA(#15483);
#15483 = FILL_AREA_STYLE('',(#15484));
#15484 = FILL_AREA_STYLE_COLOUR('',#13820);
#15485 = STYLED_ITEM('color',(#15486),#1085);
#15486 = PRESENTATION_STYLE_ASSIGNMENT((#15487));
#15487 = SURFACE_STYLE_USAGE(.BOTH.,#15488);
#15488 = SURFACE_SIDE_STYLE('',(#15489));
#15489 = SURFACE_STYLE_FILL_AREA(#15490);
#15490 = FILL_AREA_STYLE('',(#15491));
#15491 = FILL_AREA_STYLE_COLOUR('',#13820);
#15492 = STYLED_ITEM('color',(#15493),#1102);
#15493 = PRESENTATION_STYLE_ASSIGNMENT((#15494));
#15494 = SURFACE_STYLE_USAGE(.BOTH.,#15495);
#15495 = SURFACE_SIDE_STYLE('',(#15496));
#15496 = SURFACE_STYLE_FILL_AREA(#15497);
#15497 = FILL_AREA_STYLE('',(#15498));
#15498 = FILL_AREA_STYLE_COLOUR('',#14120);
#15499 = STYLED_ITEM('color',(#15500),#1119);
#15500 = PRESENTATION_STYLE_ASSIGNMENT((#15501));
#15501 = SURFACE_STYLE_USAGE(.BOTH.,#15502);
#15502 = SURFACE_SIDE_STYLE('',(#15503));
#15503 = SURFACE_STYLE_FILL_AREA(#15504);
#15504 = FILL_AREA_STYLE('',(#15505));
#15505 = FILL_AREA_STYLE_COLOUR('',#14120);
#15506 = MECHANICAL_DESIGN_GEOMETRIC_PRESENTATION_REPRESENTATION('',(
    #15507,#15514,#15521,#15528,#15535,#15542,#15549,#15556,#15563,
    #15570,#15577,#15584,#15591,#15598,#15605,#15612,#15619,#15626,
    #15633,#15640,#15647,#15654,#15661,#15668,#15675,#15682,#15689,
    #15696),#2004);
#15507 = STYLED_ITEM('color',(#15508),#1152);
#15508 = PRESENTATION_STYLE_ASSIGNMENT((#15509));
#15509 = SURFACE_STYLE_USAGE(.BOTH.,#15510);
#15510 = SURFACE_SIDE_STYLE('',(#15511));
#15511 = SURFACE_STYLE_FILL_AREA(#15512);
#15512 = FILL_AREA_STYLE('',(#15513));
#15513 = FILL_AREA_STYLE_COLOUR('',#13820);
#15514 = STYLED_ITEM('color',(#15515),#1228);
#15515 = PRESENTATION_STYLE_ASSIGNMENT((#15516));
#15516 = SURFACE_STYLE_USAGE(.BOTH.,#15517);
#15517 = SURFACE_SIDE_STYLE('',(#15518));
#15518 = SURFACE_STYLE_FILL_AREA(#15519);
#15519 = FILL_AREA_STYLE('',(#15520));
#15520 = FILL_AREA_STYLE_COLOUR('',#13820);
#15521 = STYLED_ITEM('color',(#15522),#1259);
#15522 = PRESENTATION_STYLE_ASSIGNMENT((#15523));
#15523 = SURFACE_STYLE_USAGE(.BOTH.,#15524);
#15524 = SURFACE_SIDE_STYLE('',(#15525));
#15525 = SURFACE_STYLE_FILL_AREA(#15526);
#15526 = FILL_AREA_STYLE('',(#15527));
#15527 = FILL_AREA_STYLE_COLOUR('',#13820);
#15528 = STYLED_ITEM('color',(#15529),#1284);
#15529 = PRESENTATION_STYLE_ASSIGNMENT((#15530));
#15530 = SURFACE_STYLE_USAGE(.BOTH.,#15531);
#15531 = SURFACE_SIDE_STYLE('',(#15532));
#15532 = SURFACE_STYLE_FILL_AREA(#15533);
#15533 = FILL_AREA_STYLE('',(#15534));
#15534 = FILL_AREA_STYLE_COLOUR('',#13820);
#15535 = STYLED_ITEM('color',(#15536),#1309);
#15536 = PRESENTATION_STYLE_ASSIGNMENT((#15537));
#15537 = SURFACE_STYLE_USAGE(.BOTH.,#15538);
#15538 = SURFACE_SIDE_STYLE('',(#15539));
#15539 = SURFACE_STYLE_FILL_AREA(#15540);
#15540 = FILL_AREA_STYLE('',(#15541));
#15541 = FILL_AREA_STYLE_COLOUR('',#13820);
#15542 = STYLED_ITEM('color',(#15543),#1333);
#15543 = PRESENTATION_STYLE_ASSIGNMENT((#15544));
#15544 = SURFACE_STYLE_USAGE(.BOTH.,#15545);
#15545 = SURFACE_SIDE_STYLE('',(#15546));
#15546 = SURFACE_STYLE_FILL_AREA(#15547);
#15547 = FILL_AREA_STYLE('',(#15548));
#15548 = FILL_AREA_STYLE_COLOUR('',#13820);
#15549 = STYLED_ITEM('color',(#15550),#1357);
#15550 = PRESENTATION_STYLE_ASSIGNMENT((#15551));
#15551 = SURFACE_STYLE_USAGE(.BOTH.,#15552);
#15552 = SURFACE_SIDE_STYLE('',(#15553));
#15553 = SURFACE_STYLE_FILL_AREA(#15554);
#15554 = FILL_AREA_STYLE('',(#15555));
#15555 = FILL_AREA_STYLE_COLOUR('',#13820);
#15556 = STYLED_ITEM('color',(#15557),#1382);
#15557 = PRESENTATION_STYLE_ASSIGNMENT((#15558));
#15558 = SURFACE_STYLE_USAGE(.BOTH.,#15559);
#15559 = SURFACE_SIDE_STYLE('',(#15560));
#15560 = SURFACE_STYLE_FILL_AREA(#15561);
#15561 = FILL_AREA_STYLE('',(#15562));
#15562 = FILL_AREA_STYLE_COLOUR('',#13820);
#15563 = STYLED_ITEM('color',(#15564),#1407);
#15564 = PRESENTATION_STYLE_ASSIGNMENT((#15565));
#15565 = SURFACE_STYLE_USAGE(.BOTH.,#15566);
#15566 = SURFACE_SIDE_STYLE('',(#15567));
#15567 = SURFACE_STYLE_FILL_AREA(#15568);
#15568 = FILL_AREA_STYLE('',(#15569));
#15569 = FILL_AREA_STYLE_COLOUR('',#13820);
#15570 = STYLED_ITEM('color',(#15571),#1424);
#15571 = PRESENTATION_STYLE_ASSIGNMENT((#15572));
#15572 = SURFACE_STYLE_USAGE(.BOTH.,#15573);
#15573 = SURFACE_SIDE_STYLE('',(#15574));
#15574 = SURFACE_STYLE_FILL_AREA(#15575);
#15575 = FILL_AREA_STYLE('',(#15576));
#15576 = FILL_AREA_STYLE_COLOUR('',#13820);
#15577 = STYLED_ITEM('color',(#15578),#1510);
#15578 = PRESENTATION_STYLE_ASSIGNMENT((#15579));
#15579 = SURFACE_STYLE_USAGE(.BOTH.,#15580);
#15580 = SURFACE_SIDE_STYLE('',(#15581));
#15581 = SURFACE_STYLE_FILL_AREA(#15582);
#15582 = FILL_AREA_STYLE('',(#15583));
#15583 = FILL_AREA_STYLE_COLOUR('',#13891);
#15584 = STYLED_ITEM('color',(#15585),#1542);
#15585 = PRESENTATION_STYLE_ASSIGNMENT((#15586));
#15586 = SURFACE_STYLE_USAGE(.BOTH.,#15587);
#15587 = SURFACE_SIDE_STYLE('',(#15588));
#15588 = SURFACE_STYLE_FILL_AREA(#15589);
#15589 = FILL_AREA_STYLE('',(#15590));
#15590 = FILL_AREA_STYLE_COLOUR('',#13891);
#15591 = STYLED_ITEM('color',(#15592),#1566);
#15592 = PRESENTATION_STYLE_ASSIGNMENT((#15593));
#15593 = SURFACE_STYLE_USAGE(.BOTH.,#15594);
#15594 = SURFACE_SIDE_STYLE('',(#15595));
#15595 = SURFACE_STYLE_FILL_AREA(#15596);
#15596 = FILL_AREA_STYLE('',(#15597));
#15597 = FILL_AREA_STYLE_COLOUR('',#13891);
#15598 = STYLED_ITEM('color',(#15599),#1591);
#15599 = PRESENTATION_STYLE_ASSIGNMENT((#15600));
#15600 = SURFACE_STYLE_USAGE(.BOTH.,#15601);
#15601 = SURFACE_SIDE_STYLE('',(#15602));
#15602 = SURFACE_STYLE_FILL_AREA(#15603);
#15603 = FILL_AREA_STYLE('',(#15604));
#15604 = FILL_AREA_STYLE_COLOUR('',#13891);
#15605 = STYLED_ITEM('color',(#15606),#1615);
#15606 = PRESENTATION_STYLE_ASSIGNMENT((#15607));
#15607 = SURFACE_STYLE_USAGE(.BOTH.,#15608);
#15608 = SURFACE_SIDE_STYLE('',(#15609));
#15609 = SURFACE_STYLE_FILL_AREA(#15610);
#15610 = FILL_AREA_STYLE('',(#15611));
#15611 = FILL_AREA_STYLE_COLOUR('',#13891);
#15612 = STYLED_ITEM('color',(#15613),#1640);
#15613 = PRESENTATION_STYLE_ASSIGNMENT((#15614));
#15614 = SURFACE_STYLE_USAGE(.BOTH.,#15615);
#15615 = SURFACE_SIDE_STYLE('',(#15616));
#15616 = SURFACE_STYLE_FILL_AREA(#15617);
#15617 = FILL_AREA_STYLE('',(#15618));
#15618 = FILL_AREA_STYLE_COLOUR('',#13891);
#15619 = STYLED_ITEM('color',(#15620),#1664);
#15620 = PRESENTATION_STYLE_ASSIGNMENT((#15621));
#15621 = SURFACE_STYLE_USAGE(.BOTH.,#15622);
#15622 = SURFACE_SIDE_STYLE('',(#15623));
#15623 = SURFACE_STYLE_FILL_AREA(#15624);
#15624 = FILL_AREA_STYLE('',(#15625));
#15625 = FILL_AREA_STYLE_COLOUR('',#13891);
#15626 = STYLED_ITEM('color',(#15627),#1689);
#15627 = PRESENTATION_STYLE_ASSIGNMENT((#15628));
#15628 = SURFACE_STYLE_USAGE(.BOTH.,#15629);
#15629 = SURFACE_SIDE_STYLE('',(#15630));
#15630 = SURFACE_STYLE_FILL_AREA(#15631);
#15631 = FILL_AREA_STYLE('',(#15632));
#15632 = FILL_AREA_STYLE_COLOUR('',#13891);
#15633 = STYLED_ITEM('color',(#15634),#1706);
#15634 = PRESENTATION_STYLE_ASSIGNMENT((#15635));
#15635 = SURFACE_STYLE_USAGE(.BOTH.,#15636);
#15636 = SURFACE_SIDE_STYLE('',(#15637));
#15637 = SURFACE_STYLE_FILL_AREA(#15638);
#15638 = FILL_AREA_STYLE('',(#15639));
#15639 = FILL_AREA_STYLE_COLOUR('',#13820);
#15640 = STYLED_ITEM('color',(#15641),#1792);
#15641 = PRESENTATION_STYLE_ASSIGNMENT((#15642));
#15642 = SURFACE_STYLE_USAGE(.BOTH.,#15643);
#15643 = SURFACE_SIDE_STYLE('',(#15644));
#15644 = SURFACE_STYLE_FILL_AREA(#15645);
#15645 = FILL_AREA_STYLE('',(#15646));
#15646 = FILL_AREA_STYLE_COLOUR('',#13820);
#15647 = STYLED_ITEM('color',(#15648),#1823);
#15648 = PRESENTATION_STYLE_ASSIGNMENT((#15649));
#15649 = SURFACE_STYLE_USAGE(.BOTH.,#15650);
#15650 = SURFACE_SIDE_STYLE('',(#15651));
#15651 = SURFACE_STYLE_FILL_AREA(#15652);
#15652 = FILL_AREA_STYLE('',(#15653));
#15653 = FILL_AREA_STYLE_COLOUR('',#13820);
#15654 = STYLED_ITEM('color',(#15655),#1848);
#15655 = PRESENTATION_STYLE_ASSIGNMENT((#15656));
#15656 = SURFACE_STYLE_USAGE(.BOTH.,#15657);
#15657 = SURFACE_SIDE_STYLE('',(#15658));
#15658 = SURFACE_STYLE_FILL_AREA(#15659);
#15659 = FILL_AREA_STYLE('',(#15660));
#15660 = FILL_AREA_STYLE_COLOUR('',#13820);
#15661 = STYLED_ITEM('color',(#15662),#1873);
#15662 = PRESENTATION_STYLE_ASSIGNMENT((#15663));
#15663 = SURFACE_STYLE_USAGE(.BOTH.,#15664);
#15664 = SURFACE_SIDE_STYLE('',(#15665));
#15665 = SURFACE_STYLE_FILL_AREA(#15666);
#15666 = FILL_AREA_STYLE('',(#15667));
#15667 = FILL_AREA_STYLE_COLOUR('',#13820);
#15668 = STYLED_ITEM('color',(#15669),#1897);
#15669 = PRESENTATION_STYLE_ASSIGNMENT((#15670));
#15670 = SURFACE_STYLE_USAGE(.BOTH.,#15671);
#15671 = SURFACE_SIDE_STYLE('',(#15672));
#15672 = SURFACE_STYLE_FILL_AREA(#15673);
#15673 = FILL_AREA_STYLE('',(#15674));
#15674 = FILL_AREA_STYLE_COLOUR('',#13820);
#15675 = STYLED_ITEM('color',(#15676),#1921);
#15676 = PRESENTATION_STYLE_ASSIGNMENT((#15677));
#15677 = SURFACE_STYLE_USAGE(.BOTH.,#15678);
#15678 = SURFACE_SIDE_STYLE('',(#15679));
#15679 = SURFACE_STYLE_FILL_AREA(#15680);
#15680 = FILL_AREA_STYLE('',(#15681));
#15681 = FILL_AREA_STYLE_COLOUR('',#13820);
#15682 = STYLED_ITEM('color',(#15683),#1946);
#15683 = PRESENTATION_STYLE_ASSIGNMENT((#15684));
#15684 = SURFACE_STYLE_USAGE(.BOTH.,#15685);
#15685 = SURFACE_SIDE_STYLE('',(#15686));
#15686 = SURFACE_STYLE_FILL_AREA(#15687);
#15687 = FILL_AREA_STYLE('',(#15688));
#15688 = FILL_AREA_STYLE_COLOUR('',#13820);
#15689 = STYLED_ITEM('color',(#15690),#1971);
#15690 = PRESENTATION_STYLE_ASSIGNMENT((#15691));
#15691 = SURFACE_STYLE_USAGE(.BOTH.,#15692);
#15692 = SURFACE_SIDE_STYLE('',(#15693));
#15693 = SURFACE_STYLE_FILL_AREA(#15694);
#15694 = FILL_AREA_STYLE('',(#15695));
#15695 = FILL_AREA_STYLE_COLOUR('',#13820);
#15696 = STYLED_ITEM('color',(#15697),#1988);
#15697 = PRESENTATION_STYLE_ASSIGNMENT((#15698));
#15698 = SURFACE_STYLE_USAGE(.BOTH.,#15699);
#15699 = SURFACE_SIDE_STYLE('',(#15700));
#15700 = SURFACE_STYLE_FILL_AREA(#15701);
#15701 = FILL_AREA_STYLE('',(#15702));
#15702 = FILL_AREA_STYLE_COLOUR('',#13820);
#15703 = MECHANICAL_DESIGN_GEOMETRIC_PRESENTATION_REPRESENTATION('',(
    #15704,#15711,#15718,#15725,#15732,#15739,#15746,#15753,#15760,
    #15767,#15774,#15781,#15788,#15795,#15802,#15809,#15816,#15823,
    #15830,#15837,#15844,#15851,#15858,#15865,#15872,#15879,#15886,
    #15893),#3825);
#15704 = STYLED_ITEM('color',(#15705),#2973);
#15705 = PRESENTATION_STYLE_ASSIGNMENT((#15706));
#15706 = SURFACE_STYLE_USAGE(.BOTH.,#15707);
#15707 = SURFACE_SIDE_STYLE('',(#15708));
#15708 = SURFACE_STYLE_FILL_AREA(#15709);
#15709 = FILL_AREA_STYLE('',(#15710));
#15710 = FILL_AREA_STYLE_COLOUR('',#13820);
#15711 = STYLED_ITEM('color',(#15712),#3049);
#15712 = PRESENTATION_STYLE_ASSIGNMENT((#15713));
#15713 = SURFACE_STYLE_USAGE(.BOTH.,#15714);
#15714 = SURFACE_SIDE_STYLE('',(#15715));
#15715 = SURFACE_STYLE_FILL_AREA(#15716);
#15716 = FILL_AREA_STYLE('',(#15717));
#15717 = FILL_AREA_STYLE_COLOUR('',#13820);
#15718 = STYLED_ITEM('color',(#15719),#3080);
#15719 = PRESENTATION_STYLE_ASSIGNMENT((#15720));
#15720 = SURFACE_STYLE_USAGE(.BOTH.,#15721);
#15721 = SURFACE_SIDE_STYLE('',(#15722));
#15722 = SURFACE_STYLE_FILL_AREA(#15723);
#15723 = FILL_AREA_STYLE('',(#15724));
#15724 = FILL_AREA_STYLE_COLOUR('',#13820);
#15725 = STYLED_ITEM('color',(#15726),#3105);
#15726 = PRESENTATION_STYLE_ASSIGNMENT((#15727));
#15727 = SURFACE_STYLE_USAGE(.BOTH.,#15728);
#15728 = SURFACE_SIDE_STYLE('',(#15729));
#15729 = SURFACE_STYLE_FILL_AREA(#15730);
#15730 = FILL_AREA_STYLE('',(#15731));
#15731 = FILL_AREA_STYLE_COLOUR('',#13820);
#15732 = STYLED_ITEM('color',(#15733),#3130);
#15733 = PRESENTATION_STYLE_ASSIGNMENT((#15734));
#15734 = SURFACE_STYLE_USAGE(.BOTH.,#15735);
#15735 = SURFACE_SIDE_STYLE('',(#15736));
#15736 = SURFACE_STYLE_FILL_AREA(#15737);
#15737 = FILL_AREA_STYLE('',(#15738));
#15738 = FILL_AREA_STYLE_COLOUR('',#13820);
#15739 = STYLED_ITEM('color',(#15740),#3154);
#15740 = PRESENTATION_STYLE_ASSIGNMENT((#15741));
#15741 = SURFACE_STYLE_USAGE(.BOTH.,#15742);
#15742 = SURFACE_SIDE_STYLE('',(#15743));
#15743 = SURFACE_STYLE_FILL_AREA(#15744);
#15744 = FILL_AREA_STYLE('',(#15745));
#15745 = FILL_AREA_STYLE_COLOUR('',#13820);
#15746 = STYLED_ITEM('color',(#15747),#3178);
#15747 = PRESENTATION_STYLE_ASSIGNMENT((#15748));
#15748 = SURFACE_STYLE_USAGE(.BOTH.,#15749);
#15749 = SURFACE_SIDE_STYLE('',(#15750));
#15750 = SURFACE_STYLE_FILL_AREA(#15751);
#15751 = FILL_AREA_STYLE('',(#15752));
#15752 = FILL_AREA_STYLE_COLOUR('',#13820);
#15753 = STYLED_ITEM('color',(#15754),#3203);
#15754 = PRESENTATION_STYLE_ASSIGNMENT((#15755));
#15755 = SURFACE_STYLE_USAGE(.BOTH.,#15756);
#15756 = SURFACE_SIDE_STYLE('',(#15757));
#15757 = SURFACE_STYLE_FILL_AREA(#15758);
#15758 = FILL_AREA_STYLE('',(#15759));
#15759 = FILL_AREA_STYLE_COLOUR('',#13820);
#15760 = STYLED_ITEM('color',(#15761),#3228);
#15761 = PRESENTATION_STYLE_ASSIGNMENT((#15762));
#15762 = SURFACE_STYLE_USAGE(.BOTH.,#15763);
#15763 = SURFACE_SIDE_STYLE('',(#15764));
#15764 = SURFACE_STYLE_FILL_AREA(#15765);
#15765 = FILL_AREA_STYLE('',(#15766));
#15766 = FILL_AREA_STYLE_COLOUR('',#13820);
#15767 = STYLED_ITEM('color',(#15768),#3245);
#15768 = PRESENTATION_STYLE_ASSIGNMENT((#15769));
#15769 = SURFACE_STYLE_USAGE(.BOTH.,#15770);
#15770 = SURFACE_SIDE_STYLE('',(#15771));
#15771 = SURFACE_STYLE_FILL_AREA(#15772);
#15772 = FILL_AREA_STYLE('',(#15773));
#15773 = FILL_AREA_STYLE_COLOUR('',#13820);
#15774 = STYLED_ITEM('color',(#15775),#3331);
#15775 = PRESENTATION_STYLE_ASSIGNMENT((#15776));
#15776 = SURFACE_STYLE_USAGE(.BOTH.,#15777);
#15777 = SURFACE_SIDE_STYLE('',(#15778));
#15778 = SURFACE_STYLE_FILL_AREA(#15779);
#15779 = FILL_AREA_STYLE('',(#15780));
#15780 = FILL_AREA_STYLE_COLOUR('',#13891);
#15781 = STYLED_ITEM('color',(#15782),#3363);
#15782 = PRESENTATION_STYLE_ASSIGNMENT((#15783));
#15783 = SURFACE_STYLE_USAGE(.BOTH.,#15784);
#15784 = SURFACE_SIDE_STYLE('',(#15785));
#15785 = SURFACE_STYLE_FILL_AREA(#15786);
#15786 = FILL_AREA_STYLE('',(#15787));
#15787 = FILL_AREA_STYLE_COLOUR('',#13891);
#15788 = STYLED_ITEM('color',(#15789),#3387);
#15789 = PRESENTATION_STYLE_ASSIGNMENT((#15790));
#15790 = SURFACE_STYLE_USAGE(.BOTH.,#15791);
#15791 = SURFACE_SIDE_STYLE('',(#15792));
#15792 = SURFACE_STYLE_FILL_AREA(#15793);
#15793 = FILL_AREA_STYLE('',(#15794));
#15794 = FILL_AREA_STYLE_COLOUR('',#13891);
#15795 = STYLED_ITEM('color',(#15796),#3412);
#15796 = PRESENTATION_STYLE_ASSIGNMENT((#15797));
#15797 = SURFACE_STYLE_USAGE(.BOTH.,#15798);
#15798 = SURFACE_SIDE_STYLE('',(#15799));
#15799 = SURFACE_STYLE_FILL_AREA(#15800);
#15800 = FILL_AREA_STYLE('',(#15801));
#15801 = FILL_AREA_STYLE_COLOUR('',#13891);
#15802 = STYLED_ITEM('color',(#15803),#3436);
#15803 = PRESENTATION_STYLE_ASSIGNMENT((#15804));
#15804 = SURFACE_STYLE_USAGE(.BOTH.,#15805);
#15805 = SURFACE_SIDE_STYLE('',(#15806));
#15806 = SURFACE_STYLE_FILL_AREA(#15807);
#15807 = FILL_AREA_STYLE('',(#15808));
#15808 = FILL_AREA_STYLE_COLOUR('',#13891);
#15809 = STYLED_ITEM('color',(#15810),#3461);
#15810 = PRESENTATION_STYLE_ASSIGNMENT((#15811));
#15811 = SURFACE_STYLE_USAGE(.BOTH.,#15812);
#15812 = SURFACE_SIDE_STYLE('',(#15813));
#15813 = SURFACE_STYLE_FILL_AREA(#15814);
#15814 = FILL_AREA_STYLE('',(#15815));
#15815 = FILL_AREA_STYLE_COLOUR('',#13891);
#15816 = STYLED_ITEM('color',(#15817),#3485);
#15817 = PRESENTATION_STYLE_ASSIGNMENT((#15818));
#15818 = SURFACE_STYLE_USAGE(.BOTH.,#15819);
#15819 = SURFACE_SIDE_STYLE('',(#15820));
#15820 = SURFACE_STYLE_FILL_AREA(#15821);
#15821 = FILL_AREA_STYLE('',(#15822));
#15822 = FILL_AREA_STYLE_COLOUR('',#13891);
#15823 = STYLED_ITEM('color',(#15824),#3510);
#15824 = PRESENTATION_STYLE_ASSIGNMENT((#15825));
#15825 = SURFACE_STYLE_USAGE(.BOTH.,#15826);
#15826 = SURFACE_SIDE_STYLE('',(#15827));
#15827 = SURFACE_STYLE_FILL_AREA(#15828);
#15828 = FILL_AREA_STYLE('',(#15829));
#15829 = FILL_AREA_STYLE_COLOUR('',#13891);
#15830 = STYLED_ITEM('color',(#15831),#3527);
#15831 = PRESENTATION_STYLE_ASSIGNMENT((#15832));
#15832 = SURFACE_STYLE_USAGE(.BOTH.,#15833);
#15833 = SURFACE_SIDE_STYLE('',(#15834));
#15834 = SURFACE_STYLE_FILL_AREA(#15835);
#15835 = FILL_AREA_STYLE('',(#15836));
#15836 = FILL_AREA_STYLE_COLOUR('',#13820);
#15837 = STYLED_ITEM('color',(#15838),#3613);
#15838 = PRESENTATION_STYLE_ASSIGNMENT((#15839));
#15839 = SURFACE_STYLE_USAGE(.BOTH.,#15840);
#15840 = SURFACE_SIDE_STYLE('',(#15841));
#15841 = SURFACE_STYLE_FILL_AREA(#15842);
#15842 = FILL_AREA_STYLE('',(#15843));
#15843 = FILL_AREA_STYLE_COLOUR('',#13820);
#15844 = STYLED_ITEM('color',(#15845),#3644);
#15845 = PRESENTATION_STYLE_ASSIGNMENT((#15846));
#15846 = SURFACE_STYLE_USAGE(.BOTH.,#15847);
#15847 = SURFACE_SIDE_STYLE('',(#15848));
#15848 = SURFACE_STYLE_FILL_AREA(#15849);
#15849 = FILL_AREA_STYLE('',(#15850));
#15850 = FILL_AREA_STYLE_COLOUR('',#13820);
#15851 = STYLED_ITEM('color',(#15852),#3669);
#15852 = PRESENTATION_STYLE_ASSIGNMENT((#15853));
#15853 = SURFACE_STYLE_USAGE(.BOTH.,#15854);
#15854 = SURFACE_SIDE_STYLE('',(#15855));
#15855 = SURFACE_STYLE_FILL_AREA(#15856);
#15856 = FILL_AREA_STYLE('',(#15857));
#15857 = FILL_AREA_STYLE_COLOUR('',#13820);
#15858 = STYLED_ITEM('color',(#15859),#3694);
#15859 = PRESENTATION_STYLE_ASSIGNMENT((#15860));
#15860 = SURFACE_STYLE_USAGE(.BOTH.,#15861);
#15861 = SURFACE_SIDE_STYLE('',(#15862));
#15862 = SURFACE_STYLE_FILL_AREA(#15863);
#15863 = FILL_AREA_STYLE('',(#15864));
#15864 = FILL_AREA_STYLE_COLOUR('',#13820);
#15865 = STYLED_ITEM('color',(#15866),#3718);
#15866 = PRESENTATION_STYLE_ASSIGNMENT((#15867));
#15867 = SURFACE_STYLE_USAGE(.BOTH.,#15868);
#15868 = SURFACE_SIDE_STYLE('',(#15869));
#15869 = SURFACE_STYLE_FILL_AREA(#15870);
#15870 = FILL_AREA_STYLE('',(#15871));
#15871 = FILL_AREA_STYLE_COLOUR('',#13820);
#15872 = STYLED_ITEM('color',(#15873),#3742);
#15873 = PRESENTATION_STYLE_ASSIGNMENT((#15874));
#15874 = SURFACE_STYLE_USAGE(.BOTH.,#15875);
#15875 = SURFACE_SIDE_STYLE('',(#15876));
#15876 = SURFACE_STYLE_FILL_AREA(#15877);
#15877 = FILL_AREA_STYLE('',(#15878));
#15878 = FILL_AREA_STYLE_COLOUR('',#13820);
#15879 = STYLED_ITEM('color',(#15880),#3767);
#15880 = PRESENTATION_STYLE_ASSIGNMENT((#15881));
#15881 = SURFACE_STYLE_USAGE(.BOTH.,#15882);
#15882 = SURFACE_SIDE_STYLE('',(#15883));
#15883 = SURFACE_STYLE_FILL_AREA(#15884);
#15884 = FILL_AREA_STYLE('',(#15885));
#15885 = FILL_AREA_STYLE_COLOUR('',#13820);
#15886 = STYLED_ITEM('color',(#15887),#3792);
#15887 = PRESENTATION_STYLE_ASSIGNMENT((#15888));
#15888 = SURFACE_STYLE_USAGE(.BOTH.,#15889);
#15889 = SURFACE_SIDE_STYLE('',(#15890));
#15890 = SURFACE_STYLE_FILL_AREA(#15891);
#15891 = FILL_AREA_STYLE('',(#15892));
#15892 = FILL_AREA_STYLE_COLOUR('',#13820);
#15893 = STYLED_ITEM('color',(#15894),#3809);
#15894 = PRESENTATION_STYLE_ASSIGNMENT((#15895));
#15895 = SURFACE_STYLE_USAGE(.BOTH.,#15896);
#15896 = SURFACE_SIDE_STYLE('',(#15897));
#15897 = SURFACE_STYLE_FILL_AREA(#15898);
#15898 = FILL_AREA_STYLE('',(#15899));
#15899 = FILL_AREA_STYLE_COLOUR('',#13820);
ENDSEC;
END-ISO-10303-21;
